cve,publicada,cvss,cvss_severidad,cvss_version,epss,epss_percentil,kev_fabricante,kev_producto,kev_fecha_agregada,kev_ransomware,explotada,cvss_banda,epss_alto,prioridad,riesgo_base,riesgo
CVE-2022-43803,2023-01-01,,,,0.0,0.0,,,,,False,Sin puntaje,False,4 - Seguimiento normal,0.0,0.0
CVE-2022-43816,2023-01-01,,,,0.0,0.0,,,,,False,Sin puntaje,False,4 - Seguimiento normal,0.0,0.0
CVE-2014-125037,2023-01-02,5.5,MEDIUM,3.1,0.00643,0.47103,,,,,False,Media,False,4 - Seguimiento normal,0.0354,0.0354
CVE-2022-4355,2023-01-02,7.2,HIGH,3.1,0.00874,0.55227,,,,,False,Alta,False,4 - Seguimiento normal,0.0629,0.0629
CVE-2022-32649,2023-01-03,6.7,MEDIUM,3.1,0.001,0.01,,,,,False,Media,False,4 - Seguimiento normal,0.0067,0.0067
CVE-2021-41985,2023-01-04,,,,0.0,0.0,,,,,False,Sin puntaje,False,4 - Seguimiento normal,0.0,0.0
CVE-2022-45052,2023-01-04,8.8,HIGH,3.1,0.00719,0.50086,,,,,False,Alta,False,4 - Seguimiento normal,0.0633,0.0633
CVE-2022-43525,2023-01-05,6.1,MEDIUM,3.1,0.00462,0.37546,,,,,False,Media,False,4 - Seguimiento normal,0.0282,0.0282
CVE-2016-15009,2023-01-05,3.5,LOW,3.1,0.00344,0.26954,,,,,False,Baja,False,4 - Seguimiento normal,0.012,0.012
CVE-2015-10013,2023-01-05,3.5,LOW,3.1,0.00638,0.46892,,,,,False,Baja,False,4 - Seguimiento normal,0.0223,0.0223
CVE-2014-125041,2023-01-05,5.5,MEDIUM,3.1,0.00658,0.47776,,,,,False,Media,False,4 - Seguimiento normal,0.0362,0.0362
CVE-2022-47543,2023-01-05,5.3,MEDIUM,3.1,0.00418,0.34277,,,,,False,Media,False,4 - Seguimiento normal,0.0222,0.0222
CVE-2020-7112,2023-01-06,,,,0.0,0.0,,,,,False,Sin puntaje,False,4 - Seguimiento normal,0.0,0.0
CVE-2014-125052,2023-01-06,5.5,MEDIUM,3.1,0.00643,0.47102,,,,,False,Media,False,4 - Seguimiento normal,0.0354,0.0354
CVE-2014-125053,2023-01-06,5.5,MEDIUM,3.1,0.00724,0.50249,,,,,False,Media,False,4 - Seguimiento normal,0.0398,0.0398
CVE-2014-125060,2023-01-07,7.3,HIGH,3.1,0.00951,0.57644,,,,,False,Alta,False,4 - Seguimiento normal,0.0694,0.0694
CVE-2022-33265,2023-01-09,7.3,HIGH,3.1,0.0036,0.28603,,,,,False,Alta,False,4 - Seguimiento normal,0.0263,0.0263
CVE-2022-36925,2023-01-09,4.4,MEDIUM,3.1,0.0012,0.02133,,,,,False,Media,False,4 - Seguimiento normal,0.0053,0.0053
CVE-2015-10035,2023-01-09,5.5,MEDIUM,3.1,0.00657,0.47709,,,,,False,Media,False,4 - Seguimiento normal,0.0361,0.0361
CVE-2022-43972,2023-01-09,6.5,MEDIUM,3.1,0.01313,0.67737,,,,,False,Media,False,4 - Seguimiento normal,0.0853,0.0853
CVE-2022-3416,2023-01-09,7.2,HIGH,3.1,0.17285,0.96786,,,,,False,Alta,True,2 - Explotación probable,1.2445,1.2445
CVE-2022-4491,2023-01-09,5.4,MEDIUM,3.1,0.00471,0.38128,,,,,False,Media,False,4 - Seguimiento normal,0.0254,0.0254
CVE-2022-46610,2023-01-10,8.8,HIGH,3.1,0.18087,0.96893,,,,,False,Alta,True,2 - Explotación probable,1.5917,1.5917
CVE-2022-4422,2023-01-10,9.8,CRITICAL,3.1,0.0062,0.46113,,,,,False,Crítica,False,3 - Grave pero sin explotación conocida,0.0608,0.0608
CVE-2022-4711,2023-01-10,4.3,MEDIUM,3.1,0.00688,0.48943,,,,,False,Media,False,4 - Seguimiento normal,0.0296,0.0296
CVE-2023-0138,2023-01-10,8.8,HIGH,3.1,0.007,0.49376,,,,,False,Alta,False,4 - Seguimiento normal,0.0616,0.0616
CVE-2023-21738,2023-01-10,7.8,HIGH,3.1,0.00696,0.49244,,,,,False,Alta,False,4 - Seguimiento normal,0.0543,0.0543
CVE-2023-22958,2023-01-11,6.1,MEDIUM,3.1,0.00448,0.36655,,,,,False,Media,False,4 - Seguimiento normal,0.0273,0.0273
CVE-2021-26396,2023-01-11,4.4,MEDIUM,3.1,0.00113,0.01658,,,,,False,Media,False,4 - Seguimiento normal,0.005,0.005
CVE-2022-4499,2023-01-11,7.5,HIGH,3.1,0.00709,0.49728,,,,,False,Alta,False,4 - Seguimiento normal,0.0532,0.0532
CVE-2022-41809,2023-01-11,,,,0.0,0.0,,,,,False,Sin puntaje,False,4 - Seguimiento normal,0.0,0.0
CVE-2017-16285,2023-01-11,9.9,CRITICAL,3.1,0.00673,0.48361,,,,,False,Crítica,False,3 - Grave pero sin explotación conocida,0.0666,0.0666
CVE-2017-16324,2023-01-11,9.9,CRITICAL,3.1,0.00853,0.54529,,,,,False,Crítica,False,3 - Grave pero sin explotación conocida,0.0844,0.0844
CVE-2017-16331,2023-01-11,9.9,CRITICAL,3.1,0.00853,0.54532,,,,,False,Crítica,False,3 - Grave pero sin explotación conocida,0.0844,0.0844
CVE-2022-4365,2023-01-12,5.5,MEDIUM,3.1,0.00711,0.4979,,,,,False,Media,False,4 - Seguimiento normal,0.0391,0.0391
CVE-2022-46370,2023-01-12,7.3,HIGH,3.1,0.00225,0.13259,,,,,False,Alta,False,4 - Seguimiento normal,0.0164,0.0164
CVE-2023-0247,2023-01-12,7.8,HIGH,3.1,0.00403,0.32914,,,,,False,Alta,False,4 - Seguimiento normal,0.0314,0.0314
CVE-2022-46472,2023-01-12,7.2,HIGH,3.1,0.00726,0.50367,,,,,False,Alta,False,4 - Seguimiento normal,0.0523,0.0523
CVE-2023-22407,2023-01-13,6.5,MEDIUM,3.1,0.00309,0.23172,,,,,False,Media,False,4 - Seguimiento normal,0.0201,0.0201
CVE-2022-3159,2023-01-13,7.8,HIGH,3.1,0.00472,0.38207,,,,,False,Alta,False,4 - Seguimiento normal,0.0368,0.0368
CVE-2022-42279,2023-01-13,7.2,HIGH,3.1,0.01075,0.61523,,,,,False,Alta,False,4 - Seguimiento normal,0.0774,0.0774
CVE-2023-21587,2023-01-13,7.8,HIGH,3.1,0.00412,0.33753,,,,,False,Alta,False,4 - Seguimiento normal,0.0321,0.0321
CVE-2021-36204,2023-01-13,7.8,HIGH,3.1,0.00418,0.34291,,,,,False,Alta,False,4 - Seguimiento normal,0.0326,0.0326
CVE-2022-45299,2023-01-13,9.8,CRITICAL,3.1,0.01349,0.68571,,,,,False,Crítica,False,3 - Grave pero sin explotación conocida,0.1322,0.1322
CVE-2023-0308,2023-01-15,5.4,MEDIUM,3.1,0.00487,0.39131,,,,,False,Media,False,4 - Seguimiento normal,0.0263,0.0263
CVE-2023-0314,2023-01-15,6.1,MEDIUM,3.1,0.00513,0.40704,,,,,False,Media,False,4 - Seguimiento normal,0.0313,0.0313
CVE-2022-43719,2023-01-16,8.8,HIGH,3.1,0.00567,0.4363,,,,,False,Alta,False,4 - Seguimiento normal,0.0499,0.0499
CVE-2022-4578,2023-01-16,5.4,MEDIUM,3.1,0.00471,0.38129,,,,,False,Media,False,4 - Seguimiento normal,0.0254,0.0254
CVE-2022-4655,2023-01-16,5.4,MEDIUM,3.1,0.00471,0.38115,,,,,False,Media,False,4 - Seguimiento normal,0.0254,0.0254
CVE-2023-22298,2023-01-17,6.1,MEDIUM,3.1,0.0091,0.5632,,,,,False,Media,False,4 - Seguimiento normal,0.0555,0.0555
CVE-2022-41860,2023-01-17,7.5,HIGH,3.1,0.01171,0.64164,,,,,False,Alta,False,4 - Seguimiento normal,0.0878,0.0878
CVE-2021-36647,2023-01-17,4.7,MEDIUM,3.1,0.00163,0.05912,,,,,False,Media,False,4 - Seguimiento normal,0.0077,0.0077
CVE-2022-46660,2023-01-18,7.5,HIGH,3.1,0.00556,0.43042,,,,,False,Alta,False,4 - Seguimiento normal,0.0417,0.0417
CVE-2023-21846,2023-01-18,8.8,HIGH,3.1,0.00631,0.4655,,,,,False,Alta,False,4 - Seguimiento normal,0.0555,0.0555
CVE-2022-34456,2023-01-18,8.8,HIGH,3.1,0.00833,0.5389,,,,,False,Alta,False,4 - Seguimiento normal,0.0733,0.0733
CVE-2022-47966,2023-01-18,9.8,CRITICAL,3.1,0.99753,0.99955,Zoho,ManageEngine,2023-01-23,Known,True,Crítica,True,1 - Explotada activamente,9.7758,10.0
CVE-2023-0242,2023-01-18,8.8,HIGH,3.1,0.00544,0.4239,,,,,False,Alta,False,4 - Seguimiento normal,0.0479,0.0479
CVE-2022-47194,2023-01-19,5.4,MEDIUM,3.1,0.00823,0.5358,,,,,False,Media,False,4 - Seguimiento normal,0.0444,0.0444
CVE-2023-23596,2023-01-20,8.8,HIGH,3.1,0.15198,0.964,,,,,False,Alta,True,2 - Explotación probable,1.3374,1.3374
CVE-2022-48121,2023-01-20,9.8,CRITICAL,3.1,0.01958,0.78208,,,,,False,Crítica,False,3 - Grave pero sin explotación conocida,0.1919,0.1919
CVE-2020-25502,2023-01-20,7.8,HIGH,3.1,0.00231,0.14112,,,,,False,Alta,False,4 - Seguimiento normal,0.018,0.018
CVE-2022-48281,2023-01-23,5.5,MEDIUM,3.1,0.00461,0.37515,,,,,False,Media,False,4 - Seguimiento normal,0.0254,0.0254
CVE-2022-3425,2023-01-23,7.2,HIGH,3.1,0.01046,0.60639,,,,,False,Alta,False,4 - Seguimiento normal,0.0753,0.0753
CVE-2023-22484,2023-01-23,3.5,LOW,3.1,0.00956,0.57786,,,,,False,Baja,False,4 - Seguimiento normal,0.0335,0.0335
CVE-2023-21795,2023-01-24,8.3,HIGH,3.1,0.00884,0.55491,,,,,False,Alta,False,4 - Seguimiento normal,0.0734,0.0734
CVE-2022-42393,2023-01-26,5.5,MEDIUM,3.1,0.00357,0.28317,,,,,False,Media,False,4 - Seguimiento normal,0.0196,0.0196
CVE-2022-42397,2023-01-26,5.5,MEDIUM,3.1,0.00357,0.28319,,,,,False,Media,False,4 - Seguimiento normal,0.0196,0.0196
CVE-2022-42398,2023-01-26,5.5,MEDIUM,3.1,0.00357,0.28318,,,,,False,Media,False,4 - Seguimiento normal,0.0196,0.0196
CVE-2022-42405,2023-01-26,7.8,HIGH,3.1,0.00364,0.29066,,,,,False,Alta,False,4 - Seguimiento normal,0.0284,0.0284
CVE-2022-42407,2023-01-26,5.5,MEDIUM,3.1,0.00366,0.29241,,,,,False,Media,False,4 - Seguimiento normal,0.0201,0.0201
CVE-2021-41989,2023-01-26,7.8,HIGH,3.1,0.003,0.2223,,,,,False,Alta,False,4 - Seguimiento normal,0.0234,0.0234
CVE-2022-20458,2023-01-26,5.5,MEDIUM,3.1,0.00123,0.02493,,,,,False,Media,False,4 - Seguimiento normal,0.0068,0.0068
CVE-2022-47767,2023-01-26,9.8,CRITICAL,3.1,0.01248,0.66233,,,,,False,Crítica,False,3 - Grave pero sin explotación conocida,0.1223,0.1223
CVE-2023-0513,2023-01-26,3.5,LOW,3.1,0.00714,0.49902,,,,,False,Baja,False,4 - Seguimiento normal,0.025,0.025
CVE-2023-24454,2023-01-26,5.5,MEDIUM,3.1,0.00203,0.10516,,,,,False,Media,False,4 - Seguimiento normal,0.0112,0.0112
CVE-2022-41016,2023-01-26,9.8,CRITICAL,3.1,0.01666,0.74308,,,,,False,Crítica,False,3 - Grave pero sin explotación conocida,0.1633,0.1633
CVE-2022-41021,2023-01-26,7.2,HIGH,3.1,0.01665,0.7429,,,,,False,Alta,False,4 - Seguimiento normal,0.1199,0.1199
CVE-2023-0530,2023-01-27,4.7,MEDIUM,3.1,0.00595,0.44911,,,,,False,Media,False,4 - Seguimiento normal,0.028,0.028
CVE-2023-0556,2023-01-27,9.8,CRITICAL,3.1,0.00952,0.57673,,,,,False,Crítica,False,3 - Grave pero sin explotación conocida,0.0933,0.0933
CVE-2023-0561,2023-01-28,6.3,MEDIUM,3.1,0.00717,0.50045,,,,,False,Media,False,4 - Seguimiento normal,0.0452,0.0452
CVE-2023-0570,2023-01-29,6.3,MEDIUM,3.1,0.00608,0.4549,,,,,False,Media,False,4 - Seguimiento normal,0.0383,0.0383
CVE-2022-32512,2023-01-30,5.3,MEDIUM,3.1,0.00263,0.18044,,,,,False,Media,False,4 - Seguimiento normal,0.0139,0.0139
CVE-2022-32522,2023-01-30,9.8,CRITICAL,3.1,0.01112,0.62594,,,,,False,Crítica,False,3 - Grave pero sin explotación conocida,0.109,0.109
CVE-2022-32526,2023-01-30,9.8,CRITICAL,3.1,0.01269,0.6677,,,,,False,Crítica,False,3 - Grave pero sin explotación conocida,0.1244,0.1244
CVE-2022-32748,2023-01-30,7.9,HIGH,3.1,0.00141,0.03862,,,,,False,Alta,False,4 - Seguimiento normal,0.0111,0.0111
CVE-2023-22900,2023-01-31,9.8,CRITICAL,3.1,0.01026,0.60029,,,,,False,Crítica,False,3 - Grave pero sin explotación conocida,0.1005,0.1005
CVE-2022-46835,2023-01-31,8.8,HIGH,3.1,0.00935,0.57109,,,,,False,Alta,False,4 - Seguimiento normal,0.0823,0.0823
CVE-2023-0607,2023-02-01,4.8,MEDIUM,3.1,0.00682,0.48726,,,,,False,Media,False,4 - Seguimiento normal,0.0327,0.0327
CVE-2022-45100,2023-02-01,8.1,HIGH,3.1,0.00505,0.40248,,,,,False,Alta,False,4 - Seguimiento normal,0.0409,0.0409
CVE-2022-45102,2023-02-01,5.4,MEDIUM,3.1,0.00474,0.38363,,,,,False,Media,False,4 - Seguimiento normal,0.0256,0.0256
CVE-2022-23453,2023-02-01,7.8,HIGH,3.1,0.00186,0.08493,,,,,False,Alta,False,4 - Seguimiento normal,0.0145,0.0145
CVE-2023-22284,2023-02-01,,,,0.0,0.0,,,,,False,Sin puntaje,False,4 - Seguimiento normal,0.0,0.0
CVE-2023-0642,2023-02-02,6.5,MEDIUM,3.1,0.00412,0.33786,,,,,False,Media,False,4 - Seguimiento normal,0.0268,0.0268
CVE-2023-0646,2023-02-02,6.3,MEDIUM,3.1,0.03158,0.86624,,,,,False,Media,False,4 - Seguimiento normal,0.199,0.199
CVE-2023-0649,2023-02-02,6.3,MEDIUM,3.1,0.03158,0.86625,,,,,False,Media,False,4 - Seguimiento normal,0.199,0.199
CVE-2022-48140,2023-02-02,5.4,MEDIUM,3.1,0.004,0.32669,,,,,False,Media,False,4 - Seguimiento normal,0.0216,0.0216
CVE-2021-37311,2023-02-03,7.5,HIGH,3.1,0.00927,0.56829,,,,,False,Alta,False,4 - Seguimiento normal,0.0695,0.0695
CVE-2022-45588,2023-02-03,7.8,HIGH,3.1,0.00185,0.08328,,,,,False,Alta,False,4 - Seguimiento normal,0.0144,0.0144
CVE-2015-10072,2023-02-04,3.5,LOW,3.1,0.00535,0.41936,,,,,False,Baja,False,4 - Seguimiento normal,0.0187,0.0187
CVE-2017-20176,2023-02-06,3.5,LOW,3.1,0.00523,0.41293,,,,,False,Baja,False,4 - Seguimiento normal,0.0183,0.0183
CVE-2023-0171,2023-02-06,5.4,MEDIUM,3.1,0.00562,0.43387,,,,,False,Media,False,4 - Seguimiento normal,0.0303,0.0303
CVE-2023-20609,2023-02-06,4.4,MEDIUM,3.1,0.00099,0.00968,,,,,False,Media,False,4 - Seguimiento normal,0.0044,0.0044
CVE-2023-20613,2023-02-06,6.7,MEDIUM,3.1,0.001,0.01042,,,,,False,Media,False,4 - Seguimiento normal,0.0067,0.0067
CVE-2022-41311,2023-02-07,5.4,MEDIUM,3.1,0.01028,0.60088,,,,,False,Media,False,4 - Seguimiento normal,0.0555,0.0555
CVE-2023-0696,2023-02-07,8.8,HIGH,3.1,0.00584,0.44406,,,,,False,Alta,False,4 - Seguimiento normal,0.0514,0.0514
CVE-2023-0741,2023-02-08,9.0,CRITICAL,3.1,0.00871,0.5512,,,,,False,Crítica,False,3 - Grave pero sin explotación conocida,0.0784,0.0784
CVE-2022-43761,2023-02-08,9.4,CRITICAL,3.1,0.00551,0.42788,,,,,False,Crítica,False,3 - Grave pero sin explotación conocida,0.0518,0.0518
CVE-2022-48301,2023-02-09,7.5,HIGH,3.1,0.00327,0.25162,,,,,False,Alta,False,4 - Seguimiento normal,0.0245,0.0245
CVE-2022-48302,2023-02-09,7.5,HIGH,3.1,0.00377,0.30329,,,,,False,Alta,False,4 - Seguimiento normal,0.0283,0.0283
CVE-2023-23912,2023-02-09,8.8,HIGH,3.1,0.0089,0.55664,,,,,False,Alta,False,4 - Seguimiento normal,0.0783,0.0783
CVE-2022-34384,2023-02-11,7.8,HIGH,3.1,0.00232,0.14204,,,,,False,Alta,False,4 - Seguimiento normal,0.0181,0.0181
CVE-2022-34385,2023-02-11,5.5,MEDIUM,3.1,0.00128,0.02813,,,,,False,Media,False,4 - Seguimiento normal,0.007,0.007
CVE-2022-25729,2023-02-12,9.8,CRITICAL,3.1,0.00443,0.36244,,,,,False,Crítica,False,3 - Grave pero sin explotación conocida,0.0434,0.0434
CVE-2022-25733,2023-02-12,7.5,HIGH,3.1,0.00406,0.33265,,,,,False,Alta,False,4 - Seguimiento normal,0.0305,0.0305
CVE-2022-47354,2023-02-12,5.5,MEDIUM,3.1,0.00081,0.00255,,,,,False,Media,False,4 - Seguimiento normal,0.0045,0.0045
CVE-2022-47358,2023-02-12,5.5,MEDIUM,3.1,0.00087,0.00449,,,,,False,Media,False,4 - Seguimiento normal,0.0048,0.0048
CVE-2023-20076,2023-02-12,7.2,HIGH,3.1,0.01506,0.71709,,,,,False,Alta,False,4 - Seguimiento normal,0.1084,0.1084
CVE-2023-22360,2023-02-13,7.8,HIGH,3.1,0.00292,0.21416,,,,,False,Alta,False,4 - Seguimiento normal,0.0228,0.0228
CVE-2022-4458,2023-02-13,5.4,MEDIUM,3.1,0.00477,0.38526,,,,,False,Media,False,4 - Seguimiento normal,0.0258,0.0258
CVE-2023-0255,2023-02-13,8.8,HIGH,3.1,0.01096,0.62157,,,,,False,Alta,False,4 - Seguimiento normal,0.0964,0.0964
CVE-2023-25161,2023-02-13,3.7,LOW,3.1,0.00729,0.5044,,,,,False,Baja,False,4 - Seguimiento normal,0.027,0.027
CVE-2023-25162,2023-02-13,5.3,MEDIUM,3.1,0.00816,0.53373,,,,,False,Media,False,4 - Seguimiento normal,0.0432,0.0432
CVE-2023-24994,2023-02-14,7.8,HIGH,3.1,0.00226,0.13419,,,,,False,Alta,False,4 - Seguimiento normal,0.0176,0.0176
CVE-2023-22938,2023-02-14,4.3,MEDIUM,3.1,0.00359,0.28475,,,,,False,Media,False,4 - Seguimiento normal,0.0154,0.0154
CVE-2023-21707,2023-02-14,8.8,HIGH,3.1,0.8202,0.99619,,,,,False,Alta,True,2 - Explotación probable,7.2178,7.2178
CVE-2023-21713,2023-02-14,8.8,HIGH,3.1,0.01755,0.75591,,,,,False,Alta,False,4 - Seguimiento normal,0.1544,0.1544
CVE-2023-21801,2023-02-14,7.8,HIGH,3.1,0.00406,0.3326,,,,,False,Alta,False,4 - Seguimiento normal,0.0317,0.0317
CVE-2023-20949,2023-02-15,5.5,MEDIUM,3.1,0.00091,0.00587,,,,,False,Media,False,4 - Seguimiento normal,0.005,0.005
CVE-2022-47503,2023-02-15,7.2,HIGH,3.1,0.24439,0.97644,,,,,False,Alta,True,2 - Explotación probable,1.7596,1.7596
CVE-2022-38867,2023-02-15,8.8,HIGH,3.1,0.00894,0.55805,,,,,False,Alta,False,4 - Seguimiento normal,0.0787,0.0787
CVE-2022-30539,2023-02-16,7.5,HIGH,3.1,0.00211,0.11517,,,,,False,Alta,False,4 - Seguimiento normal,0.0158,0.0158
CVE-2021-33950,2023-02-17,7.5,HIGH,3.1,0.00704,0.49536,,,,,False,Alta,False,4 - Seguimiento normal,0.0528,0.0528
CVE-2022-34351,2023-02-17,5.9,MEDIUM,3.1,0.00388,0.31451,,,,,False,Media,False,4 - Seguimiento normal,0.0229,0.0229
CVE-2023-21575,2023-02-17,7.8,HIGH,3.1,0.00302,0.22454,,,,,False,Alta,False,4 - Seguimiento normal,0.0236,0.0236
CVE-2023-21593,2023-02-17,5.5,MEDIUM,3.1,0.00329,0.25305,,,,,False,Media,False,4 - Seguimiento normal,0.0181,0.0181
CVE-2023-22232,2023-02-17,5.3,MEDIUM,3.1,0.81875,0.99614,,,,,False,Media,True,2 - Explotación probable,4.3394,4.3394
CVE-2023-0912,2023-02-18,4.7,MEDIUM,3.1,0.01635,0.73848,,,,,False,Media,False,4 - Seguimiento normal,0.0768,0.0768
CVE-2022-48320,2023-02-20,5.4,MEDIUM,3.1,0.00229,0.13884,,,,,False,Media,False,4 - Seguimiento normal,0.0124,0.0124
CVE-2022-4750,2023-02-21,5.4,MEDIUM,3.1,0.00471,0.38125,,,,,False,Media,False,4 - Seguimiento normal,0.0254,0.0254
CVE-2022-4785,2023-02-21,5.4,MEDIUM,3.1,0.00471,0.38111,,,,,False,Media,False,4 - Seguimiento normal,0.0254,0.0254
CVE-2023-0540,2023-02-21,5.4,MEDIUM,3.1,0.00457,0.37257,,,,,False,Media,False,4 - Seguimiento normal,0.0247,0.0247
CVE-2023-0936,2023-02-21,6.5,MEDIUM,3.1,0.00927,0.56827,,,,,False,Media,False,4 - Seguimiento normal,0.0603,0.0603
CVE-2021-23943,2023-02-21,,,,0.0,0.0,,,,,False,Sin puntaje,False,4 - Seguimiento normal,0.0,0.0
CVE-2017-1002,2023-02-22,,,,0.0,0.0,,,,,False,Sin puntaje,False,4 - Seguimiento normal,0.0,0.0
CVE-2017-1021,2023-02-22,,,,0.0,0.0,,,,,False,Sin puntaje,False,4 - Seguimiento normal,0.0,0.0
CVE-2017-1061,2023-02-22,,,,0.0,0.0,,,,,False,Sin puntaje,False,4 - Seguimiento normal,0.0,0.0
CVE-2023-25692,2023-02-24,7.5,HIGH,3.1,0.01826,0.76571,,,,,False,Alta,False,4 - Seguimiento normal,0.1369,0.1369
CVE-2023-25696,2023-02-24,9.8,CRITICAL,3.1,0.01982,0.7847,,,,,False,Crítica,False,3 - Grave pero sin explotación conocida,0.1942,0.1942
CVE-2021-34248,2023-02-24,,,,0.0,0.0,,,,,False,Sin puntaje,False,4 - Seguimiento normal,0.0,0.0
CVE-2023-1033,2023-02-25,8.8,HIGH,3.1,0.00324,0.24773,,,,,False,Alta,False,4 - Seguimiento normal,0.0285,0.0285
CVE-2023-1044,2023-02-26,4.3,MEDIUM,3.1,0.01117,0.62709,,,,,False,Media,False,4 - Seguimiento normal,0.048,0.048
CVE-2023-1063,2023-02-27,6.3,MEDIUM,3.1,0.00728,0.50418,,,,,False,Media,False,4 - Seguimiento normal,0.0459,0.0459
CVE-2022-34910,2023-02-27,4.1,MEDIUM,3.1,0.00127,0.02749,,,,,False,Media,False,4 - Seguimiento normal,0.0052,0.0052
CVE-2023-25233,2023-02-27,9.8,CRITICAL,3.1,0.00966,0.58069,,,,,False,Crítica,False,3 - Grave pero sin explotación conocida,0.0947,0.0947
CVE-2018-18176,2023-02-27,,,,0.0,0.0,,,,,False,Sin puntaje,False,4 - Seguimiento normal,0.0,0.0
CVE-2018-18183,2023-02-27,,,,0.0,0.0,,,,,False,Sin puntaje,False,4 - Seguimiento normal,0.0,0.0
CVE-2023-23504,2023-02-27,7.8,HIGH,3.1,0.00339,0.26348,,,,,False,Alta,False,4 - Seguimiento normal,0.0264,0.0264
CVE-2023-23507,2023-02-27,7.8,HIGH,3.1,0.00237,0.14824,,,,,False,Alta,False,4 - Seguimiento normal,0.0185,0.0185
CVE-2022-20455,2023-02-28,5.5,MEDIUM,3.1,0.00119,0.02094,,,,,False,Media,False,4 - Seguimiento normal,0.0065,0.0065
CVE-2023-0339,2023-02-28,9.1,CRITICAL,3.1,0.00973,0.58394,,,,,False,Crítica,False,3 - Grave pero sin explotación conocida,0.0885,0.0885
CVE-2019-14644,2023-02-28,,,,0.0,0.0,,,,,False,Sin puntaje,False,4 - Seguimiento normal,0.0,0.0
CVE-2022-27672,2023-03-01,4.7,MEDIUM,3.1,0.00289,0.21107,,,,,False,Media,False,4 - Seguimiento normal,0.0136,0.0136
CVE-2022-42296,2023-03-01,,,,0.0,0.0,,,,,False,Sin puntaje,False,4 - Seguimiento normal,0.0,0.0
CVE-2023-0951,2023-03-01,8.8,HIGH,3.1,0.00997,0.59096,,,,,False,Alta,False,4 - Seguimiento normal,0.0877,0.0877
CVE-2023-22756,2023-03-01,8.1,HIGH,3.1,0.01073,0.61446,,,,,False,Alta,False,4 - Seguimiento normal,0.0869,0.0869
CVE-2022-3162,2023-03-01,6.5,MEDIUM,3.1,0.01191,0.64742,,,,,False,Media,False,4 - Seguimiento normal,0.0774,0.0774
CVE-2023-26780,2023-03-02,9.8,CRITICAL,3.1,0.0078,0.52163,,,,,False,Crítica,False,3 - Grave pero sin explotación conocida,0.0764,0.0764
CVE-2023-26479,2023-03-02,6.5,MEDIUM,3.1,0.01083,0.61725,,,,,False,Media,False,4 - Seguimiento normal,0.0704,0.0704
CVE-2018-3680,2023-03-03,,,,0.0,0.0,,,,,False,Sin puntaje,False,4 - Seguimiento normal,0.0,0.0
CVE-2023-24642,2023-03-03,9.8,CRITICAL,3.1,0.00832,0.53863,,,,,False,Crítica,False,3 - Grave pero sin explotación conocida,0.0815,0.0815
CVE-2023-26213,2023-03-03,7.2,HIGH,3.1,0.07878,0.94086,,,,,False,Alta,False,4 - Seguimiento normal,0.5672,0.5672
CVE-2023-0734,2023-03-05,5.3,MEDIUM,3.1,0.00498,0.39803,,,,,False,Media,False,4 - Seguimiento normal,0.0264,0.0264
CVE-2022-48364,2023-03-06,4.3,MEDIUM,3.1,0.00685,0.48827,,,,,False,Media,False,4 - Seguimiento normal,0.0295,0.0295
CVE-2023-24735,2023-03-06,6.1,MEDIUM,3.1,0.0108,0.61627,,,,,False,Media,False,4 - Seguimiento normal,0.0659,0.0659
CVE-2023-20633,2023-03-07,6.7,MEDIUM,3.1,0.00093,0.0067,,,,,False,Media,False,4 - Seguimiento normal,0.0062,0.0062
CVE-2022-21224,2023-03-07,,,,0.0,0.0,,,,,False,Sin puntaje,False,4 - Seguimiento normal,0.0,0.0
CVE-2023-26950,2023-03-08,5.4,MEDIUM,3.1,0.00384,0.31007,,,,,False,Media,False,4 - Seguimiento normal,0.0207,0.0207
CVE-2022-46752,2023-03-08,4.6,MEDIUM,3.1,0.00287,0.20949,,,,,False,Media,False,4 - Seguimiento normal,0.0132,0.0132
CVE-2023-1317,2023-03-10,5.4,MEDIUM,3.1,0.01015,0.59687,,,,,False,Media,False,4 - Seguimiento normal,0.0548,0.0548
CVE-2023-27852,2023-03-10,9.8,CRITICAL,3.1,0.00813,0.53244,,,,,False,Crítica,False,3 - Grave pero sin explotación conocida,0.0797,0.0797
CVE-2022-25709,2023-03-10,8.4,HIGH,3.1,0.00123,0.02462,,,,,False,Alta,False,4 - Seguimiento normal,0.0103,0.0103
CVE-2022-47459,2023-03-10,5.5,MEDIUM,3.1,0.00088,0.00494,,,,,False,Media,False,4 - Seguimiento normal,0.0048,0.0048
CVE-2022-47462,2023-03-10,6.7,MEDIUM,3.1,0.00096,0.00815,,,,,False,Media,False,4 - Seguimiento normal,0.0064,0.0064
CVE-2022-47477,2023-03-10,5.5,MEDIUM,3.1,0.00089,0.00512,,,,,False,Media,False,4 - Seguimiento normal,0.0049,0.0049
CVE-2022-47484,2023-03-10,5.5,MEDIUM,3.1,0.00087,0.00459,,,,,False,Media,False,4 - Seguimiento normal,0.0048,0.0048
CVE-2023-23326,2023-03-10,5.4,MEDIUM,3.1,0.00487,0.39164,,,,,False,Media,False,4 - Seguimiento normal,0.0263,0.0263
CVE-2023-1351,2023-03-11,6.3,MEDIUM,3.1,0.00808,0.53117,,,,,False,Media,False,4 - Seguimiento normal,0.0509,0.0509
CVE-2023-27061,2023-03-13,9.8,CRITICAL,3.1,0.0102,0.59818,,,,,False,Crítica,False,3 - Grave pero sin explotación conocida,0.1,0.1
CVE-2023-0347,2023-03-13,7.5,HIGH,3.1,0.00517,0.40952,,,,,False,Alta,False,4 - Seguimiento normal,0.0388,0.0388
CVE-2023-0349,2023-03-13,7.5,HIGH,3.1,0.00571,0.43794,,,,,False,Alta,False,4 - Seguimiento normal,0.0428,0.0428
CVE-2023-26460,2023-03-14,5.3,MEDIUM,3.1,0.00476,0.38489,,,,,False,Media,False,4 - Seguimiento normal,0.0252,0.0252
CVE-2023-26461,2023-03-14,6.8,MEDIUM,3.1,0.00517,0.40957,,,,,False,Media,False,4 - Seguimiento normal,0.0352,0.0352
CVE-2023-27398,2023-03-14,7.8,HIGH,3.1,0.00223,0.13036,,,,,False,Alta,False,4 - Seguimiento normal,0.0174,0.0174
CVE-2023-23406,2023-03-14,8.8,HIGH,3.1,0.01289,0.67234,,,,,False,Alta,False,4 - Seguimiento normal,0.1134,0.1134
CVE-2023-23422,2023-03-14,7.8,HIGH,3.1,0.00596,0.44949,,,,,False,Alta,False,4 - Seguimiento normal,0.0465,0.0465
CVE-2023-24872,2023-03-14,8.8,HIGH,3.1,0.01289,0.67232,,,,,False,Alta,False,4 - Seguimiento normal,0.1134,0.1134
CVE-2023-24876,2023-03-14,8.8,HIGH,3.1,0.01401,0.69692,,,,,False,Alta,False,4 - Seguimiento normal,0.1233,0.1233
CVE-2023-24880,2023-03-14,4.4,MEDIUM,3.1,0.78152,0.9953,Microsoft,Windows,2023-03-14,Known,True,Media,True,1 - Explotada activamente,3.4387,10.0
CVE-2023-24891,2023-03-14,5.4,MEDIUM,3.1,0.00609,0.45547,,,,,False,Media,False,4 - Seguimiento normal,0.0329,0.0329
CVE-2023-28339,2023-03-14,8.8,HIGH,3.1,0.00642,0.47044,,,,,False,Alta,False,4 - Seguimiento normal,0.0565,0.0565
CVE-2023-24726,2023-03-15,9.8,CRITICAL,3.1,0.01125,0.62939,,,,,False,Crítica,False,3 - Grave pero sin explotación conocida,0.1103,0.1103
CVE-2023-28097,2023-03-15,7.5,HIGH,3.1,0.00969,0.5822,,,,,False,Alta,False,4 - Seguimiento normal,0.0727,0.0727
CVE-2022-38063,2023-03-16,5.4,MEDIUM,3.1,0.00255,0.17115,,,,,False,Media,False,4 - Seguimiento normal,0.0138,0.0138
CVE-2022-34412,2023-03-16,7.5,HIGH,3.1,0.00208,0.111,,,,,False,Alta,False,4 - Seguimiento normal,0.0156,0.0156
CVE-2022-26080,2023-03-16,6.3,MEDIUM,3.1,0.00427,0.34988,,,,,False,Media,False,4 - Seguimiento normal,0.0269,0.0269
CVE-2022-43441,2023-03-16,8.1,HIGH,3.1,0.02356,0.81974,,,,,False,Alta,False,4 - Seguimiento normal,0.1908,0.1908
CVE-2023-21452,2023-03-16,3.3,LOW,3.1,0.0015,0.04694,,,,,False,Baja,False,4 - Seguimiento normal,0.0049,0.0049
CVE-2023-27494,2023-03-16,5.9,MEDIUM,3.1,0.00407,0.33336,,,,,False,Media,False,4 - Seguimiento normal,0.024,0.024
CVE-2023-1469,2023-03-17,4.4,MEDIUM,3.1,0.00352,0.27759,,,,,False,Media,False,4 - Seguimiento normal,0.0155,0.0155
CVE-2023-1485,2023-03-18,3.5,LOW,3.1,0.00549,0.42679,,,,,False,Baja,False,4 - Seguimiento normal,0.0192,0.0192
CVE-2023-22678,2023-03-20,5.4,MEDIUM,3.1,0.00264,0.18099,,,,,False,Media,False,4 - Seguimiento normal,0.0143,0.0143
CVE-2023-1538,2023-03-21,5.3,MEDIUM,3.1,0.00639,0.46927,,,,,False,Media,False,4 - Seguimiento normal,0.0339,0.0339
CVE-2022-42334,2023-03-21,6.5,MEDIUM,3.1,0.00267,0.18704,,,,,False,Media,False,4 - Seguimiento normal,0.0174,0.0174
CVE-2023-27855,2023-03-22,9.8,CRITICAL,3.1,0.13451,0.96032,,,,,False,Crítica,True,2 - Explotación probable,1.3182,1.3182
CVE-2023-25589,2023-03-22,9.8,CRITICAL,3.1,0.00961,0.57896,,,,,False,Crítica,False,3 - Grave pero sin explotación conocida,0.0942,0.0942
CVE-2023-28685,2023-03-22,7.1,HIGH,3.1,0.00602,0.45251,,,,,False,Alta,False,4 - Seguimiento normal,0.0427,0.0427
CVE-2020-0579,2023-03-22,,,,0.0,0.0,,,,,False,Sin puntaje,False,4 - Seguimiento normal,0.0,0.0
CVE-2020-12342,2023-03-22,,,,0.0,0.0,,,,,False,Sin puntaje,False,4 - Seguimiento normal,0.0,0.0
CVE-2020-24508,2023-03-22,,,,0.0,0.0,,,,,False,Sin puntaje,False,4 - Seguimiento normal,0.0,0.0
CVE-2023-0386,2023-03-22,7.8,HIGH,3.1,0.0788,0.94094,Linux,Kernel,2025-06-17,Unknown,True,Alta,False,1 - Explotada activamente,0.6146,10.0
CVE-2023-1606,2023-03-23,6.3,MEDIUM,3.1,0.00891,0.55701,,,,,False,Media,False,4 - Seguimiento normal,0.0561,0.0561
CVE-2023-27242,2023-03-24,5.4,MEDIUM,3.1,0.00427,0.35009,,,,,False,Media,False,4 - Seguimiento normal,0.0231,0.0231
CVE-2021-43317,2023-03-24,7.5,HIGH,3.1,0.00817,0.53401,,,,,False,Alta,False,4 - Seguimiento normal,0.0613,0.0613
CVE-2023-20976,2023-03-24,7.3,HIGH,3.1,0.00102,0.01106,,,,,False,Alta,False,4 - Seguimiento normal,0.0074,0.0074
CVE-2023-20984,2023-03-24,4.4,MEDIUM,3.1,0.00093,0.00692,,,,,False,Media,False,4 - Seguimiento normal,0.0041,0.0041
CVE-2023-20996,2023-03-24,5.5,MEDIUM,3.1,0.00092,0.00624,,,,,False,Media,False,4 - Seguimiento normal,0.0051,0.0051
CVE-2023-21036,2023-03-24,5.5,MEDIUM,3.1,0.00499,0.39845,,,,,False,Media,False,4 - Seguimiento normal,0.0274,0.0274
CVE-2022-45597,2023-03-24,9.8,CRITICAL,3.1,0.00465,0.37766,,,,,False,Crítica,False,3 - Grave pero sin explotación conocida,0.0456,0.0456
CVE-2023-1647,2023-03-27,8.8,HIGH,3.1,0.00842,0.54118,,,,,False,Alta,False,4 - Seguimiento normal,0.0741,0.0741
CVE-2023-0495,2023-03-27,4.3,MEDIUM,3.1,0.00262,0.17856,,,,,False,Media,False,4 - Seguimiento normal,0.0113,0.0113
CVE-2023-22251,2023-03-27,4.3,MEDIUM,3.1,0.00563,0.43435,,,,,False,Media,False,4 - Seguimiento normal,0.0242,0.0242
CVE-2023-25261,2023-03-27,9.8,CRITICAL,3.1,0.01887,0.77363,,,,,False,Crítica,False,3 - Grave pero sin explotación conocida,0.1849,0.1849
CVE-2022-40564,2023-03-27,,,,0.0,0.0,,,,,False,Sin puntaje,False,4 - Seguimiento normal,0.0,0.0
CVE-2022-48355,2023-03-27,6.5,MEDIUM,3.1,0.00233,0.14339,,,,,False,Media,False,4 - Seguimiento normal,0.0151,0.0151
CVE-2023-25888,2023-03-28,7.8,HIGH,3.1,0.00353,0.27872,,,,,False,Alta,False,4 - Seguimiento normal,0.0275,0.0275
CVE-2023-25897,2023-03-28,7.8,HIGH,3.1,0.00421,0.34531,,,,,False,Alta,False,4 - Seguimiento normal,0.0328,0.0328
CVE-2023-23355,2023-03-29,6.6,MEDIUM,3.1,0.01226,0.65694,,,,,False,Media,False,4 - Seguimiento normal,0.0809,0.0809
CVE-2022-27641,2023-03-29,8.8,HIGH,3.1,0.01244,0.66162,,,,,False,Alta,False,4 - Seguimiento normal,0.1095,0.1095
CVE-2022-28303,2023-03-29,7.8,HIGH,3.1,0.00951,0.57645,,,,,False,Alta,False,4 - Seguimiento normal,0.0742,0.0742
CVE-2022-37371,2023-03-29,7.8,HIGH,3.1,0.0077,0.51867,,,,,False,Alta,False,4 - Seguimiento normal,0.0601,0.0601
CVE-2022-42433,2023-03-29,8.0,HIGH,3.1,0.00603,0.45289,,,,,False,Alta,False,4 - Seguimiento normal,0.0482,0.0482
CVE-2022-44369,2023-03-29,5.5,MEDIUM,3.1,0.00311,0.23373,,,,,False,Media,False,4 - Seguimiento normal,0.0171,0.0171
CVE-2023-22705,2023-03-29,7.1,HIGH,3.1,0.00431,0.35272,,,,,False,Alta,False,4 - Seguimiento normal,0.0306,0.0306
CVE-2023-1760,2023-03-31,4.8,MEDIUM,3.1,0.00532,0.4178,,,,,False,Media,False,4 - Seguimiento normal,0.0255,0.0255
CVE-2022-47192,2023-03-31,8.8,HIGH,3.1,0.01301,0.67484,,,,,False,Alta,False,4 - Seguimiento normal,0.1145,0.1145
CVE-2023-0180,2023-04-01,7.1,HIGH,3.1,0.00248,0.16197,,,,,False,Alta,False,4 - Seguimiento normal,0.0176,0.0176
CVE-2023-28684,2023-04-02,6.5,MEDIUM,3.1,0.00715,0.49946,,,,,False,Media,False,4 - Seguimiento normal,0.0465,0.0465
CVE-2023-28848,2023-04-04,4.8,MEDIUM,3.1,0.00333,0.25737,,,,,False,Media,False,4 - Seguimiento normal,0.016,0.016
CVE-2023-27734,2023-04-04,5.5,MEDIUM,3.1,0.00193,0.09229,,,,,False,Media,False,4 - Seguimiento normal,0.0106,0.0106
CVE-2023-27487,2023-04-04,8.2,HIGH,3.1,0.00636,0.4677,,,,,False,Alta,False,4 - Seguimiento normal,0.0522,0.0522
CVE-2023-1857,2023-04-05,2.4,LOW,3.1,0.00611,0.45671,,,,,False,Baja,False,4 - Seguimiento normal,0.0147,0.0147
CVE-2023-1867,2023-04-05,5.4,MEDIUM,3.1,0.00302,0.22479,,,,,False,Media,False,4 - Seguimiento normal,0.0163,0.0163
CVE-2023-22660,2023-04-05,7.0,HIGH,3.1,0.00537,0.42047,,,,,False,Alta,False,4 - Seguimiento normal,0.0376,0.0376
CVE-2023-28633,2023-04-05,3.5,LOW,3.1,0.00482,0.38841,,,,,False,Baja,False,4 - Seguimiento normal,0.0169,0.0169
CVE-2023-20117,2023-04-05,7.2,HIGH,3.1,0.28347,0.97922,,,,,False,Alta,True,2 - Explotación probable,2.041,2.041
CVE-2023-20142,2023-04-05,6.1,MEDIUM,3.1,0.00433,0.35458,,,,,False,Media,False,4 - Seguimiento normal,0.0264,0.0264
CVE-2023-1167,2023-04-05,5.3,MEDIUM,3.1,0.00563,0.43448,,,,,False,Media,False,4 - Seguimiento normal,0.0298,0.0298
CVE-2023-23979,2023-04-06,7.1,HIGH,3.1,0.00406,0.3322,,,,,False,Alta,False,4 - Seguimiento normal,0.0288,0.0288
CVE-2023-24403,2023-04-06,4.7,MEDIUM,3.1,0.00392,0.31828,,,,,False,Media,False,4 - Seguimiento normal,0.0184,0.0184
CVE-2023-20657,2023-04-06,6.7,MEDIUM,3.1,0.00093,0.00665,,,,,False,Media,False,4 - Seguimiento normal,0.0062,0.0062
CVE-2023-20670,2023-04-06,6.7,MEDIUM,3.1,0.00095,0.00767,,,,,False,Media,False,4 - Seguimiento normal,0.0064,0.0064
CVE-2023-20677,2023-04-06,4.4,MEDIUM,3.1,0.00093,0.00689,,,,,False,Media,False,4 - Seguimiento normal,0.0041,0.0041
CVE-2023-25020,2023-04-07,7.1,HIGH,3.1,0.00406,0.33225,,,,,False,Alta,False,4 - Seguimiento normal,0.0288,0.0288
CVE-2023-29236,2023-04-07,7.1,HIGH,3.1,0.00382,0.30843,,,,,False,Alta,False,4 - Seguimiento normal,0.0271,0.0271
CVE-2023-27620,2023-04-07,6.5,MEDIUM,3.1,0.00478,0.38597,,,,,False,Media,False,4 - Seguimiento normal,0.0311,0.0311
CVE-2023-1957,2023-04-08,6.3,MEDIUM,3.1,0.00717,0.50043,,,,,False,Media,False,4 - Seguimiento normal,0.0452,0.0452
CVE-2023-27729,2023-04-09,7.5,HIGH,3.1,0.00659,0.47804,,,,,False,Alta,False,4 - Seguimiento normal,0.0494,0.0494
CVE-2023-25755,2023-04-11,7.8,HIGH,3.1,0.00219,0.12507,,,,,False,Alta,False,4 - Seguimiento normal,0.0171,0.0171
CVE-2023-26588,2023-04-11,7.5,HIGH,3.1,0.00575,0.43986,,,,,False,Alta,False,4 - Seguimiento normal,0.0431,0.0431
CVE-2023-27520,2023-04-11,6.5,MEDIUM,3.1,0.00314,0.23742,,,,,False,Media,False,4 - Seguimiento normal,0.0204,0.0204
CVE-2023-28489,2023-04-11,9.8,CRITICAL,3.1,0.02836,0.85169,,,,,False,Crítica,False,3 - Grave pero sin explotación conocida,0.2779,0.2779
CVE-2023-27645,2023-04-11,9.8,CRITICAL,3.1,0.01455,0.70738,,,,,False,Crítica,False,3 - Grave pero sin explotación conocida,0.1426,0.1426
CVE-2023-28222,2023-04-11,7.1,HIGH,3.1,0.00678,0.48545,,,,,False,Alta,False,4 - Seguimiento normal,0.0481,0.0481
CVE-2023-28301,2023-04-11,3.7,LOW,3.1,0.00873,0.55192,,,,,False,Baja,False,4 - Seguimiento normal,0.0323,0.0323
CVE-2023-23591,2023-04-12,4.9,MEDIUM,3.1,0.00555,0.42993,,,,,False,Media,False,4 - Seguimiento normal,0.0272,0.0272
CVE-2023-26405,2023-04-12,7.8,HIGH,3.1,0.04305,0.90127,,,,,False,Alta,False,4 - Seguimiento normal,0.3358,0.3358
CVE-2023-26420,2023-04-12,7.8,HIGH,3.1,0.0271,0.84428,,,,,False,Alta,False,4 - Seguimiento normal,0.2114,0.2114
CVE-2022-25726,2023-04-13,8.2,HIGH,3.1,0.00354,0.27991,,,,,False,Alta,False,4 - Seguimiento normal,0.029,0.029
CVE-2023-26409,2023-04-13,7.8,HIGH,3.1,0.00345,0.27091,,,,,False,Alta,False,4 - Seguimiento normal,0.0269,0.0269
CVE-2022-47027,2023-04-14,9.8,CRITICAL,3.1,0.01474,0.71114,,,,,False,Crítica,False,3 - Grave pero sin explotación conocida,0.1445,0.1445
CVE-2023-22670,2023-04-15,7.8,HIGH,3.1,0.00216,0.12195,,,,,False,Alta,False,4 - Seguimiento normal,0.0168,0.0168
CVE-2022-28353,2023-04-16,6.1,MEDIUM,3.1,0.00563,0.43429,,,,,False,Media,False,4 - Seguimiento normal,0.0343,0.0343
CVE-2023-27844,2023-04-17,9.8,CRITICAL,3.1,0.00821,0.53525,,,,,False,Crítica,False,3 - Grave pero sin explotación conocida,0.0805,0.0805
CVE-2022-45836,2023-04-18,6.3,MEDIUM,3.1,0.0068,0.48636,,,,,False,Media,False,4 - Seguimiento normal,0.0428,0.0428
CVE-2023-21968,2023-04-18,3.7,LOW,3.1,0.01044,0.60585,,,,,False,Baja,False,4 - Seguimiento normal,0.0386,0.0386
CVE-2023-29002,2023-04-18,7.2,HIGH,3.1,0.00197,0.09805,,,,,False,Alta,False,4 - Seguimiento normal,0.0142,0.0142
CVE-2023-28124,2023-04-19,5.5,MEDIUM,3.1,0.00081,0.00253,,,,,False,Media,False,4 - Seguimiento normal,0.0045,0.0045
CVE-2022-29609,2023-04-20,5.3,MEDIUM,3.1,0.00572,0.43865,,,,,False,Media,False,4 - Seguimiento normal,0.0303,0.0303
CVE-2022-36788,2023-04-20,8.1,HIGH,3.1,0.00617,0.45959,,,,,False,Alta,False,4 - Seguimiento normal,0.05,0.05
CVE-2023-28459,2023-04-20,6.5,MEDIUM,3.1,0.06648,0.93162,,,,,False,Media,False,4 - Seguimiento normal,0.4321,0.4321
CVE-2023-27353,2023-04-20,6.5,MEDIUM,3.1,0.0063,0.46516,,,,,False,Media,False,4 - Seguimiento normal,0.041,0.041
CVE-2023-2209,2023-04-21,6.3,MEDIUM,3.1,0.00607,0.45437,,,,,False,Media,False,4 - Seguimiento normal,0.0382,0.0382
CVE-2023-0206,2023-04-22,7.5,HIGH,3.1,0.00163,0.05904,,,,,False,Alta,False,4 - Seguimiento normal,0.0122,0.0122
CVE-2023-27524,2023-04-24,8.9,HIGH,3.1,0.97172,0.99888,Apache,Superset,2024-01-08,Unknown,True,Alta,True,1 - Explotada activamente,8.6483,10.0
CVE-2023-0420,2023-04-24,4.8,MEDIUM,3.1,0.00229,0.13828,,,,,False,Media,False,4 - Seguimiento normal,0.011,0.011
CVE-2023-25479,2023-04-25,5.9,MEDIUM,3.1,0.00369,0.29531,,,,,False,Media,False,4 - Seguimiento normal,0.0218,0.0218
CVE-2023-28086,2023-04-25,5.5,MEDIUM,3.1,0.0017,0.06605,,,,,False,Media,False,4 - Seguimiento normal,0.0093,0.0093
CVE-2023-26934,2023-04-26,,,,0.0,0.0,,,,,False,Sin puntaje,False,4 - Seguimiento normal,0.0,0.0
CVE-2023-28769,2023-04-27,9.8,CRITICAL,3.1,0.0542,0.91861,,,,,False,Crítica,False,3 - Grave pero sin explotación conocida,0.5312,0.5312
CVE-2023-2323,2023-04-27,5.4,MEDIUM,3.1,0.00508,0.40384,,,,,False,Media,False,4 - Seguimiento normal,0.0274,0.0274
CVE-2023-30063,2023-05-01,7.5,HIGH,3.1,0.01112,0.62593,,,,,False,Alta,False,4 - Seguimiento normal,0.0834,0.0834
CVE-2022-46365,2023-05-01,9.1,CRITICAL,3.1,0.01475,0.71125,,,,,False,Crítica,False,3 - Grave pero sin explotación conocida,0.1342,0.1342
CVE-2023-30869,2023-05-02,9.8,CRITICAL,3.1,0.031,0.86381,,,,,False,Crítica,False,3 - Grave pero sin explotación conocida,0.3038,0.3038
CVE-2023-29868,2023-05-02,6.5,MEDIUM,3.1,0.01035,0.60315,,,,,False,Media,False,4 - Seguimiento normal,0.0673,0.0673
CVE-2023-2468,2023-05-03,4.3,MEDIUM,3.1,0.00801,0.52852,,,,,False,Media,False,4 - Seguimiento normal,0.0344,0.0344
CVE-2023-1384,2023-05-03,4.3,MEDIUM,3.1,0.0038,0.30578,,,,,False,Media,False,4 - Seguimiento normal,0.0163,0.0163
CVE-2023-0805,2023-05-03,4.9,MEDIUM,3.1,0.00829,0.53768,,,,,False,Media,False,4 - Seguimiento normal,0.0406,0.0406
CVE-2023-2520,2023-05-04,8.8,HIGH,3.1,0.02634,0.83953,,,,,False,Alta,False,4 - Seguimiento normal,0.2318,0.2318
CVE-2023-22782,2023-05-08,9.8,CRITICAL,3.1,0.02068,0.79427,,,,,False,Crítica,False,3 - Grave pero sin explotación conocida,0.2027,0.2027
CVE-2022-42822,2023-05-08,,,,0.0,0.0,,,,,False,Sin puntaje,False,4 - Seguimiento normal,0.0,0.0
CVE-2023-23535,2023-05-08,5.5,MEDIUM,3.1,0.00239,0.15155,,,,,False,Media,False,4 - Seguimiento normal,0.0131,0.0131
CVE-2023-27968,2023-05-08,7.1,HIGH,3.1,0.00258,0.17456,,,,,False,Alta,False,4 - Seguimiento normal,0.0183,0.0183
CVE-2022-47488,2023-05-09,4.4,MEDIUM,3.1,0.00096,0.00833,,,,,False,Media,False,4 - Seguimiento normal,0.0042,0.0042
CVE-2022-48249,2023-05-09,7.8,HIGH,3.1,0.0009,0.00574,,,,,False,Alta,False,4 - Seguimiento normal,0.007,0.007
CVE-2022-48388,2023-05-09,7.8,HIGH,3.1,0.0009,0.00575,,,,,False,Alta,False,4 - Seguimiento normal,0.007,0.007
CVE-2023-29460,2023-05-09,7.8,HIGH,3.1,0.0085,0.54393,,,,,False,Alta,False,4 - Seguimiento normal,0.0663,0.0663
CVE-2023-31981,2023-05-09,7.8,HIGH,3.1,0.00308,0.23082,,,,,False,Alta,False,4 - Seguimiento normal,0.024,0.024
CVE-2023-30086,2023-05-09,5.5,MEDIUM,3.1,0.00306,0.22855,,,,,False,Media,False,4 - Seguimiento normal,0.0168,0.0168
CVE-2023-31144,2023-05-09,6.1,MEDIUM,3.1,0.00406,0.33278,,,,,False,Media,False,4 - Seguimiento normal,0.0248,0.0248
CVE-2023-24899,2023-05-09,7.0,HIGH,3.1,0.00339,0.26453,,,,,False,Alta,False,4 - Seguimiento normal,0.0237,0.0237
CVE-2023-20520,2023-05-09,9.8,CRITICAL,3.1,0.00789,0.52482,,,,,False,Crítica,False,3 - Grave pero sin explotación conocida,0.0773,0.0773
CVE-2023-25831,2023-05-09,6.1,MEDIUM,3.1,0.0054,0.42188,,,,,False,Media,False,4 - Seguimiento normal,0.0329,0.0329
CVE-2023-23701,2023-05-10,6.5,MEDIUM,3.1,0.00361,0.28747,,,,,False,Media,False,4 - Seguimiento normal,0.0235,0.0235
CVE-2023-23873,2023-05-10,6.5,MEDIUM,3.1,0.00361,0.2874,,,,,False,Media,False,4 - Seguimiento normal,0.0235,0.0235
CVE-2022-40972,2023-05-10,6.7,MEDIUM,3.1,0.00147,0.04416,,,,,False,Media,False,4 - Seguimiento normal,0.0098,0.0098
CVE-2022-41610,2023-05-10,5.0,MEDIUM,3.1,0.00156,0.05182,,,,,False,Media,False,4 - Seguimiento normal,0.0078,0.0078
CVE-2022-41628,2023-05-10,6.7,MEDIUM,3.1,0.00169,0.06545,,,,,False,Media,False,4 - Seguimiento normal,0.0113,0.0113
CVE-2023-29930,2023-05-10,8.8,HIGH,3.1,0.02014,0.78851,,,,,False,Alta,False,4 - Seguimiento normal,0.1772,0.1772
CVE-2023-2630,2023-05-10,4.8,MEDIUM,3.1,0.00576,0.44063,,,,,False,Media,False,4 - Seguimiento normal,0.0276,0.0276
CVE-2023-31159,2023-05-10,4.3,MEDIUM,3.1,0.00439,0.3598,,,,,False,Media,False,4 - Seguimiento normal,0.0189,0.0189
CVE-2023-29276,2023-05-11,7.8,HIGH,3.1,0.00302,0.22452,,,,,False,Alta,False,4 - Seguimiento normal,0.0236,0.0236
CVE-2020-6600,2023-05-12,,,,0.0,0.0,,,,,False,Sin puntaje,False,4 - Seguimiento normal,0.0,0.0
CVE-2022-24944,2023-05-12,,,,0.0,0.0,,,,,False,Sin puntaje,False,4 - Seguimiento normal,0.0,0.0
CVE-2023-31916,2023-05-12,5.5,MEDIUM,3.1,0.00332,0.25692,,,,,False,Media,False,4 - Seguimiento normal,0.0183,0.0183
CVE-2023-25009,2023-05-12,7.8,HIGH,3.1,0.00232,0.14143,,,,,False,Alta,False,4 - Seguimiento normal,0.0181,0.0181
CVE-2023-2088,2023-05-12,6.5,MEDIUM,3.1,0.01198,0.64926,,,,,False,Media,False,4 - Seguimiento normal,0.0779,0.0779
CVE-2023-23688,2023-05-15,6.5,MEDIUM,3.1,0.00383,0.30959,,,,,False,Media,False,4 - Seguimiento normal,0.0249,0.0249
CVE-2023-0520,2023-05-15,5.4,MEDIUM,3.1,0.00239,0.15144,,,,,False,Media,False,4 - Seguimiento normal,0.0129,0.0129
CVE-2023-21103,2023-05-15,5.5,MEDIUM,3.1,0.00096,0.00823,,,,,False,Media,False,4 - Seguimiento normal,0.0053,0.0053
CVE-2023-30504,2023-05-16,7.2,HIGH,3.1,0.01037,0.60366,,,,,False,Alta,False,4 - Seguimiento normal,0.0747,0.0747
CVE-2023-31904,2023-05-17,7.5,HIGH,3.1,0.01272,0.66838,,,,,False,Alta,False,4 - Seguimiento normal,0.0954,0.0954
CVE-2023-23556,2023-05-18,9.8,CRITICAL,3.1,0.00891,0.5571,,,,,False,Crítica,False,3 - Grave pero sin explotación conocida,0.0873,0.0873
CVE-2023-28753,2023-05-18,9.8,CRITICAL,3.1,0.01851,0.769,,,,,False,Crítica,False,3 - Grave pero sin explotación conocida,0.1814,0.1814
CVE-2023-2704,2023-05-19,9.8,CRITICAL,3.1,0.01623,0.73629,,,,,False,Crítica,False,3 - Grave pero sin explotación conocida,0.1591,0.1591
CVE-2023-31058,2023-05-22,7.5,HIGH,3.1,0.01228,0.6575,,,,,False,Alta,False,4 - Seguimiento normal,0.0921,0.0921
CVE-2023-25953,2023-05-23,9.8,CRITICAL,3.1,0.00576,0.44022,,,,,False,Crítica,False,3 - Grave pero sin explotación conocida,0.0564,0.0564
CVE-2023-27926,2023-05-23,5.4,MEDIUM,3.1,0.00613,0.45739,,,,,False,Media,False,4 - Seguimiento normal,0.0331,0.0331
CVE-2023-2845,2023-05-23,8.1,HIGH,3.1,0.00657,0.47729,,,,,False,Alta,False,4 - Seguimiento normal,0.0532,0.0532
CVE-2023-26014,2023-05-23,4.3,MEDIUM,3.1,0.00256,0.17145,,,,,False,Media,False,4 - Seguimiento normal,0.011,0.011
CVE-2023-33010,2023-05-24,9.8,CRITICAL,3.1,0.28813,0.97948,Zyxel,Multiple Firewalls,2023-06-05,Unknown,True,Crítica,True,1 - Explotada activamente,2.8237,10.0
CVE-2023-31459,2023-05-24,8.8,HIGH,3.1,0.00387,0.31291,,,,,False,Alta,False,4 - Seguimiento normal,0.0341,0.0341
CVE-2023-33792,2023-05-24,5.4,MEDIUM,3.1,0.00394,0.31993,,,,,False,Media,False,4 - Seguimiento normal,0.0213,0.0213
CVE-2022-46866,2023-05-25,4.3,MEDIUM,3.1,0.00256,0.17143,,,,,False,Media,False,4 - Seguimiento normal,0.011,0.011
CVE-2022-47138,2023-05-25,4.3,MEDIUM,3.1,0.0026,0.17706,,,,,False,Media,False,4 - Seguimiento normal,0.0112,0.0112
CVE-2023-32688,2023-05-27,4.9,MEDIUM,3.1,0.009,0.55972,,,,,False,Media,False,4 - Seguimiento normal,0.0441,0.0441
CVE-2023-2926,2023-05-27,5.4,MEDIUM,3.1,0.0087,0.55083,,,,,False,Media,False,4 - Seguimiento normal,0.047,0.047
CVE-2023-33291,2023-05-28,7.4,HIGH,3.1,0.00889,0.5562,,,,,False,Alta,False,4 - Seguimiento normal,0.0658,0.0658
CVE-2022-32687,2023-05-29,,,,0.0,0.0,,,,,False,Sin puntaje,False,4 - Seguimiento normal,0.0,0.0
CVE-2022-32700,2023-05-29,,,,0.0,0.0,,,,,False,Sin puntaje,False,4 - Seguimiento normal,0.0,0.0
CVE-2022-32723,2023-05-29,,,,0.0,0.0,,,,,False,Sin puntaje,False,4 - Seguimiento normal,0.0,0.0
CVE-2022-32727,2023-05-29,,,,0.0,0.0,,,,,False,Sin puntaje,False,4 - Seguimiento normal,0.0,0.0
CVE-2022-24628,2023-05-29,7.2,HIGH,3.1,0.01239,0.66004,,,,,False,Alta,False,4 - Seguimiento normal,0.0892,0.0892
CVE-2023-33175,2023-05-30,9.1,CRITICAL,3.1,0.00651,0.47451,,,,,False,Crítica,False,3 - Grave pero sin explotación conocida,0.0592,0.0592
CVE-2023-33189,2023-05-30,10.0,CRITICAL,3.1,0.00921,0.56645,,,,,False,Crítica,False,3 - Grave pero sin explotación conocida,0.0921,0.0921
CVE-2023-23561,2023-05-30,5.5,MEDIUM,3.1,0.00147,0.04372,,,,,False,Media,False,4 - Seguimiento normal,0.0081,0.0081
CVE-2022-47526,2023-05-31,9.8,CRITICAL,3.1,0.01302,0.67506,,,,,False,Crítica,False,3 - Grave pero sin explotación conocida,0.1276,0.1276
CVE-2023-28345,2023-05-31,4.6,MEDIUM,3.1,0.00319,0.24244,,,,,False,Media,False,4 - Seguimiento normal,0.0147,0.0147
CVE-2023-28348,2023-05-31,7.4,HIGH,3.1,0.00442,0.36165,,,,,False,Alta,False,4 - Seguimiento normal,0.0327,0.0327
CVE-2023-25539,2023-05-31,8.4,HIGH,3.1,0.01478,0.71197,,,,,False,Alta,False,4 - Seguimiento normal,0.1242,0.1242
CVE-2023-3018,2023-05-31,6.3,MEDIUM,3.1,0.00735,0.50689,,,,,False,Media,False,4 - Seguimiento normal,0.0463,0.0463
CVE-2023-33718,2023-05-31,8.8,HIGH,3.1,0.0072,0.50114,,,,,False,Alta,False,4 - Seguimiento normal,0.0634,0.0634
CVE-2023-28824,2023-06-01,4.9,MEDIUM,3.1,0.00641,0.47003,,,,,False,Media,False,4 - Seguimiento normal,0.0314,0.0314
CVE-2023-22652,2023-06-01,3.3,LOW,3.1,0.00636,0.46801,,,,,False,Baja,False,4 - Seguimiento normal,0.021,0.021
CVE-2023-33551,2023-06-01,7.8,HIGH,3.1,0.00815,0.53336,,,,,False,Alta,False,4 - Seguimiento normal,0.0636,0.0636
CVE-2023-32715,2023-06-01,4.7,MEDIUM,3.1,0.00313,0.23652,,,,,False,Media,False,4 - Seguimiento normal,0.0147,0.0147
CVE-2023-23605,2023-06-02,8.8,HIGH,3.1,0.00702,0.49479,,,,,False,Alta,False,4 - Seguimiento normal,0.0618,0.0618
CVE-2023-25738,2023-06-02,6.5,MEDIUM,3.1,0.00635,0.46744,,,,,False,Media,False,4 - Seguimiento normal,0.0413,0.0413
CVE-2023-32207,2023-06-02,8.8,HIGH,3.1,0.00731,0.50521,,,,,False,Alta,False,4 - Seguimiento normal,0.0643,0.0643
CVE-2023-3044,2023-06-02,3.3,LOW,3.1,0.00345,0.27034,,,,,False,Baja,False,4 - Seguimiento normal,0.0114,0.0114
CVE-2023-3066,2023-06-05,8.1,HIGH,3.1,0.00587,0.44545,,,,,False,Alta,False,4 - Seguimiento normal,0.0475,0.0475
CVE-2023-33956,2023-06-05,4.3,MEDIUM,3.1,0.00625,0.46337,,,,,False,Media,False,4 - Seguimiento normal,0.0269,0.0269
CVE-2020-19028,2023-06-05,7.5,HIGH,3.1,0.0111,0.62535,,,,,False,Alta,False,4 - Seguimiento normal,0.0833,0.0833
CVE-2022-4569,2023-06-05,7.8,HIGH,3.1,0.00193,0.09328,,,,,False,Alta,False,4 - Seguimiento normal,0.0151,0.0151
CVE-2022-48440,2023-06-06,5.5,MEDIUM,3.1,0.00075,0.0012,,,,,False,Media,False,4 - Seguimiento normal,0.0041,0.0041
CVE-2022-40533,2023-06-06,6.2,MEDIUM,3.1,0.00105,0.01229,,,,,False,Media,False,4 - Seguimiento normal,0.0065,0.0065
CVE-2023-21659,2023-06-06,7.5,HIGH,3.1,0.00383,0.30901,,,,,False,Alta,False,4 - Seguimiento normal,0.0287,0.0287
CVE-2023-27126,2023-06-06,4.6,MEDIUM,3.1,0.0035,0.27615,,,,,False,Media,False,4 - Seguimiento normal,0.0161,0.0161
CVE-2023-33747,2023-06-06,7.8,HIGH,3.1,0.00469,0.38005,,,,,False,Alta,False,4 - Seguimiento normal,0.0366,0.0366
CVE-2020-36718,2023-06-07,9.8,CRITICAL,3.1,0.01719,0.75091,,,,,False,Crítica,False,3 - Grave pero sin explotación conocida,0.1685,0.1685
CVE-2021-4344,2023-06-07,6.4,MEDIUM,3.1,0.00467,0.37888,,,,,False,Media,False,4 - Seguimiento normal,0.0299,0.0299
CVE-2022-4950,2023-06-07,8.8,HIGH,3.1,0.01377,0.69219,,,,,False,Alta,False,4 - Seguimiento normal,0.1212,0.1212
CVE-2023-2186,2023-06-07,8.2,HIGH,3.1,0.00706,0.49614,,,,,False,Alta,False,4 - Seguimiento normal,0.0579,0.0579
CVE-2023-34108,2023-06-07,8.8,HIGH,3.1,0.00979,0.58566,,,,,False,Alta,False,4 - Seguimiento normal,0.0862,0.0862
CVE-2023-1709,2023-06-07,7.8,HIGH,3.1,0.00261,0.17767,,,,,False,Alta,False,4 - Seguimiento normal,0.0204,0.0204
CVE-2023-2189,2023-06-09,4.3,MEDIUM,3.1,0.00595,0.44903,,,,,False,Media,False,4 - Seguimiento normal,0.0256,0.0256
CVE-2023-2767,2023-06-09,4.4,MEDIUM,3.1,0.00376,0.30213,,,,,False,Media,False,4 - Seguimiento normal,0.0165,0.0165
CVE-2023-31236,2023-06-12,5.9,MEDIUM,3.1,0.00369,0.29534,,,,,False,Media,False,4 - Seguimiento normal,0.0218,0.0218
CVE-2023-26296,2023-06-12,8.8,HIGH,3.1,0.01639,0.73898,,,,,False,Alta,False,4 - Seguimiento normal,0.1442,0.1442
CVE-2022-42478,2023-06-13,8.1,HIGH,3.1,0.00534,0.41891,,,,,False,Alta,False,4 - Seguimiento normal,0.0433,0.0433
CVE-2023-28829,2023-06-13,3.9,LOW,3.1,0.00291,0.21279,,,,,False,Baja,False,4 - Seguimiento normal,0.0113,0.0113
CVE-2023-33122,2023-06-13,3.3,LOW,3.1,0.00193,0.09349,,,,,False,Baja,False,4 - Seguimiento normal,0.0064,0.0064
CVE-2023-32546,2023-06-13,4.4,MEDIUM,3.1,0.00272,0.19346,,,,,False,Media,False,4 - Seguimiento normal,0.012,0.012
CVE-2023-28620,2023-06-13,5.9,MEDIUM,3.1,0.00369,0.29527,,,,,False,Media,False,4 - Seguimiento normal,0.0218,0.0218
CVE-2023-29359,2023-06-14,7.8,HIGH,3.1,0.00549,0.42687,,,,,False,Alta,False,4 - Seguimiento normal,0.0428,0.0428
CVE-2023-33131,2023-06-14,8.8,HIGH,3.1,0.05718,0.92216,,,,,False,Alta,False,4 - Seguimiento normal,0.5032,0.5032
CVE-2023-34149,2023-06-14,4.3,MEDIUM,3.1,0.05403,0.91842,,,,,False,Media,False,4 - Seguimiento normal,0.2323,0.2323
CVE-2023-3238,2023-06-14,6.3,MEDIUM,3.1,0.00738,0.5077,,,,,False,Media,False,4 - Seguimiento normal,0.0465,0.0465
CVE-2023-3239,2023-06-14,3.5,LOW,3.1,0.00961,0.57931,,,,,False,Baja,False,4 - Seguimiento normal,0.0336,0.0336
CVE-2023-35147,2023-06-14,6.5,MEDIUM,3.1,0.0063,0.46497,,,,,False,Media,False,4 - Seguimiento normal,0.041,0.041
CVE-2023-34753,2023-06-14,9.8,CRITICAL,3.1,0.04228,0.89967,,,,,False,Crítica,False,3 - Grave pero sin explotación conocida,0.4143,0.4143
CVE-2023-34878,2023-06-14,7.5,HIGH,3.1,0.00703,0.49502,,,,,False,Alta,False,4 - Seguimiento normal,0.0527,0.0527
CVE-2023-25449,2023-06-15,4.3,MEDIUM,3.1,0.00273,0.19448,,,,,False,Media,False,4 - Seguimiento normal,0.0117,0.0117
CVE-2023-29307,2023-06-15,5.4,MEDIUM,3.1,0.00458,0.37335,,,,,False,Media,False,4 - Seguimiento normal,0.0247,0.0247
CVE-2023-32028,2023-06-16,7.8,HIGH,3.1,0.00722,0.50203,,,,,False,Alta,False,4 - Seguimiento normal,0.0563,0.0563
CVE-2023-32753,2023-06-16,9.8,CRITICAL,3.1,0.00928,0.56879,,,,,False,Crítica,False,3 - Grave pero sin explotación conocida,0.0909,0.0909
CVE-2023-20885,2023-06-16,6.5,MEDIUM,3.1,0.00541,0.42237,,,,,False,Media,False,4 - Seguimiento normal,0.0352,0.0352
CVE-2023-24243,2023-06-16,7.5,HIGH,3.1,0.03995,0.89448,,,,,False,Alta,False,4 - Seguimiento normal,0.2996,0.2996
CVE-2023-35857,2023-06-19,9.8,CRITICAL,3.1,0.0064,0.4694,,,,,False,Crítica,False,3 - Grave pero sin explotación conocida,0.0627,0.0627
CVE-2023-0489,2023-06-19,5.4,MEDIUM,3.1,0.00444,0.36325,,,,,False,Media,False,4 - Seguimiento normal,0.024,0.024
CVE-2022-47586,2023-06-19,8.2,HIGH,3.1,0.00652,0.47492,,,,,False,Alta,False,4 - Seguimiento normal,0.0535,0.0535
CVE-2023-33213,2023-06-19,5.9,MEDIUM,3.1,0.00392,0.31815,,,,,False,Media,False,4 - Seguimiento normal,0.0231,0.0231
CVE-2023-34981,2023-06-21,7.5,HIGH,3.1,0.01116,0.62706,,,,,False,Alta,False,4 - Seguimiento normal,0.0837,0.0837
CVE-2023-27450,2023-06-21,7.1,HIGH,3.1,0.00382,0.30841,,,,,False,Alta,False,4 - Seguimiento normal,0.0271,0.0271
CVE-2023-28174,2023-06-22,5.9,MEDIUM,3.1,0.00392,0.31826,,,,,False,Media,False,4 - Seguimiento normal,0.0231,0.0231
CVE-2023-36366,2023-06-22,7.5,HIGH,3.1,0.0074,0.50852,,,,,False,Alta,False,4 - Seguimiento normal,0.0555,0.0555
CVE-2023-35801,2023-06-23,8.1,HIGH,3.1,0.01464,0.70932,,,,,False,Alta,False,4 - Seguimiento normal,0.1186,0.1186
CVE-2023-28031,2023-06-23,5.1,MEDIUM,3.1,0.00168,0.06493,,,,,False,Media,False,4 - Seguimiento normal,0.0086,0.0086
CVE-2023-25515,2023-06-23,7.8,HIGH,3.1,0.00224,0.13121,,,,,False,Alta,False,4 - Seguimiento normal,0.0175,0.0175
CVE-2023-32404,2023-06-23,5.5,MEDIUM,3.1,0.00237,0.14852,,,,,False,Media,False,4 - Seguimiento normal,0.013,0.013
CVE-2023-3396,2023-06-25,6.3,MEDIUM,3.1,0.00594,0.44862,,,,,False,Media,False,4 - Seguimiento normal,0.0374,0.0374
CVE-2023-1620,2023-06-26,4.9,MEDIUM,3.1,0.0085,0.54388,,,,,False,Media,False,4 - Seguimiento normal,0.0417,0.0417
CVE-2022-48336,2023-06-26,9.8,CRITICAL,3.1,0.01086,0.61828,,,,,False,Crítica,False,3 - Grave pero sin explotación conocida,0.1064,0.1064
CVE-2023-35170,2023-06-26,,,,0.0,0.0,,,,,False,Sin puntaje,False,4 - Seguimiento normal,0.0,0.0
CVE-2023-30945,2023-06-26,9.8,CRITICAL,3.1,0.00726,0.5032,,,,,False,Crítica,False,3 - Grave pero sin explotación conocida,0.0711,0.0711
CVE-2023-2627,2023-06-27,4.3,MEDIUM,3.1,0.00247,0.16092,,,,,False,Media,False,4 - Seguimiento normal,0.0106,0.0106
CVE-2023-2996,2023-06-27,8.8,HIGH,3.1,0.04824,0.91049,,,,,False,Alta,False,4 - Seguimiento normal,0.4245,0.4245
CVE-2023-34931,2023-06-28,7.5,HIGH,3.1,0.00848,0.54341,,,,,False,Alta,False,4 - Seguimiento normal,0.0636,0.0636
CVE-2023-20006,2023-06-28,8.6,HIGH,3.1,0.00919,0.56579,,,,,False,Alta,False,4 - Seguimiento normal,0.079,0.079
CVE-2023-20199,2023-06-28,6.2,MEDIUM,3.1,0.00293,0.2147,,,,,False,Media,False,4 - Seguimiento normal,0.0182,0.0182
CVE-2023-21182,2023-06-28,4.4,MEDIUM,3.1,0.00098,0.00919,,,,,False,Media,False,4 - Seguimiento normal,0.0043,0.0043
CVE-2023-21193,2023-06-28,7.5,HIGH,3.1,0.00441,0.36142,,,,,False,Alta,False,4 - Seguimiento normal,0.0331,0.0331
CVE-2023-21207,2023-06-28,6.7,MEDIUM,3.1,0.00096,0.00848,,,,,False,Media,False,4 - Seguimiento normal,0.0064,0.0064
CVE-2023-21209,2023-06-28,6.7,MEDIUM,3.1,0.00108,0.01386,,,,,False,Media,False,4 - Seguimiento normal,0.0072,0.0072
CVE-2015-1313,2023-06-29,6.5,MEDIUM,3.1,0.00615,0.45844,,,,,False,Media,False,4 - Seguimiento normal,0.04,0.04
CVE-2022-44719,2023-06-29,7.5,HIGH,3.1,0.00734,0.50651,,,,,False,Alta,False,4 - Seguimiento normal,0.0551,0.0551
CVE-2023-36146,2023-06-30,5.4,MEDIUM,3.1,0.00471,0.38121,,,,,False,Media,False,4 - Seguimiento normal,0.0254,0.0254
CVE-2020-36741,2023-07-01,4.3,MEDIUM,3.1,0.00388,0.31426,,,,,False,Media,False,4 - Seguimiento normal,0.0167,0.0167
CVE-2023-21640,2023-07-04,6.7,MEDIUM,3.1,0.00115,0.01795,,,,,False,Media,False,4 - Seguimiento normal,0.0077,0.0077
CVE-2023-34150,2023-07-05,6.5,MEDIUM,3.1,0.01484,0.7131,,,,,False,Media,False,4 - Seguimiento normal,0.0965,0.0965
CVE-2023-36623,2023-07-05,7.8,HIGH,3.1,0.00288,0.21021,,,,,False,Alta,False,4 - Seguimiento normal,0.0225,0.0225
CVE-2023-36624,2023-07-05,7.8,HIGH,3.1,0.00319,0.24217,,,,,False,Alta,False,4 - Seguimiento normal,0.0249,0.0249
CVE-2023-30647,2023-07-06,7.8,HIGH,3.1,0.00201,0.10279,,,,,False,Alta,False,4 - Seguimiento normal,0.0157,0.0157
CVE-2023-30663,2023-07-06,5.3,MEDIUM,3.1,0.00174,0.07123,,,,,False,Media,False,4 - Seguimiento normal,0.0092,0.0092
CVE-2023-30673,2023-07-06,5.5,MEDIUM,3.1,0.00111,0.0153,,,,,False,Media,False,4 - Seguimiento normal,0.0061,0.0061
CVE-2023-37245,2023-07-06,9.1,CRITICAL,3.1,0.00493,0.39514,,,,,False,Crítica,False,3 - Grave pero sin explotación conocida,0.0449,0.0449
CVE-2023-23902,2023-07-06,9.8,CRITICAL,3.1,0.02212,0.80759,,,,,False,Crítica,False,3 - Grave pero sin explotación conocida,0.2168,0.2168
CVE-2023-25089,2023-07-06,7.2,HIGH,3.1,0.0146,0.70836,,,,,False,Alta,False,4 - Seguimiento normal,0.1051,0.1051
CVE-2023-36969,2023-07-06,8.8,HIGH,3.1,0.49317,0.9877,,,,,False,Alta,True,2 - Explotación probable,4.3399,4.3399
CVE-2023-37135,2023-07-06,5.4,MEDIUM,3.1,0.00343,0.26893,,,,,False,Media,False,4 - Seguimiento normal,0.0185,0.0185
CVE-2023-36456,2023-07-06,8.3,HIGH,3.1,0.00787,0.52408,,,,,False,Alta,False,4 - Seguimiento normal,0.0653,0.0653
CVE-2023-3531,2023-07-06,5.4,MEDIUM,3.1,0.00537,0.42012,,,,,False,Media,False,4 - Seguimiento normal,0.029,0.029
CVE-2023-36994,2023-07-07,9.8,CRITICAL,3.1,0.0089,0.55648,,,,,False,Crítica,False,3 - Grave pero sin explotación conocida,0.0872,0.0872
CVE-2023-24405,2023-07-10,5.4,MEDIUM,3.1,0.00312,0.23555,,,,,False,Media,False,4 - Seguimiento normal,0.0168,0.0168
CVE-2023-35871,2023-07-11,7.7,HIGH,3.1,0.00603,0.45272,,,,,False,Alta,False,4 - Seguimiento normal,0.0464,0.0464
CVE-2023-29130,2023-07-11,9.9,CRITICAL,3.1,0.00564,0.43488,,,,,False,Crítica,False,3 - Grave pero sin explotación conocida,0.0558,0.0558
CVE-2023-35921,2023-07-11,7.5,HIGH,3.1,0.00866,0.54952,,,,,False,Alta,False,4 - Seguimiento normal,0.0649,0.0649
CVE-2023-2072,2023-07-11,8.8,HIGH,3.1,0.00928,0.56834,,,,,False,Alta,False,4 - Seguimiento normal,0.0817,0.0817
CVE-2023-37659,2023-07-11,9.8,CRITICAL,3.1,0.01687,0.74647,,,,,False,Crítica,False,3 - Grave pero sin explotación conocida,0.1653,0.1653
CVE-2023-34116,2023-07-11,8.2,HIGH,3.1,0.00959,0.57858,,,,,False,Alta,False,4 - Seguimiento normal,0.0786,0.0786
CVE-2023-33127,2023-07-11,8.1,HIGH,3.1,0.01866,0.77099,,,,,False,Alta,False,4 - Seguimiento normal,0.1511,0.1511
CVE-2023-35297,2023-07-11,8.1,HIGH,3.1,0.01118,0.62738,,,,,False,Alta,False,4 - Seguimiento normal,0.0906,0.0906
CVE-2023-35319,2023-07-11,6.5,MEDIUM,3.1,0.0163,0.73739,,,,,False,Media,False,4 - Seguimiento normal,0.1059,0.1059
CVE-2023-35332,2023-07-11,6.8,MEDIUM,3.1,0.00502,0.40023,,,,,False,Media,False,4 - Seguimiento normal,0.0341,0.0341
CVE-2023-35339,2023-07-11,7.5,HIGH,3.1,0.01886,0.7735,,,,,False,Alta,False,4 - Seguimiento normal,0.1414,0.1414
CVE-2023-35348,2023-07-11,6.5,MEDIUM,3.1,0.01034,0.6028,,,,,False,Media,False,4 - Seguimiento normal,0.0672,0.0672
CVE-2021-4409,2023-07-12,4.3,MEDIUM,3.1,0.00384,0.31079,,,,,False,Media,False,4 - Seguimiento normal,0.0165,0.0165
CVE-2023-3105,2023-07-12,8.8,HIGH,3.1,0.02233,0.80931,,,,,False,Alta,False,4 - Seguimiento normal,0.1965,0.1965
CVE-2021-4422,2023-07-12,4.3,MEDIUM,3.1,0.00541,0.42232,,,,,False,Media,False,4 - Seguimiento normal,0.0233,0.0233
CVE-2023-30923,2023-07-12,5.5,MEDIUM,3.1,0.00085,0.00373,,,,,False,Media,False,4 - Seguimiento normal,0.0047,0.0047
CVE-2023-30927,2023-07-12,5.5,MEDIUM,3.1,0.00085,0.00373,,,,,False,Media,False,4 - Seguimiento normal,0.0047,0.0047
CVE-2022-46651,2023-07-12,6.5,MEDIUM,3.1,0.01191,0.6472,,,,,False,Media,False,4 - Seguimiento normal,0.0774,0.0774
CVE-2023-21256,2023-07-13,7.8,HIGH,3.1,0.00108,0.01389,,,,,False,Alta,False,4 - Seguimiento normal,0.0084,0.0084
CVE-2023-21262,2023-07-13,3.1,LOW,3.1,0.00145,0.04193,,,,,False,Baja,False,4 - Seguimiento normal,0.0045,0.0045
CVE-2023-38197,2023-07-13,7.5,HIGH,3.1,0.01273,0.66879,,,,,False,Alta,False,4 - Seguimiento normal,0.0955,0.0955
CVE-2023-3362,2023-07-13,5.3,MEDIUM,3.1,0.00548,0.42625,,,,,False,Media,False,4 - Seguimiento normal,0.029,0.029
CVE-2023-36835,2023-07-14,7.5,HIGH,3.1,0.00642,0.47061,,,,,False,Alta,False,4 - Seguimiento normal,0.0482,0.0482
CVE-2023-37806,2023-07-15,,,,0.0,0.0,,,,,False,Sin puntaje,False,4 - Seguimiento normal,0.0,0.0
CVE-2023-3615,2023-07-17,8.1,HIGH,3.1,0.00346,0.27165,,,,,False,Alta,False,4 - Seguimiento normal,0.028,0.028
CVE-2023-37265,2023-07-17,9.8,CRITICAL,3.1,0.07356,0.93749,,,,,False,Crítica,False,3 - Grave pero sin explotación conocida,0.7209,0.7209
CVE-2023-33231,2023-07-18,6.1,MEDIUM,3.1,0.00502,0.40035,,,,,False,Media,False,4 - Seguimiento normal,0.0306,0.0306
CVE-2023-21994,2023-07-18,6.5,MEDIUM,3.1,0.00407,0.33318,,,,,False,Media,False,4 - Seguimiento normal,0.0265,0.0265
CVE-2022-28734,2023-07-20,8.1,HIGH,3.1,0.01131,0.63081,,,,,False,Alta,False,4 - Seguimiento normal,0.0916,0.0916
CVE-2021-39822,2023-07-20,7.8,HIGH,3.1,0.00265,0.18279,,,,,False,Alta,False,4 - Seguimiento normal,0.0207,0.0207
CVE-2023-38617,2023-07-20,6.1,MEDIUM,3.1,0.00526,0.41457,,,,,False,Media,False,4 - Seguimiento normal,0.0321,0.0321
CVE-2023-3800,2023-07-20,3.9,LOW,3.1,0.00644,0.47115,,,,,False,Baja,False,4 - Seguimiento normal,0.0251,0.0251
CVE-2023-3804,2023-07-21,5.5,MEDIUM,3.1,0.00901,0.55991,,,,,False,Media,False,4 - Seguimiento normal,0.0496,0.0496
CVE-2023-3102,2023-07-21,5.3,MEDIUM,3.1,0.00583,0.44379,,,,,False,Media,False,4 - Seguimiento normal,0.0309,0.0309
CVE-2023-38195,2023-07-22,4.9,MEDIUM,3.1,0.00522,0.41215,,,,,False,Media,False,4 - Seguimiento normal,0.0256,0.0256
CVE-2023-3845,2023-07-23,3.5,LOW,3.1,0.05955,0.92507,,,,,False,Baja,False,4 - Seguimiento normal,0.2084,0.2084
CVE-2023-3858,2023-07-24,3.5,LOW,3.1,0.00357,0.28268,,,,,False,Baja,False,4 - Seguimiento normal,0.0125,0.0125
CVE-2023-1386,2023-07-24,3.3,LOW,3.1,0.00235,0.14675,,,,,False,Baja,False,4 - Seguimiento normal,0.0078,0.0078
CVE-2023-3887,2023-07-25,3.5,LOW,3.1,0.00604,0.45311,,,,,False,Baja,False,4 - Seguimiento normal,0.0211,0.0211
CVE-2023-37049,2023-07-26,6.5,MEDIUM,3.1,0.00578,0.44144,,,,,False,Media,False,4 - Seguimiento normal,0.0376,0.0376
CVE-2023-3969,2023-07-27,3.5,LOW,3.1,0.00502,0.40013,,,,,False,Baja,False,4 - Seguimiento normal,0.0176,0.0176
CVE-2022-4918,2023-07-29,8.8,HIGH,3.1,0.00674,0.48418,,,,,False,Alta,False,4 - Seguimiento normal,0.0593,0.0593
CVE-2023-4026,2023-07-31,,,,0.0,0.0,,,,,False,Sin puntaje,False,4 - Seguimiento normal,0.0,0.0
CVE-2023-4048,2023-08-01,7.5,HIGH,3.1,0.00915,0.56465,,,,,False,Alta,False,4 - Seguimiento normal,0.0686,0.0686
CVE-2023-26449,2023-08-02,5.4,MEDIUM,3.1,0.00665,0.48032,,,,,False,Media,False,4 - Seguimiento normal,0.0359,0.0359
CVE-2022-46484,2023-08-02,7.5,HIGH,3.1,0.00711,0.49803,,,,,False,Alta,False,4 - Seguimiento normal,0.0533,0.0533
CVE-2023-4078,2023-08-03,8.8,HIGH,3.1,0.00923,0.56698,,,,,False,Alta,False,4 - Seguimiento normal,0.0812,0.0812
CVE-2023-38958,2023-08-03,5.3,MEDIUM,3.1,0.00312,0.23553,,,,,False,Media,False,4 - Seguimiento normal,0.0165,0.0165
CVE-2023-4125,2023-08-03,8.8,HIGH,3.1,0.00732,0.50554,,,,,False,Alta,False,4 - Seguimiento normal,0.0644,0.0644
CVE-2023-4127,2023-08-03,5.9,MEDIUM,3.1,0.00405,0.3318,,,,,False,Media,False,4 - Seguimiento normal,0.0239,0.0239
CVE-2023-38948,2023-08-03,7.2,HIGH,3.1,0.00862,0.5483,,,,,False,Alta,False,4 - Seguimiento normal,0.0621,0.0621
CVE-2023-39343,2023-08-04,4.3,MEDIUM,3.1,0.00496,0.39647,,,,,False,Media,False,4 - Seguimiento normal,0.0213,0.0213
CVE-2023-29689,2023-08-04,9.8,CRITICAL,3.1,0.4111,0.98521,,,,,False,Crítica,True,2 - Explotación probable,4.0288,4.0288
CVE-2023-0264,2023-08-04,5.0,MEDIUM,3.1,0.01274,0.66896,,,,,False,Media,False,4 - Seguimiento normal,0.0637,0.0637
CVE-2023-4172,2023-08-05,4.3,MEDIUM,3.1,0.00786,0.52355,,,,,False,Media,False,4 - Seguimiento normal,0.0338,0.0338
CVE-2022-48579,2023-08-07,7.5,HIGH,3.1,0.00722,0.50186,,,,,False,Alta,False,4 - Seguimiento normal,0.0541,0.0541
CVE-2023-20805,2023-08-07,6.7,MEDIUM,3.1,0.00089,0.00516,,,,,False,Media,False,4 - Seguimiento normal,0.006,0.006
CVE-2023-39185,2023-08-08,7.8,HIGH,3.1,0.00219,0.12579,,,,,False,Alta,False,4 - Seguimiento normal,0.0171,0.0171
CVE-2023-37686,2023-08-08,4.8,MEDIUM,3.1,0.00424,0.34766,,,,,False,Media,False,4 - Seguimiento normal,0.0204,0.0204
CVE-2023-38762,2023-08-08,7.5,HIGH,3.1,0.0071,0.4976,,,,,False,Alta,False,4 - Seguimiento normal,0.0533,0.0533
CVE-2023-20586,2023-08-08,9.8,CRITICAL,3.1,0.00811,0.53191,,,,,False,Crítica,False,3 - Grave pero sin explotación conocida,0.0795,0.0795
CVE-2023-36912,2023-08-08,7.5,HIGH,3.1,0.01881,0.77288,,,,,False,Alta,False,4 - Seguimiento normal,0.1411,0.1411
CVE-2023-36913,2023-08-08,6.5,MEDIUM,3.1,0.01542,0.72336,,,,,False,Media,False,4 - Seguimiento normal,0.1002,0.1002
CVE-2023-38175,2023-08-08,7.8,HIGH,3.1,0.00555,0.4297,,,,,False,Alta,False,4 - Seguimiento normal,0.0433,0.0433
CVE-2023-38815,2023-08-08,,,,0.0,0.0,,,,,False,Sin puntaje,False,4 - Seguimiento normal,0.0,0.0
CVE-2023-30703,2023-08-10,3.3,LOW,3.1,0.00303,0.22527,,,,,False,Baja,False,4 - Seguimiento normal,0.01,0.01
CVE-2023-39314,2023-08-10,7.1,HIGH,3.1,0.00338,0.26266,,,,,False,Alta,False,4 - Seguimiento normal,0.024,0.024
CVE-2023-38242,2023-08-10,5.5,MEDIUM,3.1,0.0213,0.80031,,,,,False,Media,False,4 - Seguimiento normal,0.1172,0.1172
CVE-2023-38244,2023-08-10,5.5,MEDIUM,3.1,0.0213,0.80033,,,,,False,Media,False,4 - Seguimiento normal,0.1172,0.1172
CVE-2023-28129,2023-08-10,7.8,HIGH,3.1,0.00297,0.2197,,,,,False,Alta,False,4 - Seguimiento normal,0.0232,0.0232
CVE-2023-32564,2023-08-10,9.8,CRITICAL,3.1,0.37365,0.98374,,,,,False,Crítica,True,2 - Explotación probable,3.6618,3.6618
CVE-2023-40225,2023-08-10,7.2,HIGH,3.1,0.01815,0.76427,,,,,False,Alta,False,4 - Seguimiento normal,0.1307,0.1307
CVE-2023-29243,2023-08-11,4.4,MEDIUM,3.1,0.00165,0.0607,,,,,False,Media,False,4 - Seguimiento normal,0.0073,0.0073
CVE-2023-32663,2023-08-11,6.7,MEDIUM,3.1,0.00131,0.03069,,,,,False,Media,False,4 - Seguimiento normal,0.0088,0.0088
CVE-2020-36034,2023-08-11,9.8,CRITICAL,3.1,0.01339,0.68346,,,,,False,Crítica,False,3 - Grave pero sin explotación conocida,0.1312,0.1312
CVE-2021-28835,2023-08-11,7.8,HIGH,3.1,0.00318,0.24156,,,,,False,Alta,False,4 - Seguimiento normal,0.0248,0.0248
CVE-2021-29057,2023-08-11,6.5,MEDIUM,3.1,0.00505,0.40209,,,,,False,Media,False,4 - Seguimiento normal,0.0328,0.0328
CVE-2023-32267,2023-08-11,6.4,MEDIUM,3.1,0.0041,0.33558,,,,,False,Media,False,4 - Seguimiento normal,0.0262,0.0262
CVE-2023-39403,2023-08-13,9.1,CRITICAL,3.1,0.00319,0.24305,,,,,False,Crítica,False,3 - Grave pero sin explotación conocida,0.029,0.029
CVE-2023-37847,2023-08-14,9.8,CRITICAL,3.1,0.00603,0.45265,,,,,False,Crítica,False,3 - Grave pero sin explotación conocida,0.0591,0.0591
CVE-2023-28199,2023-08-14,5.5,MEDIUM,3.1,0.00227,0.13609,,,,,False,Media,False,4 - Seguimiento normal,0.0125,0.0125
CVE-2023-38858,2023-08-15,6.5,MEDIUM,3.1,0.00898,0.55908,,,,,False,Media,False,4 - Seguimiento normal,0.0584,0.0584
CVE-2023-39661,2023-08-15,9.8,CRITICAL,3.1,0.0117,0.64154,,,,,False,Crítica,False,3 - Grave pero sin explotación conocida,0.1147,0.1147
CVE-2023-30473,2023-08-16,7.1,HIGH,3.1,0.00382,0.30848,,,,,False,Alta,False,4 - Seguimiento normal,0.0271,0.0271
CVE-2023-30782,2023-08-16,7.1,HIGH,3.1,0.00382,0.30858,,,,,False,Alta,False,4 - Seguimiento normal,0.0271,0.0271
CVE-2023-35011,2023-08-16,5.4,MEDIUM,3.1,0.00379,0.30517,,,,,False,Media,False,4 - Seguimiento normal,0.0205,0.0205
CVE-2023-40252,2023-08-17,6.0,MEDIUM,3.1,0.00357,0.28345,,,,,False,Media,False,4 - Seguimiento normal,0.0214,0.0214
CVE-2023-39973,2023-08-17,4.3,MEDIUM,3.1,0.00334,0.25936,,,,,False,Media,False,4 - Seguimiento normal,0.0144,0.0144
CVE-2023-39668,2023-08-18,9.8,CRITICAL,3.1,0.01171,0.64161,,,,,False,Crítica,False,3 - Grave pero sin explotación conocida,0.1148,0.1148
CVE-2023-38576,2023-08-18,8.0,HIGH,3.1,0.00382,0.30832,,,,,False,Alta,False,4 - Seguimiento normal,0.0306,0.0306
CVE-2023-3481,2023-08-21,5.7,MEDIUM,3.1,0.00147,0.04358,,,,,False,Media,False,4 - Seguimiento normal,0.0084,0.0084
CVE-2023-3366,2023-08-21,4.3,MEDIUM,3.1,0.00231,0.14064,,,,,False,Media,False,4 - Seguimiento normal,0.0099,0.0099
CVE-2020-23804,2023-08-22,7.5,HIGH,3.1,0.00891,0.5572,,,,,False,Alta,False,4 - Seguimiento normal,0.0668,0.0668
CVE-2022-28071,2023-08-22,7.5,HIGH,3.1,0.00749,0.51136,,,,,False,Alta,False,4 - Seguimiento normal,0.0562,0.0562
CVE-2023-1409,2023-08-23,5.3,MEDIUM,3.1,0.00367,0.29331,,,,,False,Media,False,4 - Seguimiento normal,0.0195,0.0195
CVE-2023-34971,2023-08-24,7.1,HIGH,3.1,0.00094,0.00734,,,,,False,Alta,False,4 - Seguimiento normal,0.0067,0.0067
CVE-2023-4420,2023-08-24,9.8,CRITICAL,3.1,0.00245,0.15773,,,,,False,Crítica,False,3 - Grave pero sin explotación conocida,0.024,0.024
CVE-2023-32078,2023-08-24,7.5,HIGH,3.1,0.00566,0.43578,,,,,False,Alta,False,4 - Seguimiento normal,0.0425,0.0425
CVE-2023-32079,2023-08-24,8.8,HIGH,3.1,0.00717,0.50011,,,,,False,Alta,False,4 - Seguimiento normal,0.0631,0.0631
CVE-2023-4546,2023-08-26,3.5,LOW,3.1,0.01136,0.63211,,,,,False,Baja,False,4 - Seguimiento normal,0.0398,0.0398
CVE-2023-26095,2023-08-28,7.5,HIGH,3.1,0.00611,0.45617,,,,,False,Alta,False,4 - Seguimiento normal,0.0458,0.0458
CVE-2023-39810,2023-08-28,7.8,HIGH,3.1,0.00704,0.49541,,,,,False,Alta,False,4 - Seguimiento normal,0.0549,0.0549
CVE-2023-34724,2023-08-28,6.8,MEDIUM,3.1,0.00422,0.3466,,,,,False,Media,False,4 - Seguimiento normal,0.0287,0.0287
CVE-2023-41005,2023-08-28,7.8,HIGH,3.1,0.005,0.39895,,,,,False,Alta,False,4 - Seguimiento normal,0.039,0.039
CVE-2023-39615,2023-08-29,6.5,MEDIUM,3.1,0.00667,0.481,,,,,False,Media,False,4 - Seguimiento normal,0.0434,0.0434
CVE-2023-39267,2023-08-29,6.6,MEDIUM,3.1,0.00683,0.48771,,,,,False,Media,False,4 - Seguimiento normal,0.0451,0.0451
CVE-2023-3253,2023-08-29,4.3,MEDIUM,3.1,0.00391,0.31718,,,,,False,Media,False,4 - Seguimiento normal,0.0168,0.0168
CVE-2023-32802,2023-08-30,7.1,HIGH,3.1,0.00396,0.32262,,,,,False,Alta,False,4 - Seguimiento normal,0.0281,0.0281
CVE-2023-41562,2023-08-30,9.8,CRITICAL,3.1,0.00701,0.49449,,,,,False,Crítica,False,3 - Grave pero sin explotación conocida,0.0687,0.0687
CVE-2023-28415,2023-08-30,5.9,MEDIUM,3.1,0.00433,0.35488,,,,,False,Media,False,4 - Seguimiento normal,0.0255,0.0255
CVE-2023-41039,2023-08-30,8.3,HIGH,3.1,0.00637,0.4681,,,,,False,Alta,False,4 - Seguimiento normal,0.0529,0.0529
CVE-2023-4654,2023-08-31,3.5,LOW,3.1,0.00289,0.2112,,,,,False,Baja,False,4 - Seguimiento normal,0.0101,0.0101
CVE-2023-4681,2023-08-31,5.5,MEDIUM,3.1,0.00295,0.21676,,,,,False,Media,False,4 - Seguimiento normal,0.0162,0.0162
CVE-2023-4647,2023-09-01,5.3,MEDIUM,3.1,0.00612,0.45713,,,,,False,Media,False,4 - Seguimiento normal,0.0324,0.0324
CVE-2023-4721,2023-09-01,5.5,MEDIUM,3.1,0.00293,0.21529,,,,,False,Media,False,4 - Seguimiento normal,0.0161,0.0161
CVE-2023-41628,2023-09-01,7.5,HIGH,3.1,0.01699,0.74798,,,,,False,Alta,False,4 - Seguimiento normal,0.1274,0.1274
CVE-2023-3297,2023-09-01,8.1,HIGH,3.1,0.0033,0.25433,,,,,False,Alta,False,4 - Seguimiento normal,0.0267,0.0267
CVE-2023-38455,2023-09-04,7.8,HIGH,3.1,0.00079,0.00194,,,,,False,Alta,False,4 - Seguimiento normal,0.0062,0.0062
CVE-2023-38465,2023-09-04,5.5,MEDIUM,3.1,0.00078,0.00163,,,,,False,Media,False,4 - Seguimiento normal,0.0043,0.0043
CVE-2023-20833,2023-09-04,4.4,MEDIUM,3.1,0.00084,0.00358,,,,,False,Media,False,4 - Seguimiento normal,0.0037,0.0037
CVE-2023-32817,2023-09-04,4.4,MEDIUM,3.1,0.00089,0.0053,,,,,False,Media,False,4 - Seguimiento normal,0.0039,0.0039
CVE-2023-40196,2023-09-04,7.1,HIGH,3.1,0.00331,0.25509,,,,,False,Alta,False,4 - Seguimiento normal,0.0235,0.0235
CVE-2023-41054,2023-09-04,8.2,HIGH,3.1,0.00717,0.50006,,,,,False,Alta,False,4 - Seguimiento normal,0.0588,0.0588
CVE-2023-29261,2023-09-05,5.1,MEDIUM,3.1,0.00162,0.05745,,,,,False,Media,False,4 - Seguimiento normal,0.0083,0.0083
CVE-2023-21667,2023-09-05,6.5,MEDIUM,3.1,0.00313,0.23674,,,,,False,Media,False,4 - Seguimiento normal,0.0203,0.0203
CVE-2023-41908,2023-09-05,5.3,MEDIUM,3.1,0.0036,0.28629,,,,,False,Media,False,4 - Seguimiento normal,0.0191,0.0191
CVE-2015-1391,2023-09-05,8.8,HIGH,3.1,0.00305,0.22823,,,,,False,Alta,False,4 - Seguimiento normal,0.0268,0.0268
CVE-2023-28209,2023-09-06,7.8,HIGH,3.1,0.00215,0.12088,,,,,False,Alta,False,4 - Seguimiento normal,0.0168,0.0168
CVE-2023-29166,2023-09-06,8.8,HIGH,3.1,0.00484,0.38941,,,,,False,Alta,False,4 - Seguimiento normal,0.0426,0.0426
CVE-2023-30710,2023-09-06,8.5,HIGH,3.1,0.00167,0.06353,,,,,False,Alta,False,4 - Seguimiento normal,0.0142,0.0142
CVE-2023-37284,2023-09-06,8.8,HIGH,3.1,0.00357,0.28335,,,,,False,Alta,False,4 - Seguimiento normal,0.0314,0.0314
CVE-2023-41938,2023-09-06,6.5,MEDIUM,3.1,0.00309,0.23196,,,,,False,Media,False,4 - Seguimiento normal,0.0201,0.0201
CVE-2023-20250,2023-09-06,6.5,MEDIUM,3.1,0.00773,0.51966,,,,,False,Media,False,4 - Seguimiento normal,0.0502,0.0502
CVE-2022-30639,2023-09-07,7.8,HIGH,3.1,0.00402,0.32855,,,,,False,Alta,False,4 - Seguimiento normal,0.0314,0.0314
CVE-2023-34041,2023-09-08,5.3,MEDIUM,3.1,0.0037,0.2961,,,,,False,Media,False,4 - Seguimiento normal,0.0196,0.0196
CVE-2023-4849,2023-09-09,6.3,MEDIUM,3.1,0.00649,0.47351,,,,,False,Media,False,4 - Seguimiento normal,0.0409,0.0409
CVE-2023-4876,2023-09-10,7.5,HIGH,3.1,0.00356,0.28172,,,,,False,Alta,False,4 - Seguimiento normal,0.0267,0.0267
CVE-2023-41256,2023-09-11,9.1,CRITICAL,3.1,0.00743,0.50941,,,,,False,Crítica,False,3 - Grave pero sin explotación conocida,0.0676,0.0676
CVE-2023-40624,2023-09-12,5.5,MEDIUM,3.1,0.00346,0.27151,,,,,False,Media,False,4 - Seguimiento normal,0.019,0.019
CVE-2022-4896,2023-09-12,8.2,HIGH,3.1,0.01036,0.60338,,,,,False,Alta,False,4 - Seguimiento normal,0.085,0.085
CVE-2023-35355,2023-09-12,7.8,HIGH,3.1,0.00688,0.48944,,,,,False,Alta,False,4 - Seguimiento normal,0.0537,0.0537
CVE-2023-39073,2023-09-12,9.8,CRITICAL,3.1,0.00935,0.57128,,,,,False,Crítica,False,3 - Grave pero sin explotación conocida,0.0916,0.0916
CVE-2023-20233,2023-09-13,4.3,MEDIUM,3.1,0.00273,0.19452,,,,,False,Media,False,4 - Seguimiento normal,0.0117,0.0117
CVE-2023-3588,2023-09-13,5.4,MEDIUM,3.1,0.00298,0.22023,,,,,False,Media,False,4 - Seguimiento normal,0.0161,0.0161
CVE-2023-26141,2023-09-14,7.5,HIGH,3.1,0.0075,0.51171,,,,,False,Alta,False,4 - Seguimiento normal,0.0562,0.0562
CVE-2023-4951,2023-09-14,2.0,LOW,3.1,0.00268,0.18805,,,,,False,Baja,False,4 - Seguimiento normal,0.0054,0.0054
CVE-2010-3825,2023-09-14,,,,0.0,0.0,,,,,False,Sin puntaje,False,4 - Seguimiento normal,0.0,0.0
CVE-2011-3472,2023-09-14,,,,0.0,0.0,,,,,False,Sin puntaje,False,4 - Seguimiento normal,0.0,0.0
CVE-2011-3475,2023-09-14,,,,0.0,0.0,,,,,False,Sin puntaje,False,4 - Seguimiento normal,0.0,0.0
CVE-2017-13971,2023-09-14,,,,0.0,0.0,,,,,False,Sin puntaje,False,4 - Seguimiento normal,0.0,0.0
CVE-2017-7169,2023-09-14,,,,0.0,0.0,,,,,False,Sin puntaje,False,4 - Seguimiento normal,0.0,0.0
CVE-2018-4566,2023-09-14,,,,0.0,0.0,,,,,False,Sin puntaje,False,4 - Seguimiento normal,0.0,0.0
CVE-2018-4567,2023-09-14,,,,0.0,0.0,,,,,False,Sin puntaje,False,4 - Seguimiento normal,0.0,0.0
CVE-2018-4654,2023-09-14,,,,0.0,0.0,,,,,False,Sin puntaje,False,4 - Seguimiento normal,0.0,0.0
CVE-2018-4675,2023-09-14,,,,0.0,0.0,,,,,False,Sin puntaje,False,4 - Seguimiento normal,0.0,0.0
CVE-2018-4744,2023-09-14,,,,0.0,0.0,,,,,False,Sin puntaje,False,4 - Seguimiento normal,0.0,0.0
CVE-2018-4761,2023-09-14,,,,0.0,0.0,,,,,False,Sin puntaje,False,4 - Seguimiento normal,0.0,0.0
CVE-2018-4789,2023-09-14,,,,0.0,0.0,,,,,False,Sin puntaje,False,4 - Seguimiento normal,0.0,0.0
CVE-2023-37755,2023-09-14,9.8,CRITICAL,3.1,0.01094,0.62081,,,,,False,Crítica,False,3 - Grave pero sin explotación conocida,0.1072,0.1072
CVE-2023-39638,2023-09-14,9.8,CRITICAL,3.1,0.0302,0.86047,,,,,False,Crítica,False,3 - Grave pero sin explotación conocida,0.296,0.296
CVE-2023-4981,2023-09-15,5.4,MEDIUM,3.1,0.00565,0.43529,,,,,False,Media,False,4 - Seguimiento normal,0.0305,0.0305
CVE-2023-40167,2023-09-15,5.3,MEDIUM,3.1,0.01069,0.61339,,,,,False,Media,False,4 - Seguimiento normal,0.0567,0.0567
CVE-2023-42387,2023-09-18,7.5,HIGH,3.1,0.00727,0.50395,,,,,False,Alta,False,4 - Seguimiento normal,0.0545,0.0545
CVE-2023-5009,2023-09-19,8.2,HIGH,3.1,0.08263,0.94321,,,,,False,Alta,False,4 - Seguimiento normal,0.6776,0.6776
CVE-2023-38886,2023-09-20,7.2,HIGH,3.1,0.2875,0.97944,,,,,False,Alta,True,2 - Explotación probable,2.07,2.07
CVE-2023-41375,2023-09-20,7.8,HIGH,3.1,0.00188,0.08735,,,,,False,Alta,False,4 - Seguimiento normal,0.0147,0.0147
CVE-2023-42656,2023-09-20,6.1,MEDIUM,3.1,0.00449,0.36727,,,,,False,Media,False,4 - Seguimiento normal,0.0274,0.0274
CVE-2023-40618,2023-09-20,6.1,MEDIUM,3.1,0.00512,0.40626,,,,,False,Media,False,4 - Seguimiento normal,0.0312,0.0312
CVE-2023-43375,2023-09-20,9.8,CRITICAL,3.1,0.00607,0.45451,,,,,False,Crítica,False,3 - Grave pero sin explotación conocida,0.0595,0.0595
CVE-2015-8371,2023-09-21,8.8,HIGH,3.1,0.00697,0.49267,,,,,False,Alta,False,4 - Seguimiento normal,0.0613,0.0613
CVE-2023-43633,2023-09-21,8.8,HIGH,3.1,0.00159,0.05445,,,,,False,Alta,False,4 - Seguimiento normal,0.014,0.014
CVE-2023-43766,2023-09-22,7.8,HIGH,3.1,0.00151,0.04778,,,,,False,Alta,False,4 - Seguimiento normal,0.0118,0.0118
CVE-2023-25483,2023-09-27,5.9,MEDIUM,3.1,0.00316,0.23918,,,,,False,Media,False,4 - Seguimiento normal,0.0186,0.0186
CVE-2023-40388,2023-09-27,4.3,MEDIUM,3.1,0.00622,0.46182,,,,,False,Media,False,4 - Seguimiento normal,0.0267,0.0267
CVE-2023-40443,2023-09-27,7.8,HIGH,3.1,0.00255,0.17037,,,,,False,Alta,False,4 - Seguimiento normal,0.0199,0.0199
CVE-2023-40677,2023-09-27,5.9,MEDIUM,3.1,0.00335,0.26025,,,,,False,Media,False,4 - Seguimiento normal,0.0198,0.0198
CVE-2023-41237,2023-09-27,7.1,HIGH,3.1,0.00351,0.27625,,,,,False,Alta,False,4 - Seguimiento normal,0.0249,0.0249
CVE-2023-43291,2023-09-27,9.8,CRITICAL,3.1,0.01552,0.7253,,,,,False,Crítica,False,3 - Grave pero sin explotación conocida,0.1521,0.1521
CVE-2023-44122,2023-09-27,6.1,MEDIUM,3.1,0.00098,0.00916,,,,,False,Media,False,4 - Seguimiento normal,0.006,0.006
CVE-2023-44127,2023-09-27,3.6,LOW,3.1,0.00121,0.02265,,,,,False,Baja,False,4 - Seguimiento normal,0.0044,0.0044
CVE-2023-5176,2023-09-27,9.8,CRITICAL,3.1,0.01233,0.65884,,,,,False,Crítica,False,3 - Grave pero sin explotación conocida,0.1208,0.1208
CVE-2023-20109,2023-09-27,6.6,MEDIUM,3.1,0.02344,0.81874,Cisco,IOS and IOS XE,2023-10-10,Unknown,True,Media,False,1 - Explotada activamente,0.1547,10.0
CVE-2023-44080,2023-09-27,9.8,CRITICAL,3.1,0.00947,0.57522,,,,,False,Crítica,False,3 - Grave pero sin explotación conocida,0.0928,0.0928
CVE-2023-41452,2023-09-27,8.8,HIGH,3.1,0.00465,0.37781,,,,,False,Alta,False,4 - Seguimiento normal,0.0409,0.0409
CVE-2023-43873,2023-09-28,5.4,MEDIUM,3.1,0.00461,0.3753,,,,,False,Media,False,4 - Seguimiento normal,0.0249,0.0249
CVE-2023-5217,2023-09-28,8.8,HIGH,3.1,0.49013,0.98762,Google,Chromium libvpx,2023-10-02,Unknown,True,Alta,True,1 - Explotada activamente,4.3131,10.0
CVE-2023-39308,2023-09-29,7.1,HIGH,3.1,0.00483,0.38881,,,,,False,Alta,False,4 - Seguimiento normal,0.0343,0.0343
CVE-2023-41657,2023-09-29,5.9,MEDIUM,3.1,0.0031,0.23285,,,,,False,Media,False,4 - Seguimiento normal,0.0183,0.0183
CVE-2023-5262,2023-09-29,6.3,MEDIUM,3.1,0.00639,0.46918,,,,,False,Media,False,4 - Seguimiento normal,0.0403,0.0403
CVE-2023-43703,2023-09-30,5.4,MEDIUM,3.1,0.00434,0.35575,,,,,False,Media,False,4 - Seguimiento normal,0.0234,0.0234
CVE-2023-41797,2023-10-02,6.5,MEDIUM,3.1,0.0033,0.25438,,,,,False,Media,False,4 - Seguimiento normal,0.0215,0.0215
CVE-2023-36628,2023-10-03,8.8,HIGH,3.1,0.00459,0.37377,,,,,False,Alta,False,4 - Seguimiento normal,0.0404,0.0404
CVE-2023-43627,2023-10-03,5.7,MEDIUM,3.1,0.00274,0.19584,,,,,False,Media,False,4 - Seguimiento normal,0.0156,0.0156
CVE-2023-24848,2023-10-03,8.2,HIGH,3.1,0.00299,0.22163,,,,,False,Alta,False,4 - Seguimiento normal,0.0245,0.0245
CVE-2023-24855,2023-10-03,9.8,CRITICAL,3.1,0.00538,0.42107,,,,,False,Crítica,False,3 - Grave pero sin explotación conocida,0.0527,0.0527
CVE-2022-47891,2023-10-03,8.1,HIGH,3.1,0.00613,0.45731,,,,,False,Alta,False,4 - Seguimiento normal,0.0497,0.0497
CVE-2023-2544,2023-10-03,5.3,MEDIUM,3.1,0.00373,0.29969,,,,,False,Media,False,4 - Seguimiento normal,0.0198,0.0198
CVE-2023-41244,2023-10-03,4.3,MEDIUM,3.1,0.00214,0.1197,,,,,False,Media,False,4 - Seguimiento normal,0.0092,0.0092
CVE-2023-44974,2023-10-03,9.8,CRITICAL,3.1,0.19064,0.97021,,,,,False,Crítica,True,2 - Explotación probable,1.8683,1.8683
CVE-2023-3576,2023-10-04,5.5,MEDIUM,3.1,0.00346,0.27123,,,,,False,Media,False,4 - Seguimiento normal,0.019,0.019
CVE-2023-5391,2023-10-04,9.8,CRITICAL,3.1,0.00844,0.54195,,,,,False,Crítica,False,3 - Grave pero sin explotación conocida,0.0827,0.0827
CVE-2023-39928,2023-10-06,8.8,HIGH,3.1,0.01408,0.69827,,,,,False,Alta,False,4 - Seguimiento normal,0.1239,0.1239
CVE-2023-40646,2023-10-08,5.5,MEDIUM,3.1,0.00078,0.00161,,,,,False,Media,False,4 - Seguimiento normal,0.0043,0.0043
CVE-2023-45354,2023-10-09,8.8,HIGH,3.1,0.00904,0.56091,,,,,False,Alta,False,4 - Seguimiento normal,0.0796,0.0796
CVE-2023-45247,2023-10-09,7.1,HIGH,3.1,0.00214,0.11975,,,,,False,Alta,False,4 - Seguimiento normal,0.0152,0.0152
CVE-2023-44467,2023-10-09,9.8,CRITICAL,3.1,0.00943,0.57377,,,,,False,Crítica,False,3 - Grave pero sin explotación conocida,0.0924,0.0924
CVE-2023-44315,2023-10-10,4.7,MEDIUM,3.1,0.00296,0.21788,,,,,False,Media,False,4 - Seguimiento normal,0.0139,0.0139
CVE-2023-41964,2023-10-10,4.3,MEDIUM,3.1,0.00244,0.15685,,,,,False,Media,False,4 - Seguimiento normal,0.0105,0.0105
CVE-2023-43788,2023-10-10,5.5,MEDIUM,3.1,0.00365,0.29113,,,,,False,Media,False,4 - Seguimiento normal,0.0201,0.0201
CVE-2023-44470,2023-10-10,5.4,MEDIUM,3.1,0.00221,0.12765,,,,,False,Media,False,4 - Seguimiento normal,0.0119,0.0119
CVE-2023-30803,2023-10-10,9.8,CRITICAL,3.1,0.18206,0.96906,,,,,False,Crítica,True,2 - Explotación probable,1.7842,1.7842
CVE-2023-33301,2023-10-10,6.5,MEDIUM,3.1,0.0037,0.29658,,,,,False,Media,False,4 - Seguimiento normal,0.0241,0.0241
CVE-2023-36415,2023-10-10,8.8,HIGH,3.1,0.01591,0.73123,,,,,False,Alta,False,4 - Seguimiento normal,0.14,0.14
CVE-2023-36584,2023-10-10,5.4,MEDIUM,3.1,0.03055,0.86198,Microsoft,Windows,2023-11-16,Unknown,True,Media,False,1 - Explotada activamente,0.165,10.0
CVE-2023-44105,2023-10-11,9.8,CRITICAL,3.1,0.00409,0.3353,,,,,False,Crítica,False,3 - Grave pero sin explotación conocida,0.0401,0.0401
CVE-2023-27380,2023-10-11,7.2,HIGH,3.1,0.05749,0.92273,,,,,False,Alta,False,4 - Seguimiento normal,0.4139,0.4139
CVE-2023-41882,2023-10-11,5.4,MEDIUM,3.1,0.004,0.32687,,,,,False,Media,False,4 - Seguimiento normal,0.0216,0.0216
CVE-2023-41263,2023-10-12,3.7,LOW,3.1,0.00413,0.33892,,,,,False,Baja,False,4 - Seguimiento normal,0.0153,0.0153
CVE-2023-45464,2023-10-13,7.5,HIGH,3.1,0.00623,0.46225,,,,,False,Alta,False,4 - Seguimiento normal,0.0467,0.0467
CVE-2023-36340,2023-10-16,9.8,CRITICAL,3.1,0.00701,0.4942,,,,,False,Crítica,False,3 - Grave pero sin explotación conocida,0.0687,0.0687
CVE-2023-36955,2023-10-16,9.8,CRITICAL,3.1,0.00701,0.4942,,,,,False,Crítica,False,3 - Grave pero sin explotación conocida,0.0687,0.0687
CVE-2023-4687,2023-10-16,6.1,MEDIUM,3.1,0.00455,0.37105,,,,,False,Media,False,4 - Seguimiento normal,0.0278,0.0278
CVE-2023-4776,2023-10-16,8.8,HIGH,3.1,0.00721,0.50167,,,,,False,Alta,False,4 - Seguimiento normal,0.0634,0.0634
CVE-2023-38740,2023-10-16,5.3,MEDIUM,3.1,0.00782,0.52241,,,,,False,Media,False,4 - Seguimiento normal,0.0414,0.0414
CVE-2023-22082,2023-10-17,5.4,MEDIUM,3.1,0.00321,0.24509,,,,,False,Media,False,4 - Seguimiento normal,0.0173,0.0173
CVE-2023-45727,2023-10-18,7.5,HIGH,3.1,0.03542,0.88066,North Grid,Proself,2024-12-03,Unknown,True,Alta,False,1 - Explotada activamente,0.2656,10.0
CVE-2023-35663,2023-10-18,7.5,HIGH,3.1,0.0026,0.17655,,,,,False,Alta,False,4 - Seguimiento normal,0.0195,0.0195
CVE-2023-45909,2023-10-18,6.1,MEDIUM,3.1,0.0028,0.20213,,,,,False,Media,False,4 - Seguimiento normal,0.0171,0.0171
CVE-2022-26941,2023-10-19,9.6,CRITICAL,3.1,0.00327,0.25088,,,,,False,Crítica,False,3 - Grave pero sin explotación conocida,0.0314,0.0314
CVE-2022-42150,2023-10-19,10.0,CRITICAL,3.1,0.00859,0.54752,,,,,False,Crítica,False,3 - Grave pero sin explotación conocida,0.0859,0.0859
CVE-2023-30131,2023-10-19,9.8,CRITICAL,3.1,0.00785,0.52334,,,,,False,Crítica,False,3 - Grave pero sin explotación conocida,0.0769,0.0769
CVE-2023-43359,2023-10-19,5.4,MEDIUM,3.1,0.00462,0.37563,,,,,False,Media,False,4 - Seguimiento normal,0.0249,0.0249
CVE-2023-41896,2023-10-19,7.1,HIGH,3.1,0.00271,0.19072,,,,,False,Alta,False,4 - Seguimiento normal,0.0192,0.0192
CVE-2023-46267,2023-10-20,,,,0.0,0.0,,,,,False,Sin puntaje,False,4 - Seguimiento normal,0.0,0.0
CVE-2023-4668,2023-10-20,5.3,MEDIUM,3.1,0.00512,0.40657,,,,,False,Media,False,4 - Seguimiento normal,0.0271,0.0271
CVE-2023-34044,2023-10-20,7.1,HIGH,3.1,0.00204,0.10587,,,,,False,Alta,False,4 - Seguimiento normal,0.0145,0.0145
CVE-2023-38191,2023-10-20,6.1,MEDIUM,3.1,0.00482,0.38835,,,,,False,Media,False,4 - Seguimiento normal,0.0294,0.0294
CVE-2023-43356,2023-10-20,5.4,MEDIUM,3.1,0.00461,0.3753,,,,,False,Media,False,4 - Seguimiento normal,0.0249,0.0249
CVE-2023-5702,2023-10-23,4.3,MEDIUM,3.1,0.14537,0.96273,,,,,False,Media,True,2 - Explotación probable,0.6251,0.6251
CVE-2023-28803,2023-10-23,5.9,MEDIUM,3.1,0.00261,0.17737,,,,,False,Media,False,4 - Seguimiento normal,0.0154,0.0154
CVE-2023-46059,2023-10-24,4.8,MEDIUM,3.1,0.00596,0.44951,,,,,False,Media,False,4 - Seguimiento normal,0.0286,0.0286
CVE-2023-27257,2023-10-25,7.5,HIGH,3.1,0.00695,0.49223,,,,,False,Alta,False,4 - Seguimiento normal,0.0521,0.0521
CVE-2023-37908,2023-10-25,9.0,CRITICAL,3.1,0.01058,0.60977,,,,,False,Crítica,False,3 - Grave pero sin explotación conocida,0.0952,0.0952
CVE-2023-37912,2023-10-25,9.9,CRITICAL,3.1,0.01247,0.66231,,,,,False,Crítica,False,3 - Grave pero sin explotación conocida,0.1235,0.1235
CVE-2023-39814,2023-10-25,,,,0.0,0.0,,,,,False,Sin puntaje,False,4 - Seguimiento normal,0.0,0.0
CVE-2023-45832,2023-10-25,5.9,MEDIUM,3.1,0.00418,0.34268,,,,,False,Media,False,4 - Seguimiento normal,0.0247,0.0247
CVE-2023-45833,2023-10-25,5.9,MEDIUM,3.1,0.00409,0.3352,,,,,False,Media,False,4 - Seguimiento normal,0.0241,0.0241
CVE-2023-46123,2023-10-25,5.3,MEDIUM,3.1,0.00705,0.49589,,,,,False,Media,False,4 - Seguimiento normal,0.0374,0.0374
CVE-2023-46408,2023-10-25,9.8,CRITICAL,3.1,0.01391,0.69497,,,,,False,Crítica,False,3 - Grave pero sin explotación conocida,0.1363,0.1363
CVE-2023-5043,2023-10-25,7.6,HIGH,3.1,0.02234,0.80942,,,,,False,Alta,False,4 - Seguimiento normal,0.1698,0.1698
CVE-2023-5791,2023-10-26,3.5,LOW,3.1,0.00505,0.40229,,,,,False,Baja,False,4 - Seguimiento normal,0.0177,0.0177
CVE-2023-46435,2023-10-26,9.8,CRITICAL,3.1,0.00629,0.46482,,,,,False,Crítica,False,3 - Grave pero sin explotación conocida,0.0616,0.0616
CVE-2023-39427,2023-10-26,7.8,HIGH,3.1,0.00202,0.10314,,,,,False,Alta,False,4 - Seguimiento normal,0.0158,0.0158
CVE-2023-42188,2023-10-27,6.5,MEDIUM,3.1,0.00219,0.12551,,,,,False,Media,False,4 - Seguimiento normal,0.0142,0.0142
CVE-2023-40140,2023-10-27,7.8,HIGH,3.1,0.00208,0.11048,,,,,False,Alta,False,4 - Seguimiento normal,0.0162,0.0162
CVE-2023-46865,2023-10-30,7.2,HIGH,3.1,0.20321,0.97211,,,,,False,Alta,True,2 - Explotación probable,1.4631,1.4631
CVE-2023-5251,2023-10-30,5.4,MEDIUM,3.1,0.00473,0.3826,,,,,False,Media,False,4 - Seguimiento normal,0.0255,0.0255
CVE-2023-21338,2023-10-30,5.5,MEDIUM,3.1,0.00097,0.00886,,,,,False,Media,False,4 - Seguimiento normal,0.0053,0.0053
CVE-2023-21344,2023-10-30,5.5,MEDIUM,3.1,0.00103,0.01157,,,,,False,Media,False,4 - Seguimiento normal,0.0057,0.0057
CVE-2023-21350,2023-10-30,5.5,MEDIUM,3.1,0.00083,0.00298,,,,,False,Media,False,4 - Seguimiento normal,0.0046,0.0046
CVE-2023-21371,2023-10-30,6.7,MEDIUM,3.1,0.00092,0.00647,,,,,False,Media,False,4 - Seguimiento normal,0.0062,0.0062
CVE-2023-43647,2023-10-30,6.1,MEDIUM,3.1,0.00509,0.40435,,,,,False,Media,False,4 - Seguimiento normal,0.031,0.031
CVE-2023-5349,2023-10-30,5.3,MEDIUM,3.1,0.00669,0.48182,,,,,False,Media,False,4 - Seguimiento normal,0.0355,0.0355
CVE-2023-5864,2023-10-31,4.8,MEDIUM,3.1,0.00532,0.41782,,,,,False,Media,False,4 - Seguimiento normal,0.0255,0.0255
CVE-2015-2968,2023-10-31,5.9,MEDIUM,3.1,0.0018,0.07805,,,,,False,Media,False,4 - Seguimiento normal,0.0106,0.0106
CVE-2023-38994,2023-10-31,7.9,HIGH,3.1,0.00348,0.27427,,,,,False,Alta,False,4 - Seguimiento normal,0.0275,0.0275
CVE-2023-37966,2023-10-31,7.6,HIGH,3.1,0.00675,0.48422,,,,,False,Alta,False,4 - Seguimiento normal,0.0513,0.0513
CVE-2023-44485,2023-10-31,,,,0.0,0.0,,,,,False,Sin puntaje,False,4 - Seguimiento normal,0.0,0.0
CVE-2023-42633,2023-11-01,5.5,MEDIUM,3.1,0.0008,0.00211,,,,,False,Media,False,4 - Seguimiento normal,0.0044,0.0044
CVE-2023-42637,2023-11-01,5.5,MEDIUM,3.1,0.0008,0.00211,,,,,False,Media,False,4 - Seguimiento normal,0.0044,0.0044
CVE-2023-20063,2023-11-01,8.2,HIGH,3.1,0.00234,0.14435,,,,,False,Alta,False,4 - Seguimiento normal,0.0192,0.0192
CVE-2023-20083,2023-11-01,8.6,HIGH,3.1,0.00693,0.49129,,,,,False,Alta,False,4 - Seguimiento normal,0.0596,0.0596
CVE-2023-31020,2023-11-02,6.1,MEDIUM,3.1,0.00144,0.04132,,,,,False,Media,False,4 - Seguimiento normal,0.0088,0.0088
CVE-2023-45360,2023-11-03,5.4,MEDIUM,3.1,0.00567,0.43648,,,,,False,Media,False,4 - Seguimiento normal,0.0306,0.0306
CVE-2023-25800,2023-11-03,8.1,HIGH,3.1,0.0069,0.49013,,,,,False,Alta,False,4 - Seguimiento normal,0.0559,0.0559
CVE-2023-46822,2023-11-06,7.1,HIGH,3.1,0.00354,0.28003,,,,,False,Alta,False,4 - Seguimiento normal,0.0251,0.0251
CVE-2023-3246,2023-11-06,4.3,MEDIUM,3.1,0.00526,0.41464,,,,,False,Media,False,4 - Seguimiento normal,0.0226,0.0226
CVE-2023-45161,2023-11-06,9.9,CRITICAL,3.1,0.00828,0.53737,,,,,False,Crítica,False,3 - Grave pero sin explotación conocida,0.082,0.082
CVE-2023-38548,2023-11-07,4.3,MEDIUM,3.1,0.11806,0.95646,,,,,False,Media,True,2 - Explotación probable,0.5077,0.5077
CVE-2023-42529,2023-11-07,6.7,MEDIUM,3.1,0.0023,0.13951,,,,,False,Media,False,4 - Seguimiento normal,0.0154,0.0154
CVE-2023-42536,2023-11-07,8.4,HIGH,3.1,0.00218,0.12439,,,,,False,Alta,False,4 - Seguimiento normal,0.0183,0.0183
CVE-2023-5076,2023-11-07,6.4,MEDIUM,3.1,0.00434,0.35528,,,,,False,Media,False,4 - Seguimiento normal,0.0278,0.0278
CVE-2023-33479,2023-11-07,9.8,CRITICAL,3.1,0.00738,0.5076,,,,,False,Crítica,False,3 - Grave pero sin explotación conocida,0.0723,0.0723
CVE-2023-41798,2023-11-07,5.1,MEDIUM,3.1,0.00498,0.39767,,,,,False,Media,False,4 - Seguimiento normal,0.0254,0.0254
CVE-2023-46792,2023-11-07,,,,0.0,0.0,,,,,False,Sin puntaje,False,4 - Seguimiento normal,0.0,0.0
CVE-2023-46795,2023-11-07,,,,0.0,0.0,,,,,False,Sin puntaje,False,4 - Seguimiento normal,0.0,0.0
CVE-2023-46771,2023-11-08,7.5,HIGH,3.1,0.0042,0.34426,,,,,False,Alta,False,4 - Seguimiento normal,0.0315,0.0315
CVE-2023-46763,2023-11-08,5.3,MEDIUM,3.1,0.00335,0.25995,,,,,False,Media,False,4 - Seguimiento normal,0.0178,0.0178
CVE-2023-45857,2023-11-08,6.5,MEDIUM,3.1,0.00556,0.43056,,,,,False,Media,False,4 - Seguimiento normal,0.0361,0.0361
CVE-2023-47113,2023-11-08,7.3,HIGH,3.1,0.00247,0.16119,,,,,False,Alta,False,4 - Seguimiento normal,0.018,0.018
CVE-2023-4218,2023-11-09,5.0,MEDIUM,3.1,0.00386,0.31274,,,,,False,Media,False,4 - Seguimiento normal,0.0193,0.0193
CVE-2023-40054,2023-11-09,8.0,HIGH,3.1,0.02983,0.8588,,,,,False,Alta,False,4 - Seguimiento normal,0.2386,0.2386
CVE-2023-45283,2023-11-09,7.5,HIGH,3.1,0.02758,0.84722,,,,,False,Alta,False,4 - Seguimiento normal,0.2069,0.2069
CVE-2023-34386,2023-11-09,4.3,MEDIUM,3.1,0.00315,0.23783,,,,,False,Media,False,4 - Seguimiento normal,0.0135,0.0135
CVE-2023-47164,2023-11-10,6.1,MEDIUM,3.1,0.00705,0.49585,,,,,False,Media,False,4 - Seguimiento normal,0.043,0.043
CVE-2023-47119,2023-11-10,5.3,MEDIUM,3.1,0.00943,0.5737,,,,,False,Media,False,4 - Seguimiento normal,0.05,0.05
CVE-2023-46849,2023-11-11,7.5,HIGH,3.1,0.01151,0.63617,,,,,False,Alta,False,4 - Seguimiento normal,0.0863,0.0863
CVE-2023-47660,2023-11-14,5.9,MEDIUM,3.1,0.00394,0.32027,,,,,False,Media,False,4 - Seguimiento normal,0.0232,0.0232
CVE-2023-34991,2023-11-14,9.8,CRITICAL,3.1,0.28783,0.97946,,,,,False,Crítica,True,2 - Explotación probable,2.8207,2.8207
CVE-2023-36399,2023-11-14,7.1,HIGH,3.1,0.08341,0.94359,,,,,False,Alta,False,4 - Seguimiento normal,0.5922,0.5922
CVE-2023-36425,2023-11-14,8.0,HIGH,3.1,0.01485,0.71319,,,,,False,Alta,False,4 - Seguimiento normal,0.1188,0.1188
CVE-2023-36439,2023-11-14,8.0,HIGH,3.1,0.04923,0.91213,,,,,False,Alta,False,4 - Seguimiento normal,0.3938,0.3938
CVE-2022-41689,2023-11-14,7.3,HIGH,3.1,0.00196,0.09557,,,,,False,Alta,False,4 - Seguimiento normal,0.0143,0.0143
CVE-2022-46647,2023-11-14,2.2,LOW,3.1,0.00183,0.08192,,,,,False,Baja,False,4 - Seguimiento normal,0.004,0.004
CVE-2023-23583,2023-11-14,8.8,HIGH,3.1,0.01728,0.75199,,,,,False,Alta,False,4 - Seguimiento normal,0.1521,0.1521
CVE-2023-27879,2023-11-14,6.8,MEDIUM,3.1,0.00255,0.17059,,,,,False,Media,False,4 - Seguimiento normal,0.0173,0.0173
CVE-2023-28377,2023-11-14,6.7,MEDIUM,3.1,0.00188,0.08675,,,,,False,Media,False,4 - Seguimiento normal,0.0126,0.0126
CVE-2023-29157,2023-11-14,8.4,HIGH,3.1,0.00187,0.08547,,,,,False,Alta,False,4 - Seguimiento normal,0.0157,0.0157
CVE-2023-32283,2023-11-14,5.5,MEDIUM,3.1,0.00222,0.12944,,,,,False,Media,False,4 - Seguimiento normal,0.0122,0.0122
CVE-2023-33878,2023-11-14,6.7,MEDIUM,3.1,0.00227,0.13637,,,,,False,Media,False,4 - Seguimiento normal,0.0152,0.0152
CVE-2023-34997,2023-11-14,6.7,MEDIUM,3.1,0.00177,0.07536,,,,,False,Media,False,4 - Seguimiento normal,0.0119,0.0119
CVE-2023-40719,2023-11-14,4.1,MEDIUM,3.1,0.00195,0.09547,,,,,False,Media,False,4 - Seguimiento normal,0.008,0.008
CVE-2023-47653,2023-11-14,5.9,MEDIUM,3.1,0.00418,0.34268,,,,,False,Media,False,4 - Seguimiento normal,0.0247,0.0247
CVE-2023-47674,2023-11-16,9.8,CRITICAL,3.1,0.01264,0.66672,,,,,False,Crítica,False,3 - Grave pero sin explotación conocida,0.1239,0.1239
CVE-2023-39246,2023-11-16,4.6,MEDIUM,3.1,0.00152,0.04823,,,,,False,Media,False,4 - Seguimiento normal,0.007,0.007
CVE-2023-44328,2023-11-16,5.5,MEDIUM,3.1,0.00403,0.33015,,,,,False,Media,False,4 - Seguimiento normal,0.0222,0.0222
CVE-2023-47044,2023-11-16,5.5,MEDIUM,3.1,0.00367,0.29341,,,,,False,Media,False,4 - Seguimiento normal,0.0202,0.0202
CVE-2023-47242,2023-11-16,6.5,MEDIUM,3.1,0.00386,0.31223,,,,,False,Media,False,4 - Seguimiento normal,0.0251,0.0251
CVE-2023-47071,2023-11-17,5.5,MEDIUM,3.1,0.00401,0.32727,,,,,False,Media,False,4 - Seguimiento normal,0.0221,0.0221
CVE-2023-40812,2023-11-18,6.1,MEDIUM,3.1,0.00463,0.37675,,,,,False,Media,False,4 - Seguimiento normal,0.0282,0.0282
CVE-2023-28780,2023-11-18,6.5,MEDIUM,3.1,0.00411,0.33696,,,,,False,Media,False,4 - Seguimiento normal,0.0267,0.0267
CVE-2023-47772,2023-11-20,6.5,MEDIUM,3.1,0.00386,0.31224,,,,,False,Media,False,4 - Seguimiento normal,0.0251,0.0251
CVE-2021-22636,2023-11-20,7.4,HIGH,3.1,0.00276,0.19818,,,,,False,Alta,False,4 - Seguimiento normal,0.0204,0.0204
CVE-2023-48110,2023-11-20,7.5,HIGH,3.1,0.0077,0.5187,,,,,False,Alta,False,4 - Seguimiento normal,0.0578,0.0578
CVE-2023-48111,2023-11-20,7.5,HIGH,3.1,0.0077,0.51871,,,,,False,Alta,False,4 - Seguimiento normal,0.0578,0.0578
CVE-2023-48176,2023-11-20,9.8,CRITICAL,3.1,0.00911,0.5634,,,,,False,Crítica,False,3 - Grave pero sin explotación conocida,0.0893,0.0893
CVE-2023-4149,2023-11-21,9.8,CRITICAL,3.1,0.01116,0.62685,,,,,False,Crítica,False,3 - Grave pero sin explotación conocida,0.1094,0.1094
CVE-2023-5553,2023-11-21,7.6,HIGH,3.1,0.00332,0.25708,,,,,False,Alta,False,4 - Seguimiento normal,0.0252,0.0252
CVE-2023-48699,2023-11-21,8.4,HIGH,3.1,0.00744,0.5097,,,,,False,Alta,False,4 - Seguimiento normal,0.0625,0.0625
CVE-2023-47380,2023-11-22,6.1,MEDIUM,3.1,0.007,0.49375,,,,,False,Media,False,4 - Seguimiento normal,0.0427,0.0427
CVE-2023-4726,2023-11-22,4.4,MEDIUM,3.1,0.00385,0.31125,,,,,False,Media,False,4 - Seguimiento normal,0.0169,0.0169
CVE-2023-47785,2023-11-22,7.1,HIGH,3.1,0.00254,0.16964,,,,,False,Alta,False,4 - Seguimiento normal,0.018,0.018
CVE-2023-44289,2023-11-23,7.3,HIGH,3.1,0.00196,0.09578,,,,,False,Alta,False,4 - Seguimiento normal,0.0143,0.0143
CVE-2023-28812,2023-11-23,9.1,CRITICAL,3.1,0.00974,0.58402,,,,,False,Crítica,False,3 - Grave pero sin explotación conocida,0.0886,0.0886
CVE-2023-29061,2023-11-28,5.2,MEDIUM,3.1,0.00378,0.30388,,,,,False,Media,False,4 - Seguimiento normal,0.0197,0.0197
CVE-2023-5772,2023-11-30,4.3,MEDIUM,3.1,0.00259,0.17538,,,,,False,Media,False,4 - Seguimiento normal,0.0111,0.0111
CVE-2023-48743,2023-11-30,5.8,MEDIUM,3.1,0.00358,0.28442,,,,,False,Media,False,4 - Seguimiento normal,0.0208,0.0208
CVE-2023-40680,2023-11-30,5.9,MEDIUM,3.1,0.00427,0.35041,,,,,False,Media,False,4 - Seguimiento normal,0.0252,0.0252
CVE-2023-6411,2023-11-30,9.8,CRITICAL,3.1,0.00831,0.53819,,,,,False,Crítica,False,3 - Grave pero sin explotación conocida,0.0814,0.0814
CVE-2023-6431,2023-11-30,6.3,MEDIUM,3.1,0.00388,0.31425,,,,,False,Media,False,4 - Seguimiento normal,0.0244,0.0244
CVE-2023-46956,2023-11-30,7.2,HIGH,3.1,0.0119,0.64707,,,,,False,Alta,False,4 - Seguimiento normal,0.0857,0.0857
CVE-2023-48016,2023-12-01,7.5,HIGH,3.1,0.00664,0.48006,,,,,False,Alta,False,4 - Seguimiento normal,0.0498,0.0498
CVE-2023-5995,2023-12-01,4.4,MEDIUM,3.1,0.00557,0.43073,,,,,False,Media,False,4 - Seguimiento normal,0.0245,0.0245
CVE-2023-49371,2023-12-01,9.8,CRITICAL,3.1,0.03655,0.88443,,,,,False,Crítica,False,3 - Grave pero sin explotación conocida,0.3582,0.3582
CVE-2023-48813,2023-12-01,8.8,HIGH,3.1,0.00746,0.51045,,,,,False,Alta,False,4 - Seguimiento normal,0.0656,0.0656
CVE-2023-44402,2023-12-01,6.1,MEDIUM,3.1,0.00207,0.1098,,,,,False,Media,False,4 - Seguimiento normal,0.0126,0.0126
CVE-2023-6466,2023-12-02,3.5,LOW,3.1,0.00608,0.45524,,,,,False,Baja,False,4 - Seguimiento normal,0.0213,0.0213
CVE-2023-47100,2023-12-02,,,,0.0,0.0,,,,,False,Sin puntaje,False,4 - Seguimiento normal,0.0,0.0
CVE-2023-42675,2023-12-04,5.5,MEDIUM,3.1,0.00095,0.00793,,,,,False,Media,False,4 - Seguimiento normal,0.0052,0.0052
CVE-2023-42697,2023-12-04,5.5,MEDIUM,3.1,0.00095,0.00793,,,,,False,Media,False,4 - Seguimiento normal,0.0052,0.0052
CVE-2023-32851,2023-12-04,7.8,HIGH,3.1,0.00113,0.017,,,,,False,Alta,False,4 - Seguimiento normal,0.0088,0.0088
CVE-2023-32861,2023-12-04,6.7,MEDIUM,3.1,0.00111,0.01544,,,,,False,Media,False,4 - Seguimiento normal,0.0074,0.0074
CVE-2023-48863,2023-12-04,7.5,HIGH,3.1,0.00858,0.54722,,,,,False,Alta,False,4 - Seguimiento normal,0.0644,0.0644
CVE-2023-35668,2023-12-04,5.5,MEDIUM,3.1,0.00135,0.0334,,,,,False,Media,False,4 - Seguimiento normal,0.0074,0.0074
CVE-2023-40459,2023-12-04,7.5,HIGH,3.1,0.02296,0.81468,,,,,False,Alta,False,4 - Seguimiento normal,0.1722,0.1722
CVE-2023-40465,2023-12-04,8.3,HIGH,3.1,0.00214,0.11949,,,,,False,Alta,False,4 - Seguimiento normal,0.0178,0.0178
CVE-2023-28579,2023-12-05,6.7,MEDIUM,3.1,0.00156,0.05221,,,,,False,Media,False,4 - Seguimiento normal,0.0105,0.0105
CVE-2023-28580,2023-12-05,6.7,MEDIUM,3.1,0.00156,0.05222,,,,,False,Media,False,4 - Seguimiento normal,0.0105,0.0105
CVE-2023-28586,2023-12-05,6.0,MEDIUM,3.1,0.00136,0.03483,,,,,False,Media,False,4 - Seguimiento normal,0.0082,0.0082
CVE-2023-33080,2023-12-05,7.5,HIGH,3.1,0.00338,0.26334,,,,,False,Alta,False,4 - Seguimiento normal,0.0254,0.0254
CVE-2023-33107,2023-12-05,8.4,HIGH,3.1,0.00892,0.55743,Qualcomm,Multiple Chipsets,2023-12-05,Unknown,True,Alta,False,1 - Explotada activamente,0.0749,10.0
CVE-2023-42567,2023-12-05,7.3,HIGH,3.1,0.00253,0.16848,,,,,False,Alta,False,4 - Seguimiento normal,0.0185,0.0185
CVE-2023-42576,2023-12-05,5.4,MEDIUM,3.1,0.0038,0.30635,,,,,False,Media,False,4 - Seguimiento normal,0.0205,0.0205
CVE-2023-44295,2023-12-05,6.3,MEDIUM,3.1,0.00353,0.27884,,,,,False,Media,False,4 - Seguimiento normal,0.0222,0.0222
CVE-2023-49282,2023-12-05,5.4,MEDIUM,3.1,0.02203,0.80678,,,,,False,Media,False,4 - Seguimiento normal,0.119,0.119
CVE-2023-28876,2023-12-06,4.3,MEDIUM,3.1,0.00483,0.38879,,,,,False,Media,False,4 - Seguimiento normal,0.0208,0.0208
CVE-2023-5710,2023-12-07,4.3,MEDIUM,3.1,0.00468,0.37964,,,,,False,Media,False,4 - Seguimiento normal,0.0201,0.0201
CVE-2023-35039,2023-12-07,9.8,CRITICAL,3.1,0.00857,0.54668,,,,,False,Crítica,False,3 - Grave pero sin explotación conocida,0.084,0.084
CVE-2023-39168,2023-12-07,,,,0.0,0.0,,,,,False,Sin puntaje,False,4 - Seguimiento normal,0.0,0.0
CVE-2023-49436,2023-12-07,9.8,CRITICAL,3.1,0.02408,0.82356,,,,,False,Crítica,False,3 - Grave pero sin explotación conocida,0.236,0.236
CVE-2023-6606,2023-12-08,7.1,HIGH,3.1,0.00526,0.41442,,,,,False,Alta,False,4 - Seguimiento normal,0.0373,0.0373
CVE-2023-46493,2023-12-08,5.3,MEDIUM,3.1,0.01001,0.59238,,,,,False,Media,False,4 - Seguimiento normal,0.0531,0.0531
CVE-2023-28869,2023-12-09,6.5,MEDIUM,3.1,0.00768,0.51783,,,,,False,Media,False,4 - Seguimiento normal,0.0499,0.0499
CVE-2023-6181,2023-12-11,9.8,CRITICAL,3.1,0.00366,0.29253,,,,,False,Crítica,False,3 - Grave pero sin explotación conocida,0.0359,0.0359
CVE-2023-49964,2023-12-11,8.8,HIGH,3.1,0.34684,0.98257,,,,,False,Alta,True,2 - Explotación probable,3.0522,3.0522
CVE-2023-42927,2023-12-12,,,,0.0,0.0,,,,,False,Sin puntaje,False,4 - Seguimiento normal,0.0,0.0
CVE-2023-49578,2023-12-12,3.5,LOW,3.1,0.0027,0.18999,,,,,False,Baja,False,4 - Seguimiento normal,0.0095,0.0095
CVE-2023-50423,2023-12-12,9.1,CRITICAL,3.1,0.01109,0.62494,,,,,False,Crítica,False,3 - Grave pero sin explotación conocida,0.1009,0.1009
CVE-2023-41117,2023-12-12,8.8,HIGH,3.1,0.00759,0.51486,,,,,False,Alta,False,4 - Seguimiento normal,0.0668,0.0668
CVE-2023-45801,2023-12-13,7.5,HIGH,3.1,0.00722,0.5018,,,,,False,Alta,False,4 - Seguimiento normal,0.0541,0.0541
CVE-2023-6534,2023-12-13,7.5,HIGH,3.1,0.00742,0.509,,,,,False,Alta,False,4 - Seguimiento normal,0.0557,0.0557
CVE-2023-50779,2023-12-13,4.3,MEDIUM,3.1,0.00479,0.38677,,,,,False,Media,False,4 - Seguimiento normal,0.0206,0.0206
CVE-2023-43583,2023-12-13,4.9,MEDIUM,3.1,0.00567,0.43641,,,,,False,Media,False,4 - Seguimiento normal,0.0278,0.0278
CVE-2023-45166,2023-12-13,8.4,HIGH,3.1,0.00238,0.14929,,,,,False,Alta,False,4 - Seguimiento normal,0.02,0.02
CVE-2023-49740,2023-12-14,7.1,HIGH,3.1,0.00415,0.34036,,,,,False,Alta,False,4 - Seguimiento normal,0.0295,0.0295
CVE-2023-42800,2023-12-14,8.8,HIGH,3.1,0.01657,0.74167,,,,,False,Alta,False,4 - Seguimiento normal,0.1458,0.1458
CVE-2023-5769,2023-12-14,5.4,MEDIUM,3.1,0.00406,0.33232,,,,,False,Media,False,4 - Seguimiento normal,0.0219,0.0219
CVE-2023-48375,2023-12-15,8.8,HIGH,3.1,0.00687,0.48909,,,,,False,Alta,False,4 - Seguimiento normal,0.0605,0.0605
CVE-2023-46279,2023-12-15,9.8,CRITICAL,3.1,0.01666,0.74305,,,,,False,Crítica,False,3 - Grave pero sin explotación conocida,0.1633,0.1633
CVE-2023-48384,2023-12-15,9.8,CRITICAL,3.1,0.01062,0.61113,,,,,False,Crítica,False,3 - Grave pero sin explotación conocida,0.1041,0.1041
CVE-2023-48594,2023-12-15,5.4,MEDIUM,3.1,0.00597,0.44986,,,,,False,Media,False,4 - Seguimiento normal,0.0322,0.0322
CVE-2023-48614,2023-12-15,5.4,MEDIUM,3.1,0.00597,0.44976,,,,,False,Media,False,4 - Seguimiento normal,0.0322,0.0322
CVE-2023-49834,2023-12-17,5.4,MEDIUM,3.1,0.00254,0.16966,,,,,False,Media,False,4 - Seguimiento normal,0.0137,0.0137
CVE-2023-49854,2023-12-18,5.4,MEDIUM,3.1,0.00254,0.16965,,,,,False,Media,False,4 - Seguimiento normal,0.0137,0.0137
CVE-2023-32230,2023-12-18,7.5,HIGH,3.1,0.00732,0.5057,,,,,False,Alta,False,4 - Seguimiento normal,0.0549,0.0549
CVE-2023-46177,2023-12-18,6.5,MEDIUM,3.1,0.01338,0.68312,,,,,False,Media,False,4 - Seguimiento normal,0.087,0.087
CVE-2023-5949,2023-12-18,7.5,HIGH,3.1,0.00756,0.51373,,,,,False,Alta,False,4 - Seguimiento normal,0.0567,0.0567
CVE-2023-48773,2023-12-18,5.4,MEDIUM,3.1,0.0028,0.20252,,,,,False,Media,False,4 - Seguimiento normal,0.0151,0.0151
CVE-2023-49760,2023-12-18,5.4,MEDIUM,3.1,0.00264,0.1816,,,,,False,Media,False,4 - Seguimiento normal,0.0143,0.0143
CVE-2023-6730,2023-12-19,8.8,HIGH,3.1,0.00921,0.56627,,,,,False,Alta,False,4 - Seguimiento normal,0.081,0.081
CVE-2023-46803,2023-12-19,7.5,HIGH,3.1,0.04148,0.89794,,,,,False,Alta,False,4 - Seguimiento normal,0.3111,0.3111
CVE-2023-49706,2023-12-19,6.8,MEDIUM,3.1,0.0062,0.46069,,,,,False,Media,False,4 - Seguimiento normal,0.0422,0.0422
CVE-2023-40602,2023-12-19,4.7,MEDIUM,3.1,0.00406,0.33235,,,,,False,Media,False,4 - Seguimiento normal,0.0191,0.0191
CVE-2023-43826,2023-12-19,7.5,HIGH,3.1,0.0089,0.55678,,,,,False,Alta,False,4 - Seguimiento normal,0.0668,0.0668
CVE-2023-33209,2023-12-20,8.5,HIGH,3.1,0.00638,0.46893,,,,,False,Alta,False,4 - Seguimiento normal,0.0542,0.0542
CVE-2023-7018,2023-12-20,7.8,HIGH,3.1,0.00727,0.50403,,,,,False,Alta,False,4 - Seguimiento normal,0.0567,0.0567
CVE-2023-28170,2023-12-20,9.1,CRITICAL,3.1,0.00632,0.46617,,,,,False,Crítica,False,3 - Grave pero sin explotación conocida,0.0575,0.0575
CVE-2023-49270,2023-12-20,5.4,MEDIUM,3.1,0.00383,0.3087,,,,,False,Media,False,4 - Seguimiento normal,0.0207,0.0207
CVE-2023-49271,2023-12-20,5.4,MEDIUM,3.1,0.00383,0.30869,,,,,False,Media,False,4 - Seguimiento normal,0.0207,0.0207
CVE-2023-50724,2023-12-21,6.3,MEDIUM,3.1,0.00484,0.38976,,,,,False,Media,False,4 - Seguimiento normal,0.0305,0.0305
CVE-2023-45116,2023-12-21,8.8,HIGH,3.1,0.00673,0.48335,,,,,False,Alta,False,4 - Seguimiento normal,0.0592,0.0592
CVE-2023-32747,2023-12-21,5.4,MEDIUM,3.1,0.00449,0.36723,,,,,False,Media,False,4 - Seguimiento normal,0.0242,0.0242
CVE-2023-6804,2023-12-21,6.5,MEDIUM,3.1,0.00204,0.10557,,,,,False,Media,False,4 - Seguimiento normal,0.0133,0.0133
CVE-2023-6847,2023-12-21,7.5,HIGH,3.1,0.00815,0.53328,,,,,False,Alta,False,4 - Seguimiento normal,0.0611,0.0611
CVE-2023-7050,2023-12-21,3.5,LOW,3.1,0.00497,0.3971,,,,,False,Baja,False,4 - Seguimiento normal,0.0174,0.0174
CVE-2023-7054,2023-12-22,5.5,MEDIUM,3.1,0.00512,0.40609,,,,,False,Media,False,4 - Seguimiento normal,0.0282,0.0282
CVE-2023-40236,2023-12-25,5.3,MEDIUM,3.1,0.00387,0.31304,,,,,False,Media,False,4 - Seguimiento normal,0.0205,0.0205
CVE-2023-31297,2023-12-25,4.8,MEDIUM,3.1,0.0031,0.23301,,,,,False,Media,False,4 - Seguimiento normal,0.0149,0.0149
CVE-2023-7111,2023-12-26,6.3,MEDIUM,3.1,0.00649,0.47351,,,,,False,Media,False,4 - Seguimiento normal,0.0409,0.0409
CVE-2023-51093,2023-12-26,9.8,CRITICAL,3.1,0.00843,0.54165,,,,,False,Crítica,False,3 - Grave pero sin explotación conocida,0.0826,0.0826
CVE-2023-46919,2023-12-27,6.3,MEDIUM,3.1,0.00119,0.02121,,,,,False,Media,False,4 - Seguimiento normal,0.0075,0.0075
CVE-2023-51080,2023-12-27,7.5,HIGH,3.1,0.00619,0.46038,,,,,False,Alta,False,4 - Seguimiento normal,0.0464,0.0464
CVE-2023-46918,2023-12-27,4.6,MEDIUM,3.1,0.00292,0.2145,,,,,False,Media,False,4 - Seguimiento normal,0.0134,0.0134
CVE-2023-49229,2023-12-28,4.3,MEDIUM,3.1,0.00488,0.39215,,,,,False,Media,False,4 - Seguimiento normal,0.021,0.021
CVE-2023-32513,2023-12-28,7.5,HIGH,3.1,0.00592,0.44765,,,,,False,Alta,False,4 - Seguimiento normal,0.0444,0.0444
CVE-2023-50873,2023-12-28,4.3,MEDIUM,3.1,0.00227,0.13634,,,,,False,Media,False,4 - Seguimiento normal,0.0098,0.0098
CVE-2023-50848,2023-12-28,7.6,HIGH,3.1,0.00541,0.42259,,,,,False,Alta,False,4 - Seguimiento normal,0.0411,0.0411
CVE-2023-52079,2023-12-28,6.8,MEDIUM,3.1,0.00685,0.48836,,,,,False,Media,False,4 - Seguimiento normal,0.0466,0.0466
CVE-2023-50845,2023-12-28,7.6,HIGH,3.1,0.00545,0.42469,,,,,False,Alta,False,4 - Seguimiento normal,0.0414,0.0414
CVE-2023-51420,2023-12-29,9.1,CRITICAL,3.1,0.00579,0.44181,,,,,False,Crítica,False,3 - Grave pero sin explotación conocida,0.0527,0.0527
CVE-2023-51373,2023-12-29,7.1,HIGH,3.1,0.00343,0.26878,,,,,False,Alta,False,4 - Seguimiento normal,0.0244,0.0244
CVE-2023-51687,2023-12-29,5.3,MEDIUM,3.1,0.0048,0.38721,,,,,False,Media,False,4 - Seguimiento normal,0.0254,0.0254
CVE-2023-7178,2023-12-30,4.7,MEDIUM,3.1,0.00734,0.5064,,,,,False,Media,False,4 - Seguimiento normal,0.0345,0.0345
CVE-2023-52267,2023-12-31,7.5,HIGH,3.1,0.0074,0.50833,,,,,False,Alta,False,4 - Seguimiento normal,0.0555,0.0555
CVE-2023-7130,2023-12-31,6.3,MEDIUM,3.1,0.00743,0.50953,,,,,False,Media,False,4 - Seguimiento normal,0.0468,0.0468
CVE-2023-47857,2024-01-02,4.0,MEDIUM,3.1,0.00154,0.05059,,,,,False,Media,False,4 - Seguimiento normal,0.0062,0.0062
CVE-2023-50333,2024-01-02,3.7,LOW,3.1,0.0032,0.24394,,,,,False,Baja,False,4 - Seguimiento normal,0.0118,0.0118
CVE-2024-0190,2024-01-02,3.5,LOW,3.1,0.00583,0.4438,,,,,False,Baja,False,4 - Seguimiento normal,0.0204,0.0204
CVE-2024-0192,2024-01-02,6.3,MEDIUM,3.1,0.00512,0.40609,,,,,False,Media,False,4 - Seguimiento normal,0.0323,0.0323
CVE-2023-49550,2024-01-02,7.5,HIGH,3.1,0.00758,0.51441,,,,,False,Alta,False,4 - Seguimiento normal,0.0568,0.0568
CVE-2023-7027,2024-01-03,7.2,HIGH,3.1,0.00941,0.57327,,,,,False,Alta,False,4 - Seguimiento normal,0.0678,0.0678
CVE-2023-37607,2024-01-03,7.5,HIGH,3.1,0.01374,0.69159,,,,,False,Alta,False,4 - Seguimiento normal,0.1031,0.1031
CVE-2023-50753,2024-01-04,9.8,CRITICAL,3.1,0.00672,0.48315,,,,,False,Crítica,False,3 - Grave pero sin explotación conocida,0.0659,0.0659
CVE-2023-51502,2024-01-05,7.5,HIGH,3.1,0.00599,0.45114,,,,,False,Alta,False,4 - Seguimiento normal,0.0449,0.0449
CVE-2023-52120,2024-01-05,5.4,MEDIUM,3.1,0.00221,0.1279,,,,,False,Media,False,4 - Seguimiento normal,0.0119,0.0119
CVE-2023-45040,2024-01-05,3.8,LOW,3.1,0.0064,0.46965,,,,,False,Baja,False,4 - Seguimiento normal,0.0243,0.0243
CVE-2023-7208,2024-01-07,8.0,HIGH,3.1,0.01747,0.75465,,,,,False,Alta,False,4 - Seguimiento normal,0.1398,0.1398
CVE-2024-0268,2024-01-07,7.3,HIGH,3.1,0.00935,0.57105,,,,,False,Alta,False,4 - Seguimiento normal,0.0683,0.0683
CVE-2024-0322,2024-01-08,9.1,CRITICAL,3.1,0.00949,0.57573,,,,,False,Crítica,False,3 - Grave pero sin explotación conocida,0.0864,0.0864
CVE-2023-35959,2024-01-08,7.8,HIGH,3.1,0.01481,0.71239,,,,,False,Alta,False,4 - Seguimiento normal,0.1155,0.1155
CVE-2023-35964,2024-01-08,7.8,HIGH,3.1,0.01481,0.71239,,,,,False,Alta,False,4 - Seguimiento normal,0.1155,0.1155
CVE-2024-21744,2024-01-08,6.5,MEDIUM,3.1,0.00328,0.25254,,,,,False,Media,False,4 - Seguimiento normal,0.0213,0.0213
CVE-2024-21745,2024-01-08,6.5,MEDIUM,3.1,0.00367,0.29328,,,,,False,Media,False,4 - Seguimiento normal,0.0239,0.0239
CVE-2023-6383,2024-01-08,7.5,HIGH,3.1,0.00647,0.47271,,,,,False,Alta,False,4 - Seguimiento normal,0.0485,0.0485
CVE-2023-6532,2024-01-08,8.8,HIGH,3.1,0.00348,0.27422,,,,,False,Alta,False,4 - Seguimiento normal,0.0306,0.0306
CVE-2023-50932,2024-01-09,8.3,HIGH,3.1,0.00173,0.06998,,,,,False,Alta,False,4 - Seguimiento normal,0.0144,0.0144
CVE-2023-49130,2024-01-09,7.8,HIGH,3.1,0.00201,0.10278,,,,,False,Alta,False,4 - Seguimiento normal,0.0157,0.0157
CVE-2023-51744,2024-01-09,3.3,LOW,3.1,0.00219,0.12471,,,,,False,Baja,False,4 - Seguimiento normal,0.0072,0.0072
CVE-2022-36764,2024-01-09,7.0,HIGH,3.1,0.00287,0.20933,,,,,False,Alta,False,4 - Seguimiento normal,0.0201,0.0201
CVE-2024-20690,2024-01-09,6.5,MEDIUM,3.1,0.01325,0.67988,,,,,False,Media,False,4 - Seguimiento normal,0.0861,0.0861
CVE-2023-34332,2024-01-09,7.8,HIGH,3.1,0.00178,0.07604,,,,,False,Alta,False,4 - Seguimiento normal,0.0139,0.0139
CVE-2024-0362,2024-01-10,5.5,MEDIUM,3.1,0.00649,0.4735,,,,,False,Media,False,4 - Seguimiento normal,0.0357,0.0357
CVE-2023-48246,2024-01-10,6.5,MEDIUM,3.1,0.00778,0.52104,,,,,False,Media,False,4 - Seguimiento normal,0.0506,0.0506
CVE-2023-48254,2024-01-10,5.3,MEDIUM,3.1,0.00306,0.22878,,,,,False,Media,False,4 - Seguimiento normal,0.0162,0.0162
CVE-2023-50916,2024-01-10,7.2,HIGH,3.1,0.04632,0.90745,,,,,False,Alta,False,4 - Seguimiento normal,0.3335,0.3335
CVE-2023-38607,2024-01-10,5.5,MEDIUM,3.1,0.00182,0.08097,,,,,False,Media,False,4 - Seguimiento normal,0.01,0.01
CVE-2023-42870,2024-01-10,7.8,HIGH,3.1,0.00206,0.10792,,,,,False,Alta,False,4 - Seguimiento normal,0.0161,0.0161
CVE-2023-31003,2024-01-11,8.4,HIGH,3.1,0.00247,0.16057,,,,,False,Alta,False,4 - Seguimiento normal,0.0207,0.0207
CVE-2023-6883,2024-01-11,4.3,MEDIUM,3.1,0.00323,0.24748,,,,,False,Media,False,4 - Seguimiento normal,0.0139,0.0139
CVE-2023-6934,2024-01-11,6.4,MEDIUM,3.1,0.0043,0.35195,,,,,False,Media,False,4 - Seguimiento normal,0.0275,0.0275
CVE-2023-50128,2024-01-11,5.3,MEDIUM,3.1,0.00225,0.13256,,,,,False,Media,False,4 - Seguimiento normal,0.0119,0.0119
CVE-2024-21982,2024-01-12,4.8,MEDIUM,3.1,0.00374,0.30051,,,,,False,Media,False,4 - Seguimiento normal,0.018,0.018
CVE-2024-23174,2024-01-12,5.4,MEDIUM,3.1,0.00406,0.3321,,,,,False,Media,False,4 - Seguimiento normal,0.0219,0.0219
CVE-2024-0461,2024-01-12,6.3,MEDIUM,3.1,0.005,0.39933,,,,,False,Media,False,4 - Seguimiento normal,0.0315,0.0315
CVE-2023-31035,2024-01-12,7.5,HIGH,3.1,0.00176,0.07418,,,,,False,Alta,False,4 - Seguimiento normal,0.0132,0.0132
CVE-2024-21654,2024-01-12,4.8,MEDIUM,3.1,0.0048,0.38707,,,,,False,Media,False,4 - Seguimiento normal,0.023,0.023
CVE-2023-50290,2024-01-15,6.5,MEDIUM,3.1,0.68665,0.99268,,,,,False,Media,True,2 - Explotación probable,4.4632,4.4632
CVE-2023-6163,2024-01-15,4.8,MEDIUM,3.1,0.00402,0.32873,,,,,False,Media,False,4 - Seguimiento normal,0.0193,0.0193
CVE-2023-52115,2024-01-16,7.5,HIGH,3.1,0.00379,0.3047,,,,,False,Alta,False,4 - Seguimiento normal,0.0284,0.0284
CVE-2023-52106,2024-01-16,4.4,MEDIUM,3.1,0.00274,0.19608,,,,,False,Media,False,4 - Seguimiento normal,0.0121,0.0121
CVE-2024-0232,2024-01-16,4.7,MEDIUM,3.1,0.00343,0.26882,,,,,False,Media,False,4 - Seguimiento normal,0.0161,0.0161
CVE-2021-24559,2024-01-16,5.4,MEDIUM,3.1,0.00218,0.12439,,,,,False,Media,False,4 - Seguimiento normal,0.0118,0.0118
CVE-2023-0094,2024-01-16,5.4,MEDIUM,3.1,0.0053,0.41637,,,,,False,Media,False,4 - Seguimiento normal,0.0286,0.0286
CVE-2024-20908,2024-01-16,6.1,MEDIUM,3.1,0.00327,0.25106,,,,,False,Media,False,4 - Seguimiento normal,0.0199,0.0199
CVE-2024-20977,2024-01-16,6.5,MEDIUM,3.1,0.01057,0.60959,,,,,False,Media,False,4 - Seguimiento normal,0.0687,0.0687
CVE-2024-22411,2024-01-16,6.5,MEDIUM,3.1,0.0071,0.49769,,,,,False,Media,False,4 - Seguimiento normal,0.0462,0.0462
CVE-2023-51724,2024-01-17,6.9,MEDIUM,3.1,0.00358,0.28444,,,,,False,Media,False,4 - Seguimiento normal,0.0247,0.0247
CVE-2023-51729,2024-01-17,6.9,MEDIUM,3.1,0.00358,0.28445,,,,,False,Media,False,4 - Seguimiento normal,0.0247,0.0247
CVE-2024-0580,2024-01-18,6.5,MEDIUM,3.1,0.00492,0.39423,,,,,False,Media,False,4 - Seguimiento normal,0.032,0.032
CVE-2023-51463,2024-01-18,5.4,MEDIUM,3.1,0.00379,0.30576,,,,,False,Media,False,4 - Seguimiento normal,0.0205,0.0205
CVE-2024-22819,2024-01-18,8.8,HIGH,3.1,0.00321,0.24486,,,,,False,Alta,False,4 - Seguimiento normal,0.0282,0.0282
CVE-2023-43822,2024-01-18,8.8,HIGH,3.1,0.00764,0.51645,,,,,False,Alta,False,4 - Seguimiento normal,0.0672,0.0672
CVE-2024-0713,2024-01-19,,,,0.0,0.0,,,,,False,Sin puntaje,False,4 - Seguimiento normal,0.0,0.0
CVE-2024-22563,2024-01-19,7.5,HIGH,3.1,0.00568,0.43693,,,,,False,Alta,False,4 - Seguimiento normal,0.0426,0.0426
CVE-2024-0730,2024-01-19,6.3,MEDIUM,3.1,0.00591,0.44723,,,,,False,Media,False,4 - Seguimiento normal,0.0372,0.0372
CVE-2023-43956,2024-01-19,,,,0.0,0.0,,,,,False,Sin puntaje,False,4 - Seguimiento normal,0.0,0.0
CVE-2023-6044,2024-01-19,6.3,MEDIUM,3.1,0.00188,0.08674,,,,,False,Media,False,4 - Seguimiento normal,0.0118,0.0118
CVE-2024-0736,2024-01-19,5.3,MEDIUM,3.1,0.00985,0.58714,,,,,False,Media,False,4 - Seguimiento normal,0.0522,0.0522
CVE-2024-23685,2024-01-19,5.3,MEDIUM,3.1,0.00523,0.41278,,,,,False,Media,False,4 - Seguimiento normal,0.0277,0.0277
CVE-2020-36772,2024-01-22,4.4,MEDIUM,3.1,0.00378,0.30384,,,,,False,Media,False,4 - Seguimiento normal,0.0166,0.0166
CVE-2023-48118,2024-01-22,9.8,CRITICAL,3.1,0.01247,0.66223,,,,,False,Crítica,False,3 - Grave pero sin explotación conocida,0.1222,0.1222
CVE-2024-22772,2024-01-23,7.4,HIGH,3.1,0.00496,0.39659,,,,,False,Alta,False,4 - Seguimiento normal,0.0367,0.0367
CVE-2023-51042,2024-01-23,7.8,HIGH,3.1,0.00319,0.24239,,,,,False,Alta,False,4 - Seguimiento normal,0.0249,0.0249
CVE-2024-0749,2024-01-23,4.3,MEDIUM,3.1,0.00333,0.2582,,,,,False,Media,False,4 - Seguimiento normal,0.0143,0.0143
CVE-2023-41178,2024-01-23,6.1,MEDIUM,3.1,0.01798,0.76184,,,,,False,Media,False,4 - Seguimiento normal,0.1097,0.1097
CVE-2023-47199,2024-01-23,7.8,HIGH,3.1,0.00122,0.02374,,,,,False,Alta,False,4 - Seguimiento normal,0.0095,0.0095
CVE-2023-36177,2024-01-23,9.8,CRITICAL,3.1,0.2732,0.97853,,,,,False,Crítica,True,2 - Explotación probable,2.6774,2.6774
CVE-2023-51201,2024-01-23,,,,0.0,0.0,,,,,False,Sin puntaje,False,4 - Seguimiento normal,0.0,0.0
CVE-2023-47115,2024-01-23,7.1,HIGH,3.1,0.01448,0.70595,,,,,False,Alta,False,4 - Seguimiento normal,0.1028,0.1028
CVE-2023-43317,2024-01-24,8.8,HIGH,3.1,0.01079,0.61616,,,,,False,Alta,False,4 - Seguimiento normal,0.095,0.095
CVE-2024-22141,2024-01-24,6.5,MEDIUM,3.1,0.00492,0.39407,,,,,False,Media,False,4 - Seguimiento normal,0.032,0.032
CVE-2021-42144,2024-01-24,9.8,CRITICAL,3.1,0.00658,0.47753,,,,,False,Crítica,False,3 - Grave pero sin explotación conocida,0.0645,0.0645
CVE-2021-42147,2024-01-24,9.1,CRITICAL,3.1,0.00836,0.5399,,,,,False,Crítica,False,3 - Grave pero sin explotación conocida,0.0761,0.0761
CVE-2024-0617,2024-01-25,5.3,MEDIUM,3.1,0.0049,0.39323,,,,,False,Media,False,4 - Seguimiento normal,0.026,0.026
CVE-2023-52356,2024-01-25,7.5,HIGH,3.1,0.02187,0.80532,,,,,False,Alta,False,4 - Seguimiento normal,0.164,0.164
CVE-2023-52046,2024-01-25,4.8,MEDIUM,3.1,0.00566,0.43595,,,,,False,Media,False,4 - Seguimiento normal,0.0272,0.0272
CVE-2024-23624,2024-01-26,9.6,CRITICAL,3.1,0.25988,0.9777,,,,,False,Crítica,True,2 - Explotación probable,2.4948,2.4948
CVE-2023-45921,2024-01-29,,,,0.0,0.0,,,,,False,Sin puntaje,False,4 - Seguimiento normal,0.0,0.0
CVE-2023-46050,2024-01-29,,,,0.0,0.0,,,,,False,Sin puntaje,False,4 - Seguimiento normal,0.0,0.0
CVE-2023-22836,2024-01-29,3.5,LOW,3.1,0.00259,0.17489,,,,,False,Baja,False,4 - Seguimiento normal,0.0091,0.0091
CVE-2023-51842,2024-01-29,7.5,HIGH,3.1,0.00835,0.53945,,,,,False,Alta,False,4 - Seguimiento normal,0.0626,0.0626
CVE-2024-21488,2024-01-30,7.3,HIGH,3.1,0.03274,0.87122,,,,,False,Alta,False,4 - Seguimiento normal,0.239,0.239
CVE-2024-23841,2024-01-30,8.2,HIGH,3.1,0.00385,0.31097,,,,,False,Alta,False,4 - Seguimiento normal,0.0316,0.0316
CVE-2024-0833,2024-01-31,7.8,HIGH,3.1,0.00158,0.05394,,,,,False,Alta,False,4 - Seguimiento normal,0.0123,0.0123
CVE-2024-22162,2024-01-31,7.1,HIGH,3.1,0.00331,0.255,,,,,False,Alta,False,4 - Seguimiento normal,0.0235,0.0235
CVE-2023-51695,2024-02-01,5.9,MEDIUM,3.1,0.00336,0.2607,,,,,False,Media,False,4 - Seguimiento normal,0.0198,0.0198
CVE-2023-51520,2024-02-01,6.5,MEDIUM,3.1,0.00328,0.25298,,,,,False,Media,False,4 - Seguimiento normal,0.0213,0.0213
CVE-2024-23645,2024-02-01,6.5,MEDIUM,3.1,0.00886,0.55552,,,,,False,Media,False,4 - Seguimiento normal,0.0576,0.0576
CVE-2023-49610,2024-02-01,8.1,HIGH,3.1,0.00385,0.31162,,,,,False,Alta,False,4 - Seguimiento normal,0.0312,0.0312
CVE-2023-50935,2024-02-02,6.5,MEDIUM,3.1,0.00407,0.33318,,,,,False,Media,False,4 - Seguimiento normal,0.0265,0.0265
CVE-2023-39297,2024-02-02,8.8,HIGH,3.1,0.01405,0.69772,,,,,False,Alta,False,4 - Seguimiento normal,0.1236,0.1236
CVE-2024-23550,2024-02-03,6.2,MEDIUM,3.1,0.00214,0.11895,,,,,False,Media,False,4 - Seguimiento normal,0.0133,0.0133
CVE-2024-1064,2024-02-03,7.5,HIGH,3.1,0.00808,0.53101,,,,,False,Alta,False,4 - Seguimiento normal,0.0606,0.0606
CVE-2024-23108,2024-02-05,10.0,CRITICAL,3.1,0.78375,0.99536,,,,,False,Crítica,True,2 - Explotación probable,7.8375,7.8375
CVE-2024-23109,2024-02-05,10.0,CRITICAL,3.1,0.03224,0.86918,,,,,False,Crítica,False,3 - Grave pero sin explotación conocida,0.3224,0.3224
CVE-2023-50781,2024-02-05,7.5,HIGH,3.1,0.01124,0.62913,,,,,False,Alta,False,4 - Seguimiento normal,0.0843,0.0843
CVE-2023-43516,2024-02-06,7.8,HIGH,3.1,0.0011,0.01508,,,,,False,Alta,False,4 - Seguimiento normal,0.0086,0.0086
CVE-2024-1251,2024-02-06,5.5,MEDIUM,3.1,0.00617,0.45948,,,,,False,Media,False,4 - Seguimiento normal,0.0339,0.0339
CVE-2024-1268,2024-02-07,6.3,MEDIUM,3.1,0.00592,0.44784,,,,,False,Media,False,4 - Seguimiento normal,0.0373,0.0373
CVE-2024-24303,2024-02-07,9.8,CRITICAL,3.1,0.00676,0.48501,,,,,False,Crítica,False,3 - Grave pero sin explotación conocida,0.0662,0.0662
CVE-2024-24133,2024-02-07,9.8,CRITICAL,3.1,0.00637,0.46827,,,,,False,Crítica,False,3 - Grave pero sin explotación conocida,0.0624,0.0624
CVE-2023-32330,2024-02-07,7.5,HIGH,3.1,0.0086,0.5476,,,,,False,Alta,False,4 - Seguimiento normal,0.0645,0.0645
CVE-2024-24024,2024-02-08,9.8,CRITICAL,3.1,0.00654,0.47565,,,,,False,Crítica,False,3 - Grave pero sin explotación conocida,0.0641,0.0641
CVE-2024-24834,2024-02-08,5.9,MEDIUM,3.1,0.00316,0.23951,,,,,False,Media,False,4 - Seguimiento normal,0.0186,0.0186
CVE-2023-47132,2024-02-08,9.8,CRITICAL,3.1,0.00551,0.42797,,,,,False,Crítica,False,3 - Grave pero sin explotación conocida,0.054,0.054
CVE-2024-0657,2024-02-09,4.4,MEDIUM,3.1,0.00301,0.22369,,,,,False,Media,False,4 - Seguimiento normal,0.0132,0.0132
CVE-2023-28077,2024-02-10,4.4,MEDIUM,3.1,0.00176,0.07347,,,,,False,Media,False,4 - Seguimiento normal,0.0077,0.0077
CVE-2024-1405,2024-02-10,4.3,MEDIUM,3.1,0.00359,0.2846,,,,,False,Media,False,4 - Seguimiento normal,0.0154,0.0154
CVE-2024-24804,2024-02-10,6.5,MEDIUM,3.1,0.00317,0.24074,,,,,False,Media,False,4 - Seguimiento normal,0.0206,0.0206
CVE-2024-25718,2024-02-11,9.8,CRITICAL,3.1,0.00664,0.47997,,,,,False,Crítica,False,3 - Grave pero sin explotación conocida,0.0651,0.0651
CVE-2024-23761,2024-02-12,9.8,CRITICAL,3.1,0.00659,0.47781,,,,,False,Crítica,False,3 - Grave pero sin explotación conocida,0.0646,0.0646
CVE-2023-52059,2024-02-13,5.4,MEDIUM,3.1,0.00386,0.31238,,,,,False,Media,False,4 - Seguimiento normal,0.0208,0.0208
CVE-2024-22445,2024-02-13,7.2,HIGH,3.1,0.01439,0.70408,,,,,False,Alta,False,4 - Seguimiento normal,0.1036,0.1036
CVE-2024-23802,2024-02-13,7.8,HIGH,3.1,0.00207,0.10946,,,,,False,Alta,False,4 - Seguimiento normal,0.0161,0.0161
CVE-2024-0707,2024-02-13,,,,0.0,0.0,,,,,False,Sin puntaje,False,4 - Seguimiento normal,0.0,0.0
CVE-2024-1355,2024-02-13,9.1,CRITICAL,3.1,0.02363,0.82018,,,,,False,Crítica,False,3 - Grave pero sin explotación conocida,0.215,0.215
CVE-2024-24696,2024-02-14,6.8,MEDIUM,3.1,0.00803,0.52951,,,,,False,Media,False,4 - Seguimiento normal,0.0546,0.0546
CVE-2023-48986,2024-02-14,6.1,MEDIUM,3.1,0.00606,0.45398,,,,,False,Media,False,4 - Seguimiento normal,0.037,0.037
CVE-2023-26585,2024-02-14,5.0,MEDIUM,3.1,0.00182,0.08041,,,,,False,Media,False,4 - Seguimiento normal,0.0091,0.0091
CVE-2023-49588,2024-02-14,,,,0.0,0.0,,,,,False,Sin puntaje,False,4 - Seguimiento normal,0.0,0.0
CVE-2024-23308,2024-02-14,7.5,HIGH,3.1,0.00515,0.40846,,,,,False,Alta,False,4 - Seguimiento normal,0.0386,0.0386
CVE-2024-24300,2024-02-14,9.8,CRITICAL,3.1,0.00767,0.51756,,,,,False,Crítica,False,3 - Grave pero sin explotación conocida,0.0752,0.0752
CVE-2021-29639,2024-02-15,,,,0.0,0.0,,,,,False,Sin puntaje,False,4 - Seguimiento normal,0.0,0.0
CVE-2023-4538,2024-02-15,6.2,MEDIUM,3.1,0.00362,0.28829,,,,,False,Media,False,4 - Seguimiento normal,0.0224,0.0224
CVE-2023-32462,2024-02-15,9.8,CRITICAL,3.1,0.01775,0.75883,,,,,False,Crítica,False,3 - Grave pero sin explotación conocida,0.1739,0.1739
CVE-2023-6255,2024-02-15,7.5,HIGH,3.1,0.00452,0.36884,,,,,False,Alta,False,4 - Seguimiento normal,0.0339,0.0339
CVE-2023-31728,2024-02-17,7.0,HIGH,3.1,0.00203,0.10489,,,,,False,Alta,False,4 - Seguimiento normal,0.0142,0.0142
CVE-2023-52367,2024-02-18,7.7,HIGH,3.1,0.00119,0.02108,,,,,False,Alta,False,4 - Seguimiento normal,0.0092,0.0092
CVE-2024-21890,2024-02-20,6.5,MEDIUM,3.1,0.00945,0.57443,,,,,False,Media,False,4 - Seguimiento normal,0.0614,0.0614
CVE-2024-25196,2024-02-20,3.3,LOW,3.1,0.00285,0.20753,,,,,False,Baja,False,4 - Seguimiento normal,0.0094,0.0094
CVE-2024-25199,2024-02-20,8.1,HIGH,3.1,0.00576,0.44021,,,,,False,Alta,False,4 - Seguimiento normal,0.0467,0.0467
CVE-2024-23114,2024-02-20,9.8,CRITICAL,3.1,0.01147,0.63481,,,,,False,Crítica,False,3 - Grave pero sin explotación conocida,0.1124,0.1124
CVE-2023-6936,2024-02-20,5.3,MEDIUM,3.1,0.006,0.45165,,,,,False,Media,False,4 - Seguimiento normal,0.0318,0.0318
CVE-2024-25602,2024-02-21,9.0,CRITICAL,3.1,0.00619,0.46032,,,,,False,Crítica,False,3 - Grave pero sin explotación conocida,0.0557,0.0557
CVE-2024-1703,2024-02-21,3.5,LOW,3.1,0.00707,0.49661,,,,,False,Baja,False,4 - Seguimiento normal,0.0247,0.0247
CVE-2023-24333,2024-02-21,8.8,HIGH,3.1,0.00475,0.38387,,,,,False,Alta,False,4 - Seguimiento normal,0.0418,0.0418
CVE-2024-23131,2024-02-22,7.8,HIGH,3.1,0.00515,0.40827,,,,,False,Alta,False,4 - Seguimiento normal,0.0402,0.0402
CVE-2023-37540,2024-02-23,3.9,LOW,3.1,0.00176,0.07391,,,,,False,Baja,False,4 - Seguimiento normal,0.0069,0.0069
CVE-2023-52462,2024-02-23,5.5,MEDIUM,3.1,0.00226,0.13511,,,,,False,Media,False,4 - Seguimiento normal,0.0124,0.0124
CVE-2024-1820,2024-02-23,7.3,HIGH,3.1,0.00579,0.44197,,,,,False,Alta,False,4 - Seguimiento normal,0.0423,0.0423
CVE-2024-1824,2024-02-23,7.3,HIGH,3.1,0.00579,0.44198,,,,,False,Alta,False,4 - Seguimiento normal,0.0423,0.0423
CVE-2024-1827,2024-02-23,7.3,HIGH,3.1,0.00701,0.4943,,,,,False,Alta,False,4 - Seguimiento normal,0.0512,0.0512
CVE-2021-33085,2024-02-23,,,,0.0,0.0,,,,,False,Sin puntaje,False,4 - Seguimiento normal,0.0,0.0
CVE-2021-33152,2024-02-23,,,,0.0,0.0,,,,,False,Sin puntaje,False,4 - Seguimiento normal,0.0,0.0
CVE-2021-41853,2024-02-23,,,,0.0,0.0,,,,,False,Sin puntaje,False,4 - Seguimiento normal,0.0,0.0
CVE-2024-26192,2024-02-23,8.2,HIGH,3.1,0.0152,0.71955,,,,,False,Alta,False,4 - Seguimiento normal,0.1246,0.1246
CVE-2023-52471,2024-02-26,5.5,MEDIUM,3.1,0.00232,0.14176,,,,,False,Media,False,4 - Seguimiento normal,0.0128,0.0128
CVE-2024-27455,2024-02-26,9.1,CRITICAL,3.1,0.00645,0.47201,,,,,False,Crítica,False,3 - Grave pero sin explotación conocida,0.0587,0.0587
CVE-2024-25248,2024-02-26,9.8,CRITICAL,3.1,0.00628,0.46447,,,,,False,Crítica,False,3 - Grave pero sin explotación conocida,0.0615,0.0615
CVE-2024-1106,2024-02-27,6.1,MEDIUM,3.1,0.00417,0.34179,,,,,False,Media,False,4 - Seguimiento normal,0.0254,0.0254
CVE-2023-5947,2024-02-27,,,,0.0,0.0,,,,,False,Sin puntaje,False,4 - Seguimiento normal,0.0,0.0
CVE-2024-24323,2024-02-27,7.2,HIGH,3.1,0.00719,0.50081,,,,,False,Alta,False,4 - Seguimiento normal,0.0518,0.0518
CVE-2021-46975,2024-02-27,,,,0.0,0.0,,,,,False,Sin puntaje,False,4 - Seguimiento normal,0.0,0.0
CVE-2020-36781,2024-02-28,5.5,MEDIUM,3.1,0.00222,0.12872,,,,,False,Media,False,4 - Seguimiento normal,0.0122,0.0122
CVE-2021-46988,2024-02-28,5.5,MEDIUM,3.1,0.0024,0.15227,,,,,False,Media,False,4 - Seguimiento normal,0.0132,0.0132
CVE-2021-46996,2024-02-28,5.5,MEDIUM,3.1,0.00246,0.15971,,,,,False,Media,False,4 - Seguimiento normal,0.0135,0.0135
CVE-2021-46999,2024-02-28,7.8,HIGH,3.1,0.0025,0.16466,,,,,False,Alta,False,4 - Seguimiento normal,0.0195,0.0195
CVE-2021-47012,2024-02-28,7.8,HIGH,3.1,0.00268,0.18794,,,,,False,Alta,False,4 - Seguimiento normal,0.0209,0.0209
CVE-2024-26342,2024-02-28,7.5,HIGH,3.1,0.00874,0.5521,,,,,False,Alta,False,4 - Seguimiento normal,0.0655,0.0655
CVE-2024-26476,2024-02-28,3.5,LOW,3.1,0.00412,0.3379,,,,,False,Baja,False,4 - Seguimiento normal,0.0144,0.0144
CVE-2023-44344,2024-02-29,5.5,MEDIUM,3.1,0.00339,0.26373,,,,,False,Media,False,4 - Seguimiento normal,0.0186,0.0186
CVE-2024-0984,2024-02-29,4.3,MEDIUM,3.1,0.00372,0.29858,,,,,False,Media,False,4 - Seguimiento normal,0.016,0.016
CVE-2023-38367,2024-02-29,6.5,MEDIUM,3.1,0.00341,0.2669,,,,,False,Media,False,4 - Seguimiento normal,0.0222,0.0222
CVE-2023-51528,2024-02-29,4.3,MEDIUM,3.1,0.00241,0.15372,,,,,False,Media,False,4 - Seguimiento normal,0.0104,0.0104
CVE-2023-52480,2024-02-29,7.0,HIGH,3.1,0.0018,0.07765,,,,,False,Alta,False,4 - Seguimiento normal,0.0126,0.0126
CVE-2024-27658,2024-02-29,6.5,MEDIUM,3.1,0.00644,0.47132,,,,,False,Media,False,4 - Seguimiento normal,0.0419,0.0419
CVE-2021-47063,2024-02-29,7.8,HIGH,3.1,0.00255,0.17055,,,,,False,Alta,False,4 - Seguimiento normal,0.0199,0.0199
CVE-2024-26280,2024-03-01,4.7,MEDIUM,3.1,0.01856,0.76979,,,,,False,Media,False,4 - Seguimiento normal,0.0872,0.0872
CVE-2024-2068,2024-03-01,3.5,LOW,3.1,0.02532,0.83266,,,,,False,Baja,False,4 - Seguimiento normal,0.0886,0.0886
CVE-2024-24512,2024-03-01,6.1,MEDIUM,3.1,0.00528,0.41529,,,,,False,Media,False,4 - Seguimiento normal,0.0322,0.0322
CVE-2024-27355,2024-03-01,7.5,HIGH,3.1,0.00569,0.43701,,,,,False,Alta,False,4 - Seguimiento normal,0.0427,0.0427
CVE-2022-48628,2024-03-02,5.5,MEDIUM,3.1,0.00237,0.14902,,,,,False,Media,False,4 - Seguimiento normal,0.013,0.013
CVE-2024-27255,2024-03-03,5.9,MEDIUM,3.1,0.00261,0.17797,,,,,False,Media,False,4 - Seguimiento normal,0.0154,0.0154
CVE-2023-28582,2024-03-04,9.8,CRITICAL,3.1,0.00439,0.35938,,,,,False,Crítica,False,3 - Grave pero sin explotación conocida,0.043,0.043
CVE-2024-20835,2024-03-05,4.0,MEDIUM,3.1,0.0014,0.03782,,,,,False,Media,False,4 - Seguimiento normal,0.0056,0.0056
CVE-2024-20840,2024-03-05,5.7,MEDIUM,3.1,0.00228,0.1373,,,,,False,Media,False,4 - Seguimiento normal,0.013,0.013
CVE-2024-20833,2024-03-05,4.1,MEDIUM,3.1,0.00106,0.01304,,,,,False,Media,False,4 - Seguimiento normal,0.0043,0.0043
CVE-2024-26339,2024-03-05,9.1,CRITICAL,3.1,0.00839,0.54049,,,,,False,Crítica,False,3 - Grave pero sin explotación conocida,0.0763,0.0763
CVE-2024-2056,2024-03-05,9.8,CRITICAL,3.1,0.16711,0.96701,,,,,False,Crítica,True,2 - Explotación probable,1.6377,1.6377
CVE-2023-49971,2024-03-06,6.1,MEDIUM,3.1,0.00433,0.35485,,,,,False,Media,False,4 - Seguimiento normal,0.0264,0.0264
CVE-2023-52583,2024-03-06,5.5,MEDIUM,3.1,0.00182,0.08052,,,,,False,Media,False,4 - Seguimiento normal,0.01,0.01
CVE-2023-52584,2024-03-06,3.8,LOW,3.1,0.00562,0.43363,,,,,False,Baja,False,4 - Seguimiento normal,0.0214,0.0214
CVE-2024-1224,2024-03-06,7.1,HIGH,3.1,0.00121,0.02285,,,,,False,Alta,False,4 - Seguimiento normal,0.0086,0.0086
CVE-2024-28149,2024-03-06,6.5,MEDIUM,3.1,0.00698,0.49313,,,,,False,Media,False,4 - Seguimiento normal,0.0454,0.0454
CVE-2024-24767,2024-03-06,9.1,CRITICAL,3.1,0.00977,0.58498,,,,,False,Crítica,False,3 - Grave pero sin explotación conocida,0.0889,0.0889
CVE-2024-28111,2024-03-06,6.5,MEDIUM,3.1,0.00634,0.46693,,,,,False,Media,False,4 - Seguimiento normal,0.0412,0.0412
CVE-2024-28214,2024-03-07,2.7,LOW,3.1,0.00605,0.45374,,,,,False,Baja,False,4 - Seguimiento normal,0.0163,0.0163
CVE-2024-22256,2024-03-07,4.3,MEDIUM,3.1,0.00418,0.34281,,,,,False,Media,False,4 - Seguimiento normal,0.018,0.018
CVE-2023-47691,2024-03-07,,,,0.0,0.0,,,,,False,Sin puntaje,False,4 - Seguimiento normal,0.0,0.0
CVE-2024-2265,2024-03-07,5.3,MEDIUM,3.1,0.0083,0.53796,,,,,False,Media,False,4 - Seguimiento normal,0.044,0.044
CVE-2024-2269,2024-03-07,6.3,MEDIUM,3.1,0.00558,0.43158,,,,,False,Media,False,4 - Seguimiento normal,0.0352,0.0352
CVE-2024-23242,2024-03-08,3.3,LOW,3.1,0.00215,0.12113,,,,,False,Baja,False,4 - Seguimiento normal,0.0071,0.0071
CVE-2024-23245,2024-03-08,3.3,LOW,3.1,0.00435,0.35612,,,,,False,Baja,False,4 - Seguimiento normal,0.0144,0.0144
CVE-2024-23246,2024-03-08,8.6,HIGH,3.1,0.00691,0.49056,,,,,False,Alta,False,4 - Seguimiento normal,0.0594,0.0594
CVE-2024-23255,2024-03-08,2.4,LOW,3.1,0.00672,0.48301,,,,,False,Baja,False,4 - Seguimiento normal,0.0161,0.0161
CVE-2024-23269,2024-03-08,5.5,MEDIUM,3.1,0.00249,0.16323,,,,,False,Media,False,4 - Seguimiento normal,0.0137,0.0137
CVE-2024-23270,2024-03-08,7.8,HIGH,3.1,0.00277,0.19864,,,,,False,Alta,False,4 - Seguimiento normal,0.0216,0.0216
CVE-2024-2298,2024-03-08,4.3,MEDIUM,3.1,0.00324,0.24778,,,,,False,Media,False,4 - Seguimiento normal,0.0139,0.0139
CVE-2024-25987,2024-03-11,6.7,MEDIUM,3.1,0.00084,0.00332,,,,,False,Media,False,4 - Seguimiento normal,0.0056,0.0056
CVE-2024-27225,2024-03-11,4.4,MEDIUM,3.1,0.00087,0.00449,,,,,False,Media,False,4 - Seguimiento normal,0.0038,0.0038
CVE-2024-27228,2024-03-11,9.8,CRITICAL,3.1,0.00557,0.4306,,,,,False,Crítica,False,3 - Grave pero sin explotación conocida,0.0546,0.0546
CVE-2024-28199,2024-03-11,7.1,HIGH,3.1,0.00604,0.45309,,,,,False,Alta,False,4 - Seguimiento normal,0.0429,0.0429
CVE-2024-22133,2024-03-12,4.6,MEDIUM,3.1,0.003,0.22249,,,,,False,Media,False,4 - Seguimiento normal,0.0138,0.0138
CVE-2024-27317,2024-03-12,8.4,HIGH,3.1,0.56934,0.9897,,,,,False,Alta,True,2 - Explotación probable,4.7825,4.7825
CVE-2024-25154,2024-03-13,5.3,MEDIUM,3.1,0.00464,0.37737,,,,,False,Media,False,4 - Seguimiento normal,0.0246,0.0246
CVE-2024-0614,2024-03-13,4.4,MEDIUM,3.1,0.00685,0.48843,,,,,False,Media,False,4 - Seguimiento normal,0.0301,0.0301
CVE-2024-1499,2024-03-13,6.4,MEDIUM,3.1,0.00532,0.41745,,,,,False,Media,False,4 - Seguimiento normal,0.034,0.034
CVE-2024-1854,2024-03-13,6.4,MEDIUM,3.1,0.00427,0.34992,,,,,False,Media,False,4 - Seguimiento normal,0.0273,0.0273
CVE-2024-28678,2024-03-13,6.3,MEDIUM,3.1,0.00233,0.14348,,,,,False,Media,False,4 - Seguimiento normal,0.0147,0.0147
CVE-2024-2126,2024-03-13,6.4,MEDIUM,3.1,0.00423,0.34742,,,,,False,Media,False,4 - Seguimiento normal,0.0271,0.0271
CVE-2024-2418,2024-03-13,6.3,MEDIUM,3.1,0.0073,0.50502,,,,,False,Media,False,4 - Seguimiento normal,0.046,0.046
CVE-2024-28388,2024-03-14,9.8,CRITICAL,3.1,0.00832,0.53857,,,,,False,Crítica,False,3 - Grave pero sin explotación conocida,0.0815,0.0815
CVE-2024-25227,2024-03-15,9.8,CRITICAL,3.1,0.00794,0.52643,,,,,False,Crítica,False,3 - Grave pero sin explotación conocida,0.0778,0.0778
CVE-2024-2480,2024-03-15,6.3,MEDIUM,3.1,0.00604,0.45315,,,,,False,Media,False,4 - Seguimiento normal,0.0381,0.0381
CVE-2023-50886,2024-03-15,4.3,MEDIUM,3.1,0.00205,0.10751,,,,,False,Media,False,4 - Seguimiento normal,0.0088,0.0088
CVE-2024-2572,2024-03-18,7.3,HIGH,3.1,0.0103,0.6016,,,,,False,Alta,False,4 - Seguimiento normal,0.0752,0.0752
CVE-2024-2577,2024-03-18,7.3,HIGH,3.1,0.00669,0.48195,,,,,False,Alta,False,4 - Seguimiento normal,0.0488,0.0488
CVE-2024-27757,2024-03-18,6.1,MEDIUM,3.1,0.00417,0.34166,,,,,False,Media,False,4 - Seguimiento normal,0.0254,0.0254
CVE-2023-52615,2024-03-18,5.5,MEDIUM,3.1,0.00195,0.09454,,,,,False,Media,False,4 - Seguimiento normal,0.0107,0.0107
CVE-2024-26635,2024-03-18,5.5,MEDIUM,3.1,0.00242,0.15507,,,,,False,Media,False,4 - Seguimiento normal,0.0133,0.0133
CVE-2024-2613,2024-03-19,7.5,HIGH,3.1,0.00501,0.39969,,,,,False,Alta,False,4 - Seguimiento normal,0.0376,0.0376
CVE-2024-29115,2024-03-19,6.5,MEDIUM,3.1,0.00337,0.2617,,,,,False,Media,False,4 - Seguimiento normal,0.0219,0.0219
CVE-2023-4426,2024-03-19,,,,0.0,0.0,,,,,False,Sin puntaje,False,4 - Seguimiento normal,0.0,0.0
CVE-2024-28394,2024-03-19,9.8,CRITICAL,3.1,0.01178,0.64404,,,,,False,Crítica,False,3 - Grave pero sin explotación conocida,0.1154,0.1154
CVE-2024-2644,2024-03-19,6.3,MEDIUM,3.1,0.00838,0.54035,,,,,False,Media,False,4 - Seguimiento normal,0.0528,0.0528
CVE-2024-2672,2024-03-20,6.3,MEDIUM,3.1,0.00601,0.45199,,,,,False,Media,False,4 - Seguimiento normal,0.0379,0.0379
CVE-2024-28396,2024-03-20,7.5,HIGH,3.1,0.00826,0.53658,,,,,False,Alta,False,4 - Seguimiento normal,0.0619,0.0619
CVE-2024-2709,2024-03-20,8.8,HIGH,3.1,0.01482,0.71264,,,,,False,Alta,False,4 - Seguimiento normal,0.1304,0.1304
CVE-2024-1278,2024-03-21,6.4,MEDIUM,3.1,0.00402,0.3288,,,,,False,Media,False,4 - Seguimiento normal,0.0257,0.0257
CVE-2024-22352,2024-03-21,6.5,MEDIUM,3.1,0.00495,0.39612,,,,,False,Media,False,4 - Seguimiento normal,0.0322,0.0322
CVE-2024-1727,2024-03-21,4.3,MEDIUM,3.0,0.00352,0.27797,,,,,False,Media,False,4 - Seguimiento normal,0.0151,0.0151
CVE-2024-2807,2024-03-22,8.8,HIGH,3.1,0.01372,0.69102,,,,,False,Alta,False,4 - Seguimiento normal,0.1207,0.1207
CVE-2024-2817,2024-03-22,4.3,MEDIUM,3.1,0.00335,0.25997,,,,,False,Media,False,4 - Seguimiento normal,0.0144,0.0144
CVE-2021-47138,2024-03-25,7.1,HIGH,3.1,0.00244,0.15718,,,,,False,Alta,False,4 - Seguimiento normal,0.0173,0.0173
CVE-2021-47150,2024-03-25,5.5,MEDIUM,3.1,0.00225,0.13342,,,,,False,Media,False,4 - Seguimiento normal,0.0124,0.0124
CVE-2024-30202,2024-03-25,7.8,HIGH,3.1,0.01099,0.62231,,,,,False,Alta,False,4 - Seguimiento normal,0.0857,0.0857
CVE-2023-6175,2024-03-26,7.8,HIGH,3.1,0.03456,0.87793,,,,,False,Alta,False,4 - Seguimiento normal,0.2696,0.2696
CVE-2023-32237,2024-03-26,5.4,MEDIUM,3.1,0.00357,0.28306,,,,,False,Media,False,4 - Seguimiento normal,0.0193,0.0193
CVE-2024-26018,2024-03-26,6.1,MEDIUM,3.1,0.00313,0.23679,,,,,False,Media,False,4 - Seguimiento normal,0.0191,0.0191
CVE-2023-50895,2024-03-26,7.2,HIGH,3.1,0.0066,0.47834,,,,,False,Alta,False,4 - Seguimiento normal,0.0475,0.0475
CVE-2024-2802,2024-03-26,,,,0.0,0.0,,,,,False,Sin puntaje,False,4 - Seguimiento normal,0.0,0.0
CVE-2024-29808,2024-03-26,5.4,MEDIUM,3.1,0.00412,0.33721,,,,,False,Media,False,4 - Seguimiento normal,0.0222,0.0222
CVE-2024-2921,2024-03-26,9.8,CRITICAL,3.1,0.00794,0.52626,,,,,False,Crítica,False,3 - Grave pero sin explotación conocida,0.0778,0.0778
CVE-2023-50702,2024-03-26,8.8,HIGH,3.1,0.0058,0.44228,,,,,False,Alta,False,4 - Seguimiento normal,0.051,0.051
CVE-2024-2917,2024-03-26,5.4,MEDIUM,3.1,0.00774,0.51997,,,,,False,Media,False,4 - Seguimiento normal,0.0418,0.0418
CVE-2024-0400,2024-03-27,7.5,HIGH,3.1,0.00628,0.46452,,,,,False,Alta,False,4 - Seguimiento normal,0.0471,0.0471
CVE-2024-24335,2024-03-27,8.4,HIGH,3.1,0.00404,0.3306,,,,,False,Alta,False,4 - Seguimiento normal,0.0339,0.0339
CVE-2023-45929,2024-03-27,9.1,CRITICAL,3.1,0.0071,0.49749,,,,,False,Crítica,False,3 - Grave pero sin explotación conocida,0.0646,0.0646
CVE-2024-29758,2024-03-27,7.1,HIGH,3.1,0.00375,0.30143,,,,,False,Alta,False,4 - Seguimiento normal,0.0266,0.0266
CVE-2024-20316,2024-03-27,5.8,MEDIUM,3.1,0.00451,0.36822,,,,,False,Media,False,4 - Seguimiento normal,0.0262,0.0262
CVE-2023-39309,2024-03-28,8.5,HIGH,3.1,0.00577,0.44089,,,,,False,Alta,False,4 - Seguimiento normal,0.049,0.049
CVE-2024-28002,2024-03-28,7.1,HIGH,3.1,0.00375,0.30143,,,,,False,Alta,False,4 - Seguimiento normal,0.0266,0.0266
CVE-2024-30421,2024-03-28,4.3,MEDIUM,3.1,0.00212,0.11648,,,,,False,Media,False,4 - Seguimiento normal,0.0091,0.0091
CVE-2024-0609,2024-03-29,7.2,HIGH,3.1,0.00542,0.4229,,,,,False,Alta,False,4 - Seguimiento normal,0.039,0.039
CVE-2024-23537,2024-03-29,8.4,HIGH,3.1,0.01104,0.62346,,,,,False,Alta,False,4 - Seguimiento normal,0.0927,0.0927
CVE-2024-29904,2024-03-29,7.5,HIGH,3.1,0.00773,0.51955,,,,,False,Alta,False,4 - Seguimiento normal,0.058,0.058
CVE-2024-30482,2024-03-29,4.3,MEDIUM,3.1,0.00241,0.15374,,,,,False,Media,False,4 - Seguimiento normal,0.0104,0.0104
CVE-2024-25944,2024-03-29,5.7,MEDIUM,3.1,0.00765,0.51691,,,,,False,Media,False,4 - Seguimiento normal,0.0436,0.0436
CVE-2024-30450,2024-03-29,6.5,MEDIUM,3.1,0.0036,0.28606,,,,,False,Media,False,4 - Seguimiento normal,0.0234,0.0234
CVE-2024-30454,2024-03-29,4.3,MEDIUM,3.1,0.00241,0.15375,,,,,False,Media,False,4 - Seguimiento normal,0.0104,0.0104
CVE-2024-2948,2024-03-30,6.4,MEDIUM,3.1,0.0038,0.30655,,,,,False,Media,False,4 - Seguimiento normal,0.0243,0.0243
CVE-2020-36828,2024-03-31,3.5,LOW,3.1,0.00484,0.38974,,,,,False,Baja,False,4 - Seguimiento normal,0.0169,0.0169
CVE-2024-2263,2024-04-01,4.8,MEDIUM,3.1,0.00402,0.32873,,,,,False,Media,False,4 - Seguimiento normal,0.0193,0.0193
CVE-2024-21463,2024-04-01,7.3,HIGH,3.1,0.00291,0.21311,,,,,False,Alta,False,4 - Seguimiento normal,0.0212,0.0212
CVE-2024-26655,2024-04-01,5.5,MEDIUM,3.1,0.00265,0.18231,,,,,False,Media,False,4 - Seguimiento normal,0.0146,0.0146
CVE-2024-25574,2024-04-01,8.8,HIGH,3.1,0.0879,0.94623,,,,,False,Alta,False,4 - Seguimiento normal,0.7735,0.7735
CVE-2024-27323,2024-04-01,7.5,HIGH,3.1,0.00332,0.25697,,,,,False,Alta,False,4 - Seguimiento normal,0.0249,0.0249
CVE-2024-3164,2024-04-01,4.5,MEDIUM,3.1,0.00469,0.37998,,,,,False,Media,False,4 - Seguimiento normal,0.0211,0.0211
CVE-2024-26666,2024-04-02,7.8,HIGH,3.1,0.00234,0.14451,,,,,False,Alta,False,4 - Seguimiento normal,0.0183,0.0183
CVE-2024-26667,2024-04-02,5.5,MEDIUM,3.1,0.00225,0.13339,,,,,False,Media,False,4 - Seguimiento normal,0.0124,0.0124
CVE-2024-31003,2024-04-02,8.8,HIGH,3.1,0.01494,0.71479,,,,,False,Alta,False,4 - Seguimiento normal,0.1315,0.1315
CVE-2024-30355,2024-04-02,7.8,HIGH,3.0,0.00764,0.51644,,,,,False,Alta,False,4 - Seguimiento normal,0.0596,0.0596
CVE-2024-31013,2024-04-03,6.1,MEDIUM,3.1,0.00476,0.38465,,,,,False,Media,False,4 - Seguimiento normal,0.029,0.029
CVE-2024-0172,2024-04-03,7.9,HIGH,3.1,0.00147,0.04388,,,,,False,Alta,False,4 - Seguimiento normal,0.0116,0.0116
CVE-2024-25046,2024-04-03,5.3,MEDIUM,3.1,0.00653,0.47543,,,,,False,Media,False,4 - Seguimiento normal,0.0346,0.0346
CVE-2023-52639,2024-04-03,4.7,MEDIUM,3.1,0.00175,0.07192,,,,,False,Media,False,4 - Seguimiento normal,0.0082,0.0082
CVE-2024-26722,2024-04-03,5.5,MEDIUM,3.1,0.00182,0.08009,,,,,False,Media,False,4 - Seguimiento normal,0.01,0.01
CVE-2023-52640,2024-04-03,7.1,HIGH,3.1,0.00244,0.15745,,,,,False,Alta,False,4 - Seguimiento normal,0.0173,0.0173
CVE-2024-30332,2024-04-03,7.8,HIGH,3.0,0.00914,0.56443,,,,,False,Alta,False,4 - Seguimiento normal,0.0713,0.0713
CVE-2024-2653,2024-04-03,8.2,HIGH,3.1,0.83244,0.99648,,,,,False,Alta,True,2 - Explotación probable,6.826,6.826
CVE-2024-26745,2024-04-04,4.4,MEDIUM,3.1,0.0022,0.126,,,,,False,Media,False,4 - Seguimiento normal,0.0097,0.0097
CVE-2024-30260,2024-04-04,3.9,LOW,3.1,0.00734,0.5064,,,,,False,Baja,False,4 - Seguimiento normal,0.0286,0.0286
CVE-2024-25007,2024-04-04,7.1,HIGH,3.1,0.00441,0.36098,,,,,False,Alta,False,4 - Seguimiento normal,0.0313,0.0313
CVE-2023-38709,2024-04-04,7.3,HIGH,3.1,0.03914,0.89211,,,,,False,Alta,False,4 - Seguimiento normal,0.2857,0.2857
CVE-2024-0081,2024-04-05,8.6,HIGH,3.1,0.00616,0.4592,,,,,False,Alta,False,4 - Seguimiento normal,0.053,0.053
CVE-2024-3361,2024-04-06,7.3,HIGH,3.1,0.00829,0.53757,,,,,False,Alta,False,4 - Seguimiento normal,0.0605,0.0605
CVE-2021-4438,2024-04-07,5.3,MEDIUM,3.1,0.0026,0.17658,,,,,False,Media,False,4 - Seguimiento normal,0.0138,0.0138
CVE-2024-30417,2024-04-07,7.5,HIGH,3.1,0.00428,0.35104,,,,,False,Alta,False,4 - Seguimiento normal,0.0321,0.0321
CVE-2024-31296,2024-04-07,4.3,MEDIUM,3.1,0.00318,0.24195,,,,,False,Media,False,4 - Seguimiento normal,0.0137,0.0137
CVE-2024-31951,2024-04-07,6.5,MEDIUM,3.1,0.0054,0.42207,,,,,False,Media,False,4 - Seguimiento normal,0.0351,0.0351
CVE-2023-52349,2024-04-08,4.4,MEDIUM,3.1,0.00083,0.00318,,,,,False,Media,False,4 - Seguimiento normal,0.0037,0.0037
CVE-2023-52359,2024-04-08,7.5,HIGH,3.1,0.0035,0.27582,,,,,False,Alta,False,4 - Seguimiento normal,0.0262,0.0262
CVE-2023-52546,2024-04-08,7.5,HIGH,3.1,0.00184,0.08254,,,,,False,Alta,False,4 - Seguimiento normal,0.0138,0.0138
CVE-2022-43216,2024-04-08,9.1,CRITICAL,3.1,0.0049,0.39345,,,,,False,Crítica,False,3 - Grave pero sin explotación conocida,0.0446,0.0446
CVE-2024-3456,2024-04-08,6.3,MEDIUM,3.1,0.00765,0.51706,,,,,False,Media,False,4 - Seguimiento normal,0.0482,0.0482
CVE-2024-30686,2024-04-09,,,,0.0,0.0,,,,,False,Sin puntaje,False,4 - Seguimiento normal,0.0,0.0
CVE-2024-31366,2024-04-09,7.1,HIGH,3.1,0.00493,0.39498,,,,,False,Alta,False,4 - Seguimiento normal,0.035,0.035
CVE-2024-21755,2024-04-09,8.8,HIGH,3.1,0.0248,0.8289,,,,,False,Alta,False,4 - Seguimiento normal,0.2182,0.2182
CVE-2024-26210,2024-04-09,8.8,HIGH,3.1,0.01962,0.78254,,,,,False,Alta,False,4 - Seguimiento normal,0.1727,0.1727
CVE-2024-28930,2024-04-09,8.8,HIGH,3.1,0.02356,0.81974,,,,,False,Alta,False,4 - Seguimiento normal,0.2073,0.2073
CVE-2024-28931,2024-04-09,8.8,HIGH,3.1,0.02415,0.82413,,,,,False,Alta,False,4 - Seguimiento normal,0.2125,0.2125
CVE-2024-29046,2024-04-09,8.8,HIGH,3.1,0.02351,0.81925,,,,,False,Alta,False,4 - Seguimiento normal,0.2069,0.2069
CVE-2024-1352,2024-04-09,6.5,MEDIUM,3.1,0.00552,0.42823,,,,,False,Media,False,4 - Seguimiento normal,0.0359,0.0359
CVE-2024-2026,2024-04-09,6.4,MEDIUM,3.1,0.00501,0.3996,,,,,False,Media,False,4 - Seguimiento normal,0.0321,0.0321
CVE-2024-2789,2024-04-09,6.4,MEDIUM,3.1,0.00343,0.26799,,,,,False,Media,False,4 - Seguimiento normal,0.022,0.022
CVE-2024-2866,2024-04-09,,,,0.0,0.0,,,,,False,Sin puntaje,False,4 - Seguimiento normal,0.0,0.0
CVE-2024-3512,2024-04-09,,,,0.0,0.0,,,,,False,Sin puntaje,False,4 - Seguimiento normal,0.0,0.0
CVE-2024-1780,2024-04-10,6.1,MEDIUM,3.1,0.00585,0.44465,,,,,False,Media,False,4 - Seguimiento normal,0.0357,0.0357
CVE-2024-20778,2024-04-10,5.4,MEDIUM,3.1,0.00503,0.40124,,,,,False,Media,False,4 - Seguimiento normal,0.0272,0.0272
CVE-2024-3385,2024-04-10,7.5,HIGH,3.1,0.00909,0.56266,,,,,False,Alta,False,4 - Seguimiento normal,0.0682,0.0682
CVE-2024-29445,2024-04-10,,,,0.0,0.0,,,,,False,Sin puntaje,False,4 - Seguimiento normal,0.0,0.0
CVE-2024-27967,2024-04-11,4.3,MEDIUM,3.1,0.00227,0.13599,,,,,False,Media,False,4 - Seguimiento normal,0.0098,0.0098
CVE-2024-27990,2024-04-11,6.5,MEDIUM,3.1,0.0032,0.24329,,,,,False,Media,False,4 - Seguimiento normal,0.0208,0.0208
CVE-2024-29448,2024-04-11,,,,0.0,0.0,,,,,False,Sin puntaje,False,4 - Seguimiento normal,0.0,0.0
CVE-2024-29455,2024-04-11,,,,0.0,0.0,,,,,False,Sin puntaje,False,4 - Seguimiento normal,0.0,0.0
CVE-2024-30879,2024-04-11,6.1,MEDIUM,3.1,0.00439,0.35956,,,,,False,Media,False,4 - Seguimiento normal,0.0268,0.0268
CVE-2024-22717,2024-04-11,6.1,MEDIUM,3.1,0.0037,0.29585,,,,,False,Media,False,4 - Seguimiento normal,0.0226,0.0226
CVE-2023-44852,2024-04-12,8.2,HIGH,3.1,0.00619,0.46018,,,,,False,Alta,False,4 - Seguimiento normal,0.0508,0.0508
CVE-2023-44853,2024-04-12,4.8,MEDIUM,3.1,0.00304,0.22727,,,,,False,Media,False,4 - Seguimiento normal,0.0146,0.0146
CVE-2023-44854,2024-04-12,6.1,MEDIUM,3.1,0.00538,0.42093,,,,,False,Media,False,4 - Seguimiento normal,0.0328,0.0328
CVE-2024-31371,2024-04-12,4.3,MEDIUM,3.1,0.002,0.10098,,,,,False,Media,False,4 - Seguimiento normal,0.0086,0.0086
CVE-2024-26817,2024-04-13,5.5,MEDIUM,3.1,0.00754,0.51299,,,,,False,Media,False,4 - Seguimiento normal,0.0415,0.0415
CVE-2024-3721,2024-04-13,6.3,MEDIUM,3.1,0.86008,0.9971,,,,,False,Media,True,2 - Explotación probable,5.4185,5.4185
CVE-2024-3735,2024-04-13,6.3,MEDIUM,4.0,0.006,0.45138,,,,,False,Media,False,4 - Seguimiento normal,0.0378,0.0378
CVE-2024-32453,2024-04-15,5.9,MEDIUM,3.1,0.00335,0.26027,,,,,False,Media,False,4 - Seguimiento normal,0.0198,0.0198
CVE-2024-3780,2024-04-15,7.8,HIGH,3.1,0.00185,0.08388,,,,,False,Alta,False,4 - Seguimiento normal,0.0144,0.0144
CVE-2024-22014,2024-04-15,8.8,HIGH,3.1,0.00762,0.51594,,,,,False,Alta,False,4 - Seguimiento normal,0.0671,0.0671
CVE-2024-32634,2024-04-16,6.1,MEDIUM,3.1,0.00266,0.18373,,,,,False,Media,False,4 - Seguimiento normal,0.0162,0.0162
CVE-2024-32025,2024-04-16,9.1,CRITICAL,3.1,0.02494,0.82994,,,,,False,Crítica,False,3 - Grave pero sin explotación conocida,0.227,0.227
CVE-2024-3875,2024-04-16,8.8,HIGH,3.1,0.01641,0.73935,,,,,False,Alta,False,4 - Seguimiento normal,0.1444,0.1444
CVE-2024-21021,2024-04-16,6.1,MEDIUM,3.1,0.00395,0.32206,,,,,False,Media,False,4 - Seguimiento normal,0.0241,0.0241
CVE-2024-21035,2024-04-16,6.1,MEDIUM,3.1,0.00362,0.2884,,,,,False,Media,False,4 - Seguimiento normal,0.0221,0.0221
CVE-2024-27086,2024-04-16,3.9,LOW,3.1,0.00189,0.0884,,,,,False,Baja,False,4 - Seguimiento normal,0.0074,0.0074
CVE-2024-32543,2024-04-17,7.1,HIGH,3.1,0.00354,0.27966,,,,,False,Alta,False,4 - Seguimiento normal,0.0251,0.0251
CVE-2024-26833,2024-04-17,5.5,MEDIUM,3.1,0.00228,0.13716,,,,,False,Media,False,4 - Seguimiento normal,0.0125,0.0125
CVE-2023-51500,2024-04-17,7.7,HIGH,3.1,0.00472,0.3817,,,,,False,Alta,False,4 - Seguimiento normal,0.0363,0.0363
CVE-2024-26904,2024-04-17,,,,0.0,0.0,,,,,False,Sin puntaje,False,4 - Seguimiento normal,0.0,0.0
CVE-2024-26916,2024-04-17,5.5,MEDIUM,3.1,0.00171,0.06713,,,,,False,Media,False,4 - Seguimiento normal,0.0094,0.0094
CVE-2024-31040,2024-04-17,2.7,LOW,3.1,0.00576,0.4406,,,,,False,Baja,False,4 - Seguimiento normal,0.0156,0.0156
CVE-2024-32163,2024-04-17,6.4,MEDIUM,3.1,0.00322,0.24605,,,,,False,Media,False,4 - Seguimiento normal,0.0206,0.0206
CVE-2024-32745,2024-04-17,5.9,MEDIUM,3.1,0.00316,0.23926,,,,,False,Media,False,4 - Seguimiento normal,0.0186,0.0186
CVE-2024-2796,2024-04-18,9.3,CRITICAL,3.1,0.0044,0.36053,,,,,False,Crítica,False,3 - Grave pero sin explotación conocida,0.0409,0.0409
CVE-2024-30922,2024-04-18,9.8,CRITICAL,3.1,0.01429,0.70236,,,,,False,Crítica,False,3 - Grave pero sin explotación conocida,0.14,0.14
CVE-2024-30928,2024-04-18,8.1,HIGH,3.1,0.00724,0.50242,,,,,False,Alta,False,4 - Seguimiento normal,0.0586,0.0586
CVE-2024-28722,2024-04-22,6.3,MEDIUM,3.1,0.00459,0.3739,,,,,False,Media,False,4 - Seguimiento normal,0.0289,0.0289
CVE-2024-32684,2024-04-22,5.3,MEDIUM,3.1,0.00385,0.31159,,,,,False,Media,False,4 - Seguimiento normal,0.0204,0.0204
CVE-2022-46897,2024-04-22,5.3,MEDIUM,3.1,0.00148,0.04496,,,,,False,Media,False,4 - Seguimiento normal,0.0078,0.0078
CVE-2024-31804,2024-04-23,6.7,MEDIUM,3.1,0.00677,0.48538,,,,,False,Media,False,4 - Seguimiento normal,0.0454,0.0454
CVE-2023-48938,2024-04-23,,,,0.0,0.0,,,,,False,Sin puntaje,False,4 - Seguimiento normal,0.0,0.0
CVE-2024-1743,2024-04-24,5.9,MEDIUM,3.1,0.00315,0.23841,,,,,False,Media,False,4 - Seguimiento normal,0.0186,0.0186
CVE-2024-32834,2024-04-24,5.9,MEDIUM,3.1,0.00339,0.26362,,,,,False,Media,False,4 - Seguimiento normal,0.02,0.02
CVE-2023-47504,2024-04-24,6.5,MEDIUM,3.1,0.01452,0.70678,,,,,False,Media,False,4 - Seguimiento normal,0.0944,0.0944
CVE-2024-4119,2024-04-24,8.8,HIGH,3.1,0.01684,0.7461,,,,,False,Alta,False,4 - Seguimiento normal,0.1482,0.1482
CVE-2024-20359,2024-04-24,6.0,MEDIUM,3.1,0.19434,0.97077,Cisco,Adaptive Security Appliance (ASA) and Firepower Threat Defense (FTD),2024-04-24,Unknown,True,Media,True,1 - Explotada activamente,1.166,10.0
CVE-2024-3730,2024-04-25,5.4,MEDIUM,3.1,0.0034,0.26497,,,,,False,Media,False,4 - Seguimiento normal,0.0184,0.0184
CVE-2024-25569,2024-04-25,6.5,MEDIUM,3.1,0.01074,0.6147,,,,,False,Media,False,4 - Seguimiento normal,0.0698,0.0698
CVE-2024-2905,2024-04-25,6.2,MEDIUM,3.1,0.00328,0.25201,,,,,False,Media,False,4 - Seguimiento normal,0.0203,0.0203
CVE-2024-1789,2024-04-26,7.2,HIGH,3.1,0.00452,0.36916,,,,,False,Alta,False,4 - Seguimiento normal,0.0325,0.0325
CVE-2023-50364,2024-04-26,6.4,MEDIUM,3.1,0.00851,0.54437,,,,,False,Media,False,4 - Seguimiento normal,0.0545,0.0545
CVE-2024-33342,2024-04-26,7.5,HIGH,3.1,0.01559,0.72635,,,,,False,Alta,False,4 - Seguimiento normal,0.1169,0.1169
CVE-2024-4237,2024-04-26,8.8,HIGH,3.1,0.01451,0.7065,,,,,False,Alta,False,4 - Seguimiento normal,0.1277,0.1277
CVE-2022-48636,2024-04-28,5.5,MEDIUM,3.1,0.00226,0.13465,,,,,False,Media,False,4 - Seguimiento normal,0.0124,0.0124
CVE-2024-3096,2024-04-29,6.5,MEDIUM,3.1,0.0148,0.71223,,,,,False,Media,False,4 - Seguimiento normal,0.0962,0.0962
CVE-2024-1905,2024-04-29,5.9,MEDIUM,3.1,0.0047,0.38072,,,,,False,Media,False,4 - Seguimiento normal,0.0277,0.0277
CVE-2024-4307,2024-04-29,8.1,HIGH,3.1,0.0045,0.368,,,,,False,Alta,False,4 - Seguimiento normal,0.0364,0.0364
CVE-2024-4310,2024-04-29,6.3,MEDIUM,3.1,0.00293,0.21552,,,,,False,Media,False,4 - Seguimiento normal,0.0185,0.0185
CVE-2023-50433,2024-04-29,6.5,MEDIUM,3.1,0.00309,0.23124,,,,,False,Media,False,4 - Seguimiento normal,0.0201,0.0201
CVE-2024-33401,2024-04-29,4.4,MEDIUM,3.1,0.00245,0.158,,,,,False,Media,False,4 - Seguimiento normal,0.0108,0.0108
CVE-2024-23774,2024-04-30,7.8,HIGH,3.1,0.00444,0.36361,,,,,False,Alta,False,4 - Seguimiento normal,0.0346,0.0346
CVE-2024-33309,2024-04-30,7.5,HIGH,3.1,0.0075,0.5117,,,,,False,Alta,False,4 - Seguimiento normal,0.0562,0.0562
CVE-2024-26331,2024-04-30,7.5,HIGH,3.1,0.49322,0.9877,,,,,False,Alta,True,2 - Explotación probable,3.6991,3.6991
CVE-2024-28269,2024-04-30,7.2,HIGH,3.1,0.00951,0.57649,,,,,False,Alta,False,4 - Seguimiento normal,0.0685,0.0685
CVE-2024-26935,2024-05-01,5.5,MEDIUM,3.1,0.00242,0.15505,,,,,False,Media,False,4 - Seguimiento normal,0.0133,0.0133
CVE-2024-26973,2024-05-01,5.5,MEDIUM,3.1,0.00255,0.17037,,,,,False,Media,False,4 - Seguimiento normal,0.014,0.014
CVE-2024-26988,2024-05-01,7.8,HIGH,3.1,0.00279,0.20103,,,,,False,Alta,False,4 - Seguimiento normal,0.0218,0.0218
CVE-2024-26992,2024-05-01,3.3,LOW,3.1,0.00221,0.12833,,,,,False,Baja,False,4 - Seguimiento normal,0.0073,0.0073
CVE-2024-27000,2024-05-01,7.8,HIGH,3.1,0.00324,0.24822,,,,,False,Alta,False,4 - Seguimiento normal,0.0253,0.0253
CVE-2024-31412,2024-05-01,7.8,HIGH,3.1,0.00245,0.15798,,,,,False,Alta,False,4 - Seguimiento normal,0.0191,0.0191
CVE-2024-33516,2024-05-01,5.3,MEDIUM,3.1,0.00617,0.45957,,,,,False,Media,False,4 - Seguimiento normal,0.0327,0.0327
CVE-2023-51631,2024-05-02,6.8,MEDIUM,3.0,0.01023,0.59939,,,,,False,Media,False,4 - Seguimiento normal,0.0696,0.0696
CVE-2023-50685,2024-05-02,7.5,HIGH,3.1,0.01219,0.655,,,,,False,Alta,False,4 - Seguimiento normal,0.0914,0.0914
CVE-2023-6962,2024-05-02,5.3,MEDIUM,3.1,0.00438,0.3588,,,,,False,Media,False,4 - Seguimiento normal,0.0232,0.0232
CVE-2024-0908,2024-05-02,5.3,MEDIUM,3.1,0.00516,0.40911,,,,,False,Media,False,4 - Seguimiento normal,0.0273,0.0273
CVE-2024-1897,2024-05-02,7.5,HIGH,3.1,0.00868,0.55028,,,,,False,Alta,False,4 - Seguimiento normal,0.0651,0.0651
CVE-2024-2085,2024-05-02,6.4,MEDIUM,3.1,0.0032,0.24376,,,,,False,Media,False,4 - Seguimiento normal,0.0205,0.0205
CVE-2024-33949,2024-05-02,6.5,MEDIUM,3.1,0.00334,0.25862,,,,,False,Media,False,4 - Seguimiento normal,0.0217,0.0217
CVE-2024-3197,2024-05-02,6.4,MEDIUM,3.1,0.00449,0.36716,,,,,False,Media,False,4 - Seguimiento normal,0.0287,0.0287
CVE-2024-3681,2024-05-02,6.1,MEDIUM,3.1,0.00504,0.40162,,,,,False,Media,False,4 - Seguimiento normal,0.0307,0.0307
CVE-2024-3729,2024-05-02,9.8,CRITICAL,3.1,0.00815,0.53345,,,,,False,Crítica,False,3 - Grave pero sin explotación conocida,0.0799,0.0799
CVE-2023-27334,2024-05-03,7.5,HIGH,3.0,0.0137,0.69053,,,,,False,Alta,False,4 - Seguimiento normal,0.1028,0.1028
CVE-2023-32131,2024-05-03,8.8,HIGH,3.1,0.00916,0.56498,,,,,False,Alta,False,4 - Seguimiento normal,0.0806,0.0806
CVE-2023-32151,2024-05-03,6.8,MEDIUM,3.0,0.01796,0.76161,,,,,False,Media,False,4 - Seguimiento normal,0.1221,0.1221
CVE-2023-35709,2024-05-03,7.8,HIGH,3.0,0.00399,0.32563,,,,,False,Alta,False,4 - Seguimiento normal,0.0311,0.0311
CVE-2023-35732,2024-05-03,8.8,HIGH,3.1,0.00855,0.54588,,,,,False,Alta,False,4 - Seguimiento normal,0.0752,0.0752
CVE-2023-37323,2024-05-03,8.8,HIGH,3.1,0.00872,0.55163,,,,,False,Alta,False,4 - Seguimiento normal,0.0767,0.0767
CVE-2023-38084,2024-05-03,7.8,HIGH,3.0,0.00401,0.32776,,,,,False,Alta,False,4 - Seguimiento normal,0.0313,0.0313
CVE-2023-39483,2024-05-03,5.5,MEDIUM,3.1,0.00364,0.29035,,,,,False,Media,False,4 - Seguimiento normal,0.02,0.02
CVE-2023-42066,2024-05-03,5.5,MEDIUM,3.1,0.00391,0.31773,,,,,False,Media,False,4 - Seguimiento normal,0.0215,0.0215
CVE-2023-42113,2024-05-03,5.5,MEDIUM,3.1,0.00391,0.31769,,,,,False,Media,False,4 - Seguimiento normal,0.0215,0.0215
CVE-2023-44404,2024-05-03,8.8,HIGH,3.1,0.0075,0.51176,,,,,False,Alta,False,4 - Seguimiento normal,0.066,0.066
CVE-2023-50226,2024-05-03,7.8,HIGH,3.0,0.00686,0.48886,,,,,False,Alta,False,4 - Seguimiento normal,0.0535,0.0535
CVE-2023-50231,2024-05-03,9.6,CRITICAL,3.1,0.53303,0.98877,,,,,False,Crítica,True,2 - Explotación probable,5.1171,5.1171
CVE-2023-51558,2024-05-03,3.3,LOW,3.0,0.00397,0.32401,,,,,False,Baja,False,4 - Seguimiento normal,0.0131,0.0131
CVE-2023-51588,2024-05-03,7.8,HIGH,3.0,0.00234,0.14382,,,,,False,Alta,False,4 - Seguimiento normal,0.0183,0.0183
CVE-2023-51598,2024-05-03,8.8,HIGH,3.1,0.00722,0.50193,,,,,False,Alta,False,4 - Seguimiento normal,0.0635,0.0635
CVE-2023-51622,2024-05-03,6.8,MEDIUM,3.1,0.01126,0.62966,,,,,False,Media,False,4 - Seguimiento normal,0.0766,0.0766
CVE-2024-33931,2024-05-03,6.5,MEDIUM,3.1,0.00429,0.3512,,,,,False,Media,False,4 - Seguimiento normal,0.0279,0.0279
CVE-2024-33937,2024-05-03,4.3,MEDIUM,3.1,0.00372,0.29815,,,,,False,Media,False,4 - Seguimiento normal,0.016,0.016
CVE-2024-3109,2024-05-03,6.3,MEDIUM,3.1,0.00283,0.20527,,,,,False,Media,False,4 - Seguimiento normal,0.0178,0.0178
CVE-2022-48701,2024-05-03,7.1,HIGH,3.1,0.00238,0.15033,,,,,False,Alta,False,4 - Seguimiento normal,0.0169,0.0169
CVE-2024-4513,2024-05-06,3.5,LOW,3.1,0.00566,0.43587,,,,,False,Baja,False,4 - Seguimiento normal,0.0198,0.0198
CVE-2023-32871,2024-05-06,5.3,MEDIUM,3.1,0.00083,0.00308,,,,,False,Media,False,4 - Seguimiento normal,0.0044,0.0044
CVE-2024-4519,2024-05-06,3.5,LOW,3.1,0.00578,0.44148,,,,,False,Baja,False,4 - Seguimiento normal,0.0202,0.0202
CVE-2024-23187,2024-05-06,6.5,MEDIUM,3.1,0.00485,0.38997,,,,,False,Media,False,4 - Seguimiento normal,0.0315,0.0315
CVE-2023-43521,2024-05-06,6.7,MEDIUM,3.1,0.00109,0.01455,,,,,False,Media,False,4 - Seguimiento normal,0.0073,0.0073
CVE-2023-43525,2024-05-06,6.7,MEDIUM,3.1,0.00109,0.01454,,,,,False,Media,False,4 - Seguimiento normal,0.0073,0.0073
CVE-2024-33117,2024-05-06,5.3,MEDIUM,3.1,0.00468,0.37938,,,,,False,Media,False,4 - Seguimiento normal,0.0248,0.0248
CVE-2024-20863,2024-05-07,6.7,MEDIUM,3.1,0.00192,0.09122,,,,,False,Media,False,4 - Seguimiento normal,0.0129,0.0129
CVE-2023-6810,2024-05-07,4.3,MEDIUM,3.1,0.00367,0.2935,,,,,False,Media,False,4 - Seguimiento normal,0.0158,0.0158
CVE-2024-4590,2024-05-07,4.3,MEDIUM,3.1,0.0042,0.34485,,,,,False,Media,False,4 - Seguimiento normal,0.0181,0.0181
CVE-2024-33857,2024-05-07,9.6,CRITICAL,3.1,0.00396,0.32253,,,,,False,Crítica,False,3 - Grave pero sin explotación conocida,0.038,0.038
CVE-2024-23704,2024-05-07,7.8,HIGH,3.1,0.00093,0.00658,,,,,False,Alta,False,4 - Seguimiento normal,0.0073,0.0073
CVE-2024-23708,2024-05-07,7.8,HIGH,3.1,0.00343,0.26844,,,,,False,Alta,False,4 - Seguimiento normal,0.0268,0.0268
CVE-2024-23710,2024-05-07,7.8,HIGH,3.1,0.0009,0.00547,,,,,False,Alta,False,4 - Seguimiento normal,0.007,0.007
CVE-2022-43653,2024-05-07,7.8,HIGH,3.0,0.00312,0.23508,,,,,False,Alta,False,4 - Seguimiento normal,0.0243,0.0243
CVE-2024-4649,2024-05-08,3.5,LOW,3.1,0.00431,0.35316,,,,,False,Baja,False,4 - Seguimiento normal,0.0151,0.0151
CVE-2024-25520,2024-05-08,9.8,CRITICAL,3.1,0.00629,0.46481,,,,,False,Crítica,False,3 - Grave pero sin explotación conocida,0.0616,0.0616
CVE-2024-25521,2024-05-08,9.4,CRITICAL,3.1,0.00618,0.45992,,,,,False,Crítica,False,3 - Grave pero sin explotación conocida,0.0581,0.0581
CVE-2024-25523,2024-05-08,9.8,CRITICAL,3.1,0.00696,0.49251,,,,,False,Crítica,False,3 - Grave pero sin explotación conocida,0.0682,0.0682
CVE-2024-26026,2024-05-08,7.5,HIGH,3.1,0.07163,0.93616,,,,,False,Alta,False,4 - Seguimiento normal,0.5372,0.5372
CVE-2023-26566,2024-05-14,8.6,HIGH,3.1,0.00712,0.49831,,,,,False,Alta,False,4 - Seguimiento normal,0.0612,0.0612
CVE-2023-29881,2024-05-14,6.5,MEDIUM,3.1,0.00415,0.34066,,,,,False,Media,False,4 - Seguimiento normal,0.027,0.027
CVE-2024-0100,2024-05-14,6.5,MEDIUM,3.1,0.00683,0.48771,,,,,False,Media,False,4 - Seguimiento normal,0.0444,0.0444
CVE-2024-34224,2024-05-14,7.3,HIGH,3.1,0.00871,0.55093,,,,,False,Alta,False,4 - Seguimiento normal,0.0636,0.0636
CVE-2024-34352,2024-05-14,6.5,MEDIUM,3.1,0.01329,0.68079,,,,,False,Media,False,4 - Seguimiento normal,0.0864,0.0864
CVE-2024-34353,2024-05-14,5.5,MEDIUM,3.1,0.00193,0.09328,,,,,False,Media,False,4 - Seguimiento normal,0.0106,0.0106
CVE-2024-34430,2024-05-14,5.9,MEDIUM,3.1,0.00446,0.36488,,,,,False,Media,False,4 - Seguimiento normal,0.0263,0.0263
CVE-2024-34974,2024-05-14,8.2,HIGH,3.1,0.00724,0.50249,,,,,False,Alta,False,4 - Seguimiento normal,0.0594,0.0594
CVE-2024-35166,2024-05-14,5.3,MEDIUM,3.1,0.0058,0.4422,,,,,False,Media,False,4 - Seguimiento normal,0.0307,0.0307
CVE-2024-3796,2024-05-14,4.8,MEDIUM,3.1,0.00408,0.33401,,,,,False,Media,False,4 - Seguimiento normal,0.0196,0.0196
CVE-2024-4082,2024-05-14,4.3,MEDIUM,3.1,0.00215,0.12021,,,,,False,Media,False,4 - Seguimiento normal,0.0092,0.0092
CVE-2024-4104,2024-05-14,6.1,MEDIUM,3.1,0.00507,0.40353,,,,,False,Media,False,4 - Seguimiento normal,0.0309,0.0309
CVE-2024-4193,2024-05-14,6.4,MEDIUM,3.1,0.00353,0.27892,,,,,False,Media,False,4 - Seguimiento normal,0.0226,0.0226
CVE-2024-4809,2024-05-14,5.3,MEDIUM,4.0,0.01158,0.63802,,,,,False,Media,False,4 - Seguimiento normal,0.0614,0.0614
CVE-2024-33492,2024-05-14,7.8,HIGH,3.1,0.00235,0.1463,,,,,False,Alta,False,4 - Seguimiento normal,0.0183,0.0183
CVE-2024-33647,2024-05-14,6.5,MEDIUM,3.1,0.00423,0.34711,,,,,False,Media,False,4 - Seguimiento normal,0.0275,0.0275
CVE-2024-35011,2024-05-14,5.4,MEDIUM,3.1,0.00192,0.09181,,,,,False,Media,False,4 - Seguimiento normal,0.0104,0.0104
CVE-2024-30008,2024-05-14,5.5,MEDIUM,3.1,0.00793,0.526,,,,,False,Media,False,4 - Seguimiento normal,0.0436,0.0436
CVE-2024-30016,2024-05-14,5.5,MEDIUM,3.1,0.00792,0.52565,,,,,False,Media,False,4 - Seguimiento normal,0.0436,0.0436
CVE-2024-30022,2024-05-14,7.5,HIGH,3.1,0.01543,0.72369,,,,,False,Alta,False,4 - Seguimiento normal,0.1157,0.1157
CVE-2024-31488,2024-05-14,6.8,MEDIUM,3.1,0.01014,0.59664,,,,,False,Media,False,4 - Seguimiento normal,0.069,0.069
CVE-2022-28132,2024-05-14,7.2,HIGH,3.1,0.00613,0.45727,,,,,False,Alta,False,4 - Seguimiento normal,0.0441,0.0441
CVE-2024-31466,2024-05-14,9.8,CRITICAL,3.1,0.01138,0.63275,,,,,False,Crítica,False,3 - Grave pero sin explotación conocida,0.1115,0.1115
CVE-2023-45221,2024-05-16,4.8,MEDIUM,3.1,0.00281,0.20338,,,,,False,Media,False,4 - Seguimiento normal,0.0135,0.0135
CVE-2023-47210,2024-05-16,4.7,MEDIUM,3.1,0.00358,0.28387,,,,,False,Media,False,4 - Seguimiento normal,0.0168,0.0168
CVE-2024-2744,2024-05-17,4.3,MEDIUM,3.1,0.0039,0.31637,,,,,False,Media,False,4 - Seguimiento normal,0.0168,0.0168
CVE-2024-31295,2024-05-17,5.3,MEDIUM,3.1,0.00377,0.30278,,,,,False,Media,False,4 - Seguimiento normal,0.02,0.02
CVE-2024-32512,2024-05-17,5.3,MEDIUM,3.1,0.00342,0.26798,,,,,False,Media,False,4 - Seguimiento normal,0.0181,0.0181
CVE-2024-32685,2024-05-17,5.3,MEDIUM,3.1,0.00388,0.31436,,,,,False,Media,False,4 - Seguimiento normal,0.0206,0.0206
CVE-2024-27422,2024-05-17,,,,0.0,0.0,,,,,False,Sin puntaje,False,4 - Seguimiento normal,0.0,0.0
CVE-2024-35789,2024-05-17,7.8,HIGH,3.1,0.00259,0.17491,,,,,False,Alta,False,4 - Seguimiento normal,0.0202,0.0202
CVE-2024-35806,2024-05-17,5.5,MEDIUM,3.1,0.0018,0.078,,,,,False,Media,False,4 - Seguimiento normal,0.0099,0.0099
CVE-2024-35810,2024-05-17,5.5,MEDIUM,3.1,0.00225,0.13322,,,,,False,Media,False,4 - Seguimiento normal,0.0124,0.0124
CVE-2024-35822,2024-05-17,5.5,MEDIUM,3.1,0.0023,0.13959,,,,,False,Media,False,4 - Seguimiento normal,0.0126,0.0126
CVE-2024-35827,2024-05-17,5.5,MEDIUM,3.1,0.00209,0.11187,,,,,False,Media,False,4 - Seguimiento normal,0.0115,0.0115
CVE-2023-52679,2024-05-17,7.8,HIGH,3.1,0.00246,0.15918,,,,,False,Alta,False,4 - Seguimiento normal,0.0192,0.0192
CVE-2024-35858,2024-05-17,5.5,MEDIUM,3.1,0.00232,0.14198,,,,,False,Media,False,4 - Seguimiento normal,0.0128,0.0128
CVE-2024-3810,2024-05-18,8.8,HIGH,3.1,0.00619,0.4602,,,,,False,Alta,False,4 - Seguimiento normal,0.0545,0.0545
CVE-2024-3811,2024-05-18,6.4,MEDIUM,3.1,0.00267,0.18665,,,,,False,Media,False,4 - Seguimiento normal,0.0171,0.0171
CVE-2024-35868,2024-05-19,7.8,HIGH,3.1,0.00236,0.14753,,,,,False,Alta,False,4 - Seguimiento normal,0.0184,0.0184
CVE-2024-35882,2024-05-19,5.5,MEDIUM,3.1,0.00225,0.13342,,,,,False,Media,False,4 - Seguimiento normal,0.0124,0.0124
CVE-2024-35891,2024-05-19,5.5,MEDIUM,3.1,0.00225,0.13342,,,,,False,Media,False,4 - Seguimiento normal,0.0124,0.0124
CVE-2024-35942,2024-05-19,5.5,MEDIUM,3.1,0.0021,0.11319,,,,,False,Media,False,4 - Seguimiento normal,0.0115,0.0115
CVE-2024-35959,2024-05-20,5.5,MEDIUM,3.1,0.00253,0.16806,,,,,False,Media,False,4 - Seguimiento normal,0.0139,0.0139
CVE-2024-4988,2024-05-21,7.5,HIGH,3.1,0.00418,0.34314,,,,,False,Alta,False,4 - Seguimiento normal,0.0313,0.0313
CVE-2024-35385,2024-05-21,4.3,MEDIUM,3.1,0.00531,0.41733,,,,,False,Media,False,4 - Seguimiento normal,0.0228,0.0228
CVE-2021-47226,2024-05-21,7.1,HIGH,3.1,0.00222,0.12963,,,,,False,Alta,False,4 - Seguimiento normal,0.0158,0.0158
CVE-2021-47250,2024-05-21,5.5,MEDIUM,3.1,0.00236,0.14768,,,,,False,Media,False,4 - Seguimiento normal,0.013,0.013
CVE-2021-47301,2024-05-21,7.8,HIGH,3.1,0.00239,0.15099,,,,,False,Alta,False,4 - Seguimiento normal,0.0186,0.0186
CVE-2021-47347,2024-05-21,8.8,HIGH,3.1,0.01269,0.66781,,,,,False,Alta,False,4 - Seguimiento normal,0.1117,0.1117
CVE-2021-47349,2024-05-21,5.5,MEDIUM,3.1,0.00178,0.07631,,,,,False,Media,False,4 - Seguimiento normal,0.0098,0.0098
CVE-2021-47364,2024-05-21,5.5,MEDIUM,3.1,0.00239,0.15076,,,,,False,Media,False,4 - Seguimiento normal,0.0131,0.0131
CVE-2021-47416,2024-05-21,5.5,MEDIUM,3.1,0.00234,0.14384,,,,,False,Media,False,4 - Seguimiento normal,0.0129,0.0129
CVE-2023-52863,2024-05-21,5.5,MEDIUM,3.1,0.0024,0.1523,,,,,False,Media,False,4 - Seguimiento normal,0.0132,0.0132
CVE-2024-35220,2024-05-21,7.4,HIGH,3.1,0.00445,0.36421,,,,,False,Alta,False,4 - Seguimiento normal,0.0329,0.0329
CVE-2021-47463,2024-05-22,5.5,MEDIUM,3.1,0.0018,0.07874,,,,,False,Media,False,4 - Seguimiento normal,0.0099,0.0099
CVE-2024-3663,2024-05-22,4.3,MEDIUM,3.1,0.00343,0.26802,,,,,False,Media,False,4 - Seguimiento normal,0.0147,0.0147
CVE-2021-47488,2024-05-22,,,,0.0,0.0,,,,,False,Sin puntaje,False,4 - Seguimiento normal,0.0,0.0
CVE-2024-4261,2024-05-22,5.4,MEDIUM,3.1,0.00326,0.24986,,,,,False,Media,False,4 - Seguimiento normal,0.0176,0.0176
CVE-2024-35409,2024-05-22,9.8,CRITICAL,3.1,0.0051,0.40487,,,,,False,Crítica,False,3 - Grave pero sin explotación conocida,0.05,0.05
CVE-2024-35551,2024-05-22,4.3,MEDIUM,3.1,0.00211,0.11513,,,,,False,Media,False,4 - Seguimiento normal,0.0091,0.0091
CVE-2024-35561,2024-05-22,5.4,MEDIUM,3.1,0.00185,0.08325,,,,,False,Media,False,4 - Seguimiento normal,0.01,0.01
CVE-2024-33227,2024-05-22,8.8,HIGH,3.1,0.0047,0.38078,,,,,False,Alta,False,4 - Seguimiento normal,0.0414,0.0414
CVE-2023-51636,2024-05-22,7.8,HIGH,3.0,0.00956,0.57786,,,,,False,Alta,False,4 - Seguimiento normal,0.0746,0.0746
CVE-2024-27264,2024-05-22,7.4,HIGH,3.1,0.00137,0.03516,,,,,False,Alta,False,4 - Seguimiento normal,0.0101,0.0101
CVE-2024-3708,2024-05-23,,,,0.0,0.0,,,,,False,Sin puntaje,False,4 - Seguimiento normal,0.0,0.0
CVE-2024-36011,2024-05-23,5.5,MEDIUM,3.1,0.0021,0.11311,,,,,False,Media,False,4 - Seguimiento normal,0.0115,0.0115
CVE-2023-4859,2024-05-23,,,,0.0,0.0,,,,,False,Sin puntaje,False,4 - Seguimiento normal,0.0,0.0
CVE-2024-5245,2024-05-23,7.8,HIGH,3.1,0.00568,0.43666,,,,,False,Alta,False,4 - Seguimiento normal,0.0443,0.0443
CVE-2024-5142,2024-05-24,7.0,HIGH,4.0,0.00306,0.22832,,,,,False,Alta,False,4 - Seguimiento normal,0.0214,0.0214
CVE-2023-49573,2024-05-24,7.1,HIGH,3.1,0.00254,0.16883,,,,,False,Alta,False,4 - Seguimiento normal,0.018,0.018
CVE-2021-47509,2024-05-24,5.5,MEDIUM,3.1,0.0024,0.15228,,,,,False,Media,False,4 - Seguimiento normal,0.0132,0.0132
CVE-2021-47513,2024-05-24,5.5,MEDIUM,3.1,0.00205,0.10758,,,,,False,Media,False,4 - Seguimiento normal,0.0113,0.0113
CVE-2021-47572,2024-05-24,5.5,MEDIUM,3.1,0.00207,0.11038,,,,,False,Media,False,4 - Seguimiento normal,0.0114,0.0114
CVE-2024-5229,2024-05-25,6.4,MEDIUM,3.1,0.00342,0.26765,,,,,False,Media,False,4 - Seguimiento normal,0.0219,0.0219
CVE-2024-5367,2024-05-26,5.3,MEDIUM,4.0,0.00409,0.33512,,,,,False,Media,False,4 - Seguimiento normal,0.0217,0.0217
CVE-2024-5379,2024-05-26,5.3,MEDIUM,4.0,0.00368,0.294,,,,,False,Media,False,4 - Seguimiento normal,0.0195,0.0195
CVE-2024-4286,2024-05-26,4.9,MEDIUM,3.0,0.00356,0.28189,,,,,False,Media,False,4 - Seguimiento normal,0.0174,0.0174
CVE-2024-5400,2024-05-27,8.8,HIGH,3.1,0.00578,0.44139,,,,,False,Alta,False,4 - Seguimiento normal,0.0509,0.0509
CVE-2023-50977,2024-05-27,,,,0.0,0.0,,,,,False,Sin puntaje,False,4 - Seguimiento normal,0.0,0.0
CVE-2024-36105,2024-05-27,5.3,MEDIUM,3.1,0.0071,0.49757,,,,,False,Media,False,4 - Seguimiento normal,0.0376,0.0376
CVE-2024-35181,2024-05-27,5.9,MEDIUM,3.1,0.01596,0.73196,,,,,False,Media,False,4 - Seguimiento normal,0.0942,0.0942
CVE-2023-52710,2024-05-28,7.8,HIGH,3.1,0.00129,0.02919,,,,,False,Alta,False,4 - Seguimiento normal,0.0101,0.0101
CVE-2024-34852,2024-05-28,6.3,MEDIUM,3.1,0.01623,0.73627,,,,,False,Media,False,4 - Seguimiento normal,0.1022,0.1022
CVE-2024-35511,2024-05-28,4.7,MEDIUM,3.1,0.00389,0.31507,,,,,False,Media,False,4 - Seguimiento normal,0.0183,0.0183
CVE-2024-36903,2024-05-30,5.5,MEDIUM,3.1,0.0023,0.13956,,,,,False,Media,False,4 - Seguimiento normal,0.0126,0.0126
CVE-2024-36928,2024-05-30,4.4,MEDIUM,3.1,0.0022,0.12601,,,,,False,Media,False,4 - Seguimiento normal,0.0097,0.0097
CVE-2024-36948,2024-05-30,5.5,MEDIUM,3.1,0.0018,0.07873,,,,,False,Media,False,4 - Seguimiento normal,0.0099,0.0099
CVE-2024-36954,2024-05-30,5.5,MEDIUM,3.1,0.00249,0.164,,,,,False,Media,False,4 - Seguimiento normal,0.0137,0.0137
CVE-2024-4469,2024-05-31,7.5,HIGH,3.1,0.00591,0.44727,,,,,False,Alta,False,4 - Seguimiento normal,0.0443,0.0443
CVE-2022-25037,2024-05-31,5.4,MEDIUM,3.1,0.00268,0.18739,,,,,False,Media,False,4 - Seguimiento normal,0.0145,0.0145
CVE-2024-29827,2024-05-31,8.8,HIGH,3.1,0.71685,0.99357,,,,,False,Alta,True,2 - Explotación probable,6.3083,6.3083
CVE-2024-36844,2024-05-31,7.5,HIGH,3.1,0.00606,0.45401,,,,,False,Alta,False,4 - Seguimiento normal,0.0455,0.0455
CVE-2024-5588,2024-06-02,5.3,MEDIUM,4.0,0.00614,0.45794,,,,,False,Media,False,4 - Seguimiento normal,0.0325,0.0325
CVE-2024-35635,2024-06-03,4.4,MEDIUM,3.1,0.00243,0.15607,,,,,False,Media,False,4 - Seguimiento normal,0.0107,0.0107
CVE-2024-4273,2024-06-04,6.4,MEDIUM,3.1,0.00324,0.24839,,,,,False,Media,False,4 - Seguimiento normal,0.0207,0.0207
CVE-2024-20878,2024-06-04,7.3,HIGH,3.1,0.00208,0.11072,,,,,False,Alta,False,4 - Seguimiento normal,0.0152,0.0152
CVE-2024-36104,2024-06-04,9.1,CRITICAL,3.1,0.87415,0.99738,,,,,False,Crítica,True,2 - Explotación probable,7.9548,7.9548
CVE-2022-28654,2024-06-04,5.5,MEDIUM,3.1,0.00252,0.16655,,,,,False,Media,False,4 - Seguimiento normal,0.0139,0.0139
CVE-2022-28657,2024-06-04,7.8,HIGH,3.1,0.00228,0.13734,,,,,False,Alta,False,4 - Seguimiento normal,0.0178,0.0178
CVE-2020-35154,2024-06-05,,,,0.0,0.0,,,,,False,Sin puntaje,False,4 - Seguimiento normal,0.0,0.0
CVE-2024-31625,2024-06-05,,,,0.0,0.0,,,,,False,Sin puntaje,False,4 - Seguimiento normal,0.0,0.0
CVE-2024-31628,2024-06-05,,,,0.0,0.0,,,,,False,Sin puntaje,False,4 - Seguimiento normal,0.0,0.0
CVE-2024-36667,2024-06-05,8.8,HIGH,3.1,0.00241,0.1532,,,,,False,Alta,False,4 - Seguimiento normal,0.0212,0.0212
CVE-2024-5179,2024-06-06,8.8,HIGH,3.1,0.00932,0.57014,,,,,False,Alta,False,4 - Seguimiento normal,0.082,0.082
CVE-2024-5161,2024-06-06,6.4,MEDIUM,3.1,0.00314,0.23741,,,,,False,Media,False,4 - Seguimiento normal,0.0201,0.0201
CVE-2024-5268,2024-06-06,6.5,MEDIUM,3.1,0.00458,0.37285,,,,,False,Media,False,4 - Seguimiento normal,0.0298,0.0298
CVE-2024-1881,2024-06-06,9.8,CRITICAL,3.1,0.01427,0.70187,,,,,False,Crítica,False,3 - Grave pero sin explotación conocida,0.1398,0.1398
CVE-2024-3095,2024-06-06,7.7,HIGH,3.1,0.00691,0.49048,,,,,False,Alta,False,4 - Seguimiento normal,0.0532,0.0532
CVE-2024-3149,2024-06-06,8.8,HIGH,3.1,0.00519,0.4107,,,,,False,Alta,False,4 - Seguimiento normal,0.0457,0.0457
CVE-2023-37539,2024-06-06,8.4,HIGH,3.1,0.00306,0.2283,,,,,False,Alta,False,4 - Seguimiento normal,0.0257,0.0257
CVE-2023-52230,2024-06-09,6.5,MEDIUM,3.1,0.00353,0.27881,,,,,False,Media,False,4 - Seguimiento normal,0.0229,0.0229
CVE-2024-25929,2024-06-09,6.5,MEDIUM,3.1,0.00319,0.2422,,,,,False,Media,False,4 - Seguimiento normal,0.0207,0.0207
CVE-2024-31243,2024-06-09,7.5,HIGH,3.1,0.0039,0.31602,,,,,False,Alta,False,4 - Seguimiento normal,0.0292,0.0292
CVE-2024-31423,2024-06-09,4.3,MEDIUM,3.1,0.00323,0.24686,,,,,False,Media,False,4 - Seguimiento normal,0.0139,0.0139
CVE-2024-32703,2024-06-09,7.7,HIGH,3.1,0.00577,0.44071,,,,,False,Alta,False,4 - Seguimiento normal,0.0444,0.0444
CVE-2024-31276,2024-06-09,5.3,MEDIUM,3.1,0.00402,0.32905,,,,,False,Media,False,4 - Seguimiento normal,0.0213,0.0213
CVE-2024-35662,2024-06-09,5.4,MEDIUM,3.1,0.00351,0.27686,,,,,False,Media,False,4 - Seguimiento normal,0.019,0.019
CVE-2022-45168,2024-06-10,6.5,MEDIUM,3.1,0.00496,0.39694,,,,,False,Media,False,4 - Seguimiento normal,0.0322,0.0322
CVE-2024-34800,2024-06-10,7.6,HIGH,3.1,0.00333,0.25764,,,,,False,Alta,False,4 - Seguimiento normal,0.0253,0.0253
CVE-2024-5102,2024-06-10,7.3,HIGH,4.0,0.00225,0.1336,,,,,False,Alta,False,4 - Seguimiento normal,0.0164,0.0164
CVE-2024-35210,2024-06-11,5.1,MEDIUM,4.0,0.00149,0.0458,,,,,False,Media,False,4 - Seguimiento normal,0.0076,0.0076
CVE-2024-30063,2024-06-11,6.7,MEDIUM,3.1,0.01021,0.59843,,,,,False,Media,False,4 - Seguimiento normal,0.0684,0.0684
CVE-2024-30076,2024-06-11,6.8,MEDIUM,3.1,0.01711,0.74974,,,,,False,Media,False,4 - Seguimiento normal,0.1163,0.1163
CVE-2024-4315,2024-06-12,9.1,CRITICAL,3.0,0.01024,0.59998,,,,,False,Crítica,False,3 - Grave pero sin explotación conocida,0.0932,0.0932
CVE-2023-52177,2024-06-12,5.4,MEDIUM,3.1,0.00298,0.22081,,,,,False,Media,False,4 - Seguimiento normal,0.0161,0.0161
CVE-2024-1766,2024-06-12,4.4,MEDIUM,3.1,0.00334,0.25858,,,,,False,Media,False,4 - Seguimiento normal,0.0147,0.0147
CVE-2024-29181,2024-06-12,2.3,LOW,3.1,0.00385,0.3109,,,,,False,Baja,False,4 - Seguimiento normal,0.0089,0.0089
CVE-2024-28762,2024-06-12,5.3,MEDIUM,3.1,0.00572,0.4389,,,,,False,Media,False,4 - Seguimiento normal,0.0303,0.0303
CVE-2023-49559,2024-06-12,3.7,LOW,3.1,0.0051,0.40542,,,,,False,Baja,False,4 - Seguimiento normal,0.0189,0.0189
CVE-2024-36157,2024-06-13,5.4,MEDIUM,3.1,0.00717,0.50023,,,,,False,Media,False,4 - Seguimiento normal,0.0387,0.0387
CVE-2024-36206,2024-06-13,5.4,MEDIUM,3.1,0.00385,0.31186,,,,,False,Media,False,4 - Seguimiento normal,0.0208,0.0208
CVE-2024-36234,2024-06-13,5.4,MEDIUM,3.1,0.00313,0.23638,,,,,False,Media,False,4 - Seguimiento normal,0.0169,0.0169
CVE-2024-37308,2024-06-13,5.4,MEDIUM,3.1,0.00426,0.34897,,,,,False,Media,False,4 - Seguimiento normal,0.023,0.023
CVE-2024-32892,2024-06-13,7.8,HIGH,3.1,0.00105,0.01265,,,,,False,Alta,False,4 - Seguimiento normal,0.0082,0.0082
CVE-2024-32894,2024-06-13,7.5,HIGH,3.1,0.00348,0.27421,,,,,False,Alta,False,4 - Seguimiento normal,0.0261,0.0261
CVE-2023-36694,2024-06-14,6.3,MEDIUM,3.1,0.00321,0.24512,,,,,False,Media,False,4 - Seguimiento normal,0.0202,0.0202
CVE-2023-51523,2024-06-14,4.3,MEDIUM,3.1,0.00277,0.19898,,,,,False,Media,False,4 - Seguimiento normal,0.0119,0.0119
CVE-2024-27178,2024-06-14,7.2,HIGH,3.1,0.01504,0.71669,,,,,False,Alta,False,4 - Seguimiento normal,0.1083,0.1083
CVE-2024-5961,2024-06-14,5.3,MEDIUM,4.0,0.01281,0.67047,,,,,False,Media,False,4 - Seguimiento normal,0.0679,0.0679
CVE-2024-25142,2024-06-14,5.5,MEDIUM,3.1,0.00318,0.24154,,,,,False,Media,False,4 - Seguimiento normal,0.0175,0.0175
CVE-2024-36656,2024-06-14,6.1,MEDIUM,3.1,0.00301,0.22391,,,,,False,Media,False,4 - Seguimiento normal,0.0184,0.0184
CVE-2024-6013,2024-06-15,5.3,MEDIUM,4.0,0.00504,0.40139,,,,,False,Media,False,4 - Seguimiento normal,0.0267,0.0267
CVE-2024-6016,2024-06-15,5.3,MEDIUM,4.0,0.0052,0.41112,,,,,False,Media,False,4 - Seguimiento normal,0.0276,0.0276
CVE-2024-37619,2024-06-17,6.1,MEDIUM,3.1,0.00352,0.27781,,,,,False,Media,False,4 - Seguimiento normal,0.0215,0.0215
CVE-2024-4094,2024-06-18,5.4,MEDIUM,3.1,0.00399,0.32559,,,,,False,Media,False,4 - Seguimiento normal,0.0215,0.0215
CVE-2024-6111,2024-06-18,6.9,MEDIUM,4.0,0.00682,0.48741,,,,,False,Media,False,4 - Seguimiento normal,0.0471,0.0471
CVE-2024-5970,2024-06-18,6.4,MEDIUM,3.1,0.00274,0.19512,,,,,False,Media,False,4 - Seguimiento normal,0.0175,0.0175
CVE-2024-4873,2024-06-19,4.3,MEDIUM,3.1,0.00346,0.27138,,,,,False,Media,False,4 - Seguimiento normal,0.0149,0.0149
CVE-2024-4632,2024-06-19,6.4,MEDIUM,3.1,0.00391,0.31765,,,,,False,Media,False,4 - Seguimiento normal,0.025,0.025
CVE-2024-38544,2024-06-19,6.3,MEDIUM,3.1,0.00248,0.16251,,,,,False,Media,False,4 - Seguimiento normal,0.0156,0.0156
CVE-2024-38554,2024-06-19,5.5,MEDIUM,3.1,0.00236,0.14681,,,,,False,Media,False,4 - Seguimiento normal,0.013,0.013
CVE-2024-38587,2024-06-19,5.3,MEDIUM,3.1,0.01136,0.63211,,,,,False,Media,False,4 - Seguimiento normal,0.0602,0.0602
CVE-2021-47579,2024-06-19,5.5,MEDIUM,3.1,0.00235,0.14645,,,,,False,Media,False,4 - Seguimiento normal,0.0129,0.0129
CVE-2021-47598,2024-06-19,7.8,HIGH,3.1,0.00255,0.17085,,,,,False,Alta,False,4 - Seguimiento normal,0.0199,0.0199
CVE-2023-36515,2024-06-19,7.3,HIGH,3.1,0.00441,0.36077,,,,,False,Alta,False,4 - Seguimiento normal,0.0322,0.0322
CVE-2024-4626,2024-06-20,6.4,MEDIUM,3.1,0.00322,0.24538,,,,,False,Media,False,4 - Seguimiento normal,0.0206,0.0206
CVE-2022-48754,2024-06-20,8.4,HIGH,3.1,0.00233,0.1436,,,,,False,Alta,False,4 - Seguimiento normal,0.0196,0.0196
CVE-2022-48768,2024-06-20,5.5,MEDIUM,3.1,0.0021,0.11311,,,,,False,Media,False,4 - Seguimiento normal,0.0115,0.0115
CVE-2024-6190,2024-06-20,6.9,MEDIUM,4.0,0.00627,0.464,,,,,False,Media,False,4 - Seguimiento normal,0.0433,0.0433
CVE-2024-4381,2024-06-21,4.8,MEDIUM,3.1,0.00332,0.25644,,,,,False,Media,False,4 - Seguimiento normal,0.0159,0.0159
CVE-2024-6225,2024-06-21,4.4,MEDIUM,3.1,0.00262,0.17919,,,,,False,Media,False,4 - Seguimiento normal,0.0115,0.0115
CVE-2024-38623,2024-06-21,9.8,CRITICAL,3.1,0.00788,0.52432,,,,,False,Crítica,False,3 - Grave pero sin explotación conocida,0.0772,0.0772
CVE-2024-38627,2024-06-21,7.8,HIGH,3.1,0.00251,0.16637,,,,,False,Alta,False,4 - Seguimiento normal,0.0196,0.0196
CVE-2024-35537,2024-06-21,7.5,HIGH,3.1,0.00344,0.26951,,,,,False,Alta,False,4 - Seguimiento normal,0.0258,0.0258
CVE-2024-4313,2024-06-22,6.4,MEDIUM,3.1,0.00322,0.24586,,,,,False,Media,False,4 - Seguimiento normal,0.0206,0.0206
CVE-2024-5966,2024-06-22,6.4,MEDIUM,3.1,0.00259,0.1752,,,,,False,Media,False,4 - Seguimiento normal,0.0166,0.0166
CVE-2024-6268,2024-06-23,6.9,MEDIUM,4.0,0.00574,0.43944,,,,,False,Media,False,4 - Seguimiento normal,0.0396,0.0396
CVE-2024-37231,2024-06-24,8.6,HIGH,3.1,0.00581,0.44296,,,,,False,Alta,False,4 - Seguimiento normal,0.05,0.05
CVE-2024-4748,2024-06-24,8.8,HIGH,3.1,0.01115,0.62666,,,,,False,Alta,False,4 - Seguimiento normal,0.0981,0.0981
CVE-2024-31111,2024-06-25,6.5,MEDIUM,3.1,0.00318,0.24186,,,,,False,Media,False,4 - Seguimiento normal,0.0207,0.0207
CVE-2024-39293,2024-06-25,4.7,MEDIUM,3.1,0.00138,0.03597,,,,,False,Media,False,4 - Seguimiento normal,0.0065,0.0065
CVE-2024-6060,2024-06-25,9.3,CRITICAL,4.0,0.00183,0.08172,,,,,False,Crítica,False,3 - Grave pero sin explotación conocida,0.017,0.017
CVE-2024-29954,2024-06-26,5.9,MEDIUM,3.1,0.00114,0.01731,,,,,False,Media,False,4 - Seguimiento normal,0.0067,0.0067
CVE-2024-37138,2024-06-26,4.1,MEDIUM,3.1,0.00401,0.32786,,,,,False,Media,False,4 - Seguimiento normal,0.0164,0.0164
CVE-2024-6372,2024-06-27,5.3,MEDIUM,4.0,0.00612,0.45718,,,,,False,Media,False,4 - Seguimiento normal,0.0324,0.0324
CVE-2024-39375,2024-06-27,9.3,CRITICAL,4.0,0.00567,0.43623,,,,,False,Crítica,False,3 - Grave pero sin explotación conocida,0.0527,0.0527
CVE-2024-22276,2024-06-27,5.3,MEDIUM,3.1,0.00203,0.10548,,,,,False,Media,False,4 - Seguimiento normal,0.0108,0.0108
CVE-2024-29039,2024-06-28,9.0,CRITICAL,3.1,0.00984,0.58711,,,,,False,Crítica,False,3 - Grave pero sin explotación conocida,0.0886,0.0886
CVE-2024-6415,2024-06-30,5.1,MEDIUM,4.0,0.00348,0.27379,,,,,False,Media,False,4 - Seguimiento normal,0.0177,0.0177
CVE-2024-28795,2024-06-30,5.4,MEDIUM,3.1,0.003,0.22223,,,,,False,Media,False,4 - Seguimiento normal,0.0162,0.0162
CVE-2024-36420,2024-07-01,7.5,HIGH,3.1,0.01776,0.75897,,,,,False,Alta,False,4 - Seguimiento normal,0.1332,0.1332
CVE-2024-5349,2024-07-02,8.8,HIGH,3.1,0.00955,0.57761,,,,,False,Alta,False,4 - Seguimiento normal,0.084,0.084
CVE-2024-20894,2024-07-02,4.3,MEDIUM,3.1,0.00239,0.15137,,,,,False,Media,False,4 - Seguimiento normal,0.0103,0.0103
CVE-2022-30636,2024-07-02,7.5,HIGH,3.1,0.00632,0.46606,,,,,False,Alta,False,4 - Seguimiento normal,0.0474,0.0474
CVE-2024-6426,2024-07-03,8.1,HIGH,3.1,0.00298,0.21988,,,,,False,Alta,False,4 - Seguimiento normal,0.0241,0.0241
CVE-2024-39248,2024-07-03,5.4,MEDIUM,3.1,0.00743,0.50951,,,,,False,Media,False,4 - Seguimiento normal,0.0401,0.0401
CVE-2024-39482,2024-07-05,5.5,MEDIUM,3.1,0.0023,0.13993,,,,,False,Media,False,4 - Seguimiento normal,0.0126,0.0126
CVE-2024-27716,2024-07-05,5.4,MEDIUM,3.1,0.00396,0.32256,,,,,False,Media,False,4 - Seguimiento normal,0.0214,0.0214
CVE-2023-46685,2024-07-08,9.8,CRITICAL,3.1,0.01003,0.59354,,,,,False,Crítica,False,3 - Grave pero sin explotación conocida,0.0983,0.0983
CVE-2024-39203,2024-07-08,6.1,MEDIUM,3.1,0.00683,0.48758,,,,,False,Media,False,4 - Seguimiento normal,0.0417,0.0417
CVE-2024-34702,2024-07-08,5.3,MEDIUM,3.1,0.00845,0.54263,,,,,False,Media,False,4 - Seguimiento normal,0.0448,0.0448
CVE-2024-28750,2024-07-09,7.2,HIGH,3.1,0.00766,0.51721,,,,,False,Alta,False,4 - Seguimiento normal,0.0552,0.0552
CVE-2024-3608,2024-07-09,5.3,MEDIUM,3.1,0.00562,0.43365,,,,,False,Media,False,4 - Seguimiento normal,0.0298,0.0298
CVE-2023-3286,2024-07-09,7.7,HIGH,3.1,0.00327,0.25091,,,,,False,Alta,False,4 - Seguimiento normal,0.0252,0.0252
CVE-2024-37424,2024-07-09,9.9,CRITICAL,3.1,0.00492,0.39411,,,,,False,Crítica,False,3 - Grave pero sin explotación conocida,0.0487,0.0487
CVE-2024-37462,2024-07-09,8.5,HIGH,3.1,0.00575,0.44012,,,,,False,Alta,False,4 - Seguimiento normal,0.0489,0.0489
CVE-2024-39868,2024-07-09,7.2,HIGH,4.0,0.00361,0.28728,,,,,False,Alta,False,4 - Seguimiento normal,0.026,0.026
CVE-2024-39876,2024-07-09,5.3,MEDIUM,4.0,0.00206,0.10864,,,,,False,Media,False,4 - Seguimiento normal,0.0109,0.0109
CVE-2024-38017,2024-07-09,5.5,MEDIUM,3.1,0.00925,0.56767,,,,,False,Media,False,4 - Seguimiento normal,0.0509,0.0509
CVE-2024-38025,2024-07-09,7.2,HIGH,3.1,0.0207,0.79442,,,,,False,Alta,False,4 - Seguimiento normal,0.149,0.149
CVE-2024-38041,2024-07-09,5.5,MEDIUM,3.1,0.02155,0.80261,,,,,False,Media,False,4 - Seguimiento normal,0.1185,0.1185
CVE-2024-38100,2024-07-09,7.8,HIGH,3.1,0.04515,0.90526,,,,,False,Alta,False,4 - Seguimiento normal,0.3522,0.3522
CVE-2024-23711,2024-07-09,7.8,HIGH,3.1,0.00104,0.01224,,,,,False,Alta,False,4 - Seguimiento normal,0.0081,0.0081
CVE-2024-39493,2024-07-10,5.5,MEDIUM,3.1,0.00237,0.14842,,,,,False,Media,False,4 - Seguimiento normal,0.013,0.013
CVE-2024-6644,2024-07-10,5.3,MEDIUM,4.0,0.00531,0.41694,,,,,False,Media,False,4 - Seguimiento normal,0.0281,0.0281
CVE-2024-37205,2024-07-10,5.3,MEDIUM,3.1,0.00443,0.36281,,,,,False,Media,False,4 - Seguimiento normal,0.0235,0.0235
CVE-2024-37270,2024-07-10,5.3,MEDIUM,3.1,0.00418,0.34246,,,,,False,Media,False,4 - Seguimiento normal,0.0222,0.0222
CVE-2024-6235,2024-07-10,9.4,CRITICAL,4.0,0.21331,0.97343,,,,,False,Crítica,True,2 - Explotación probable,2.0051,2.0051
CVE-2024-39557,2024-07-10,7.1,HIGH,4.0,0.00246,0.1596,,,,,False,Alta,False,4 - Seguimiento normal,0.0175,0.0175
CVE-2024-39565,2024-07-10,7.7,HIGH,4.0,0.00517,0.40917,,,,,False,Alta,False,4 - Seguimiento normal,0.0398,0.0398
CVE-2024-2602,2024-07-11,7.3,HIGH,3.1,0.00281,0.20374,,,,,False,Alta,False,4 - Seguimiento normal,0.0205,0.0205
CVE-2024-40904,2024-07-12,5.5,MEDIUM,3.1,0.00291,0.21332,,,,,False,Media,False,4 - Seguimiento normal,0.016,0.016
CVE-2024-40920,2024-07-12,7.8,HIGH,3.1,0.00291,0.21334,,,,,False,Alta,False,4 - Seguimiento normal,0.0227,0.0227
CVE-2024-40923,2024-07-12,5.5,MEDIUM,3.1,0.00288,0.21032,,,,,False,Media,False,4 - Seguimiento normal,0.0158,0.0158
CVE-2024-40967,2024-07-12,5.5,MEDIUM,3.1,0.00222,0.12886,,,,,False,Media,False,4 - Seguimiento normal,0.0122,0.0122
CVE-2024-40979,2024-07-12,5.5,MEDIUM,3.1,0.00255,0.17045,,,,,False,Media,False,4 - Seguimiento normal,0.014,0.014
CVE-2024-40545,2024-07-12,8.8,HIGH,3.1,0.00661,0.47891,,,,,False,Alta,False,4 - Seguimiento normal,0.0582,0.0582
CVE-2023-39327,2024-07-13,4.3,MEDIUM,3.1,0.00528,0.41521,,,,,False,Media,False,4 - Seguimiento normal,0.0227,0.0227
CVE-2024-5472,2024-07-13,7.1,HIGH,3.1,0.00432,0.35371,,,,,False,Alta,False,4 - Seguimiento normal,0.0307,0.0307
CVE-2024-6345,2024-07-15,8.8,HIGH,3.0,0.01939,0.78001,,,,,False,Alta,False,4 - Seguimiento normal,0.1706,0.1706
CVE-2024-39728,2024-07-15,6.4,MEDIUM,3.1,0.00341,0.26595,,,,,False,Media,False,4 - Seguimiento normal,0.0218,0.0218
CVE-2024-39731,2024-07-15,5.9,MEDIUM,3.1,0.0028,0.20239,,,,,False,Media,False,4 - Seguimiento normal,0.0165,0.0165
CVE-2024-39736,2024-07-15,6.5,MEDIUM,3.1,0.00366,0.29181,,,,,False,Media,False,4 - Seguimiento normal,0.0238,0.0238
CVE-2024-6737,2024-07-15,8.8,HIGH,3.1,0.00616,0.45876,,,,,False,Alta,False,4 - Seguimiento normal,0.0542,0.0542
CVE-2024-6744,2024-07-15,9.8,CRITICAL,3.1,0.00771,0.51879,,,,,False,Crítica,False,3 - Grave pero sin explotación conocida,0.0756,0.0756
CVE-2024-6570,2024-07-16,5.3,MEDIUM,3.1,0.00453,0.3695,,,,,False,Media,False,4 - Seguimiento normal,0.024,0.024
CVE-2022-48828,2024-07-16,5.5,MEDIUM,3.1,0.00251,0.16559,,,,,False,Media,False,4 - Seguimiento normal,0.0138,0.0138
CVE-2022-48829,2024-07-16,5.5,MEDIUM,3.1,0.00254,0.16938,,,,,False,Media,False,4 - Seguimiento normal,0.014,0.014
CVE-2022-48840,2024-07-16,5.5,MEDIUM,3.1,0.00236,0.14686,,,,,False,Media,False,4 - Seguimiento normal,0.013,0.013
CVE-2024-22442,2024-07-16,9.8,CRITICAL,3.1,0.00624,0.46259,,,,,False,Crítica,False,3 - Grave pero sin explotación conocida,0.0612,0.0612
CVE-2024-21123,2024-07-16,2.3,LOW,3.1,0.00172,0.06878,,,,,False,Baja,False,4 - Seguimiento normal,0.004,0.004
CVE-2024-21168,2024-07-16,6.5,MEDIUM,3.1,0.0048,0.387,,,,,False,Media,False,4 - Seguimiento normal,0.0312,0.0312
CVE-2024-40633,2024-07-17,5.3,MEDIUM,3.1,0.0038,0.30586,,,,,False,Media,False,4 - Seguimiento normal,0.0201,0.0201
CVE-2024-40420,2024-07-17,,,,0.0,0.0,,,,,False,Sin puntaje,False,4 - Seguimiento normal,0.0,0.0
CVE-2024-38156,2024-07-19,6.1,MEDIUM,3.1,0.00413,0.3388,,,,,False,Media,False,4 - Seguimiento normal,0.0252,0.0252
CVE-2024-6899,2024-07-19,5.3,MEDIUM,4.0,0.00607,0.45462,,,,,False,Media,False,4 - Seguimiento normal,0.0322,0.0322
CVE-2024-2337,2024-07-20,6.4,MEDIUM,3.1,0.00355,0.28138,,,,,False,Media,False,4 - Seguimiento normal,0.0227,0.0227
CVE-2024-6947,2024-07-21,5.1,MEDIUM,4.0,0.00593,0.44829,,,,,False,Media,False,4 - Seguimiento normal,0.0302,0.0302
CVE-2024-37120,2024-07-22,5.9,MEDIUM,3.1,0.00276,0.19788,,,,,False,Media,False,4 - Seguimiento normal,0.0163,0.0163
CVE-2024-38503,2024-07-22,5.4,MEDIUM,3.1,0.00702,0.49478,,,,,False,Media,False,4 - Seguimiento normal,0.0379,0.0379
CVE-2024-41827,2024-07-22,7.4,HIGH,3.1,0.00404,0.33119,,,,,False,Alta,False,4 - Seguimiento normal,0.0299,0.0299
CVE-2024-6794,2024-07-22,9.8,CRITICAL,3.1,0.01152,0.63663,,,,,False,Crítica,False,3 - Grave pero sin explotación conocida,0.1129,0.1129
CVE-2024-6717,2024-07-23,7.7,HIGH,3.1,0.00388,0.31463,,,,,False,Alta,False,4 - Seguimiento normal,0.0299,0.0299
CVE-2024-41668,2024-07-23,8.3,HIGH,3.1,0.0058,0.44238,,,,,False,Alta,False,4 - Seguimiento normal,0.0481,0.0481
CVE-2024-31970,2024-07-24,8.8,HIGH,3.1,0.00608,0.45489,,,,,False,Alta,False,4 - Seguimiento normal,0.0535,0.0535
CVE-2024-21684,2024-07-24,4.3,MEDIUM,3.1,0.00248,0.16271,,,,,False,Media,False,4 - Seguimiento normal,0.0107,0.0107
CVE-2024-37084,2024-07-25,9.8,CRITICAL,3.1,0.35211,0.98278,,,,,False,Crítica,True,2 - Explotación probable,3.4507,3.4507
CVE-2024-41029,2024-07-29,5.5,MEDIUM,3.1,0.00268,0.18765,,,,,False,Media,False,4 - Seguimiento normal,0.0147,0.0147
CVE-2024-41076,2024-07-29,5.5,MEDIUM,3.1,0.00209,0.11209,,,,,False,Media,False,4 - Seguimiento normal,0.0115,0.0115
CVE-2024-41082,2024-07-29,5.5,MEDIUM,3.1,0.00226,0.13431,,,,,False,Media,False,4 - Seguimiento normal,0.0124,0.0124
CVE-2024-42084,2024-07-29,5.5,MEDIUM,3.1,0.00229,0.13823,,,,,False,Media,False,4 - Seguimiento normal,0.0126,0.0126
CVE-2022-4038,2024-07-29,,,,0.0,0.0,,,,,False,Sin puntaje,False,4 - Seguimiento normal,0.0,0.0
CVE-2024-7250,2024-07-29,7.8,HIGH,3.1,0.00319,0.24243,,,,,False,Alta,False,4 - Seguimiento normal,0.0249,0.0249
CVE-2024-27886,2024-07-29,5.5,MEDIUM,3.1,0.0048,0.38704,,,,,False,Media,False,4 - Seguimiento normal,0.0264,0.0264
CVE-2024-40824,2024-07-29,5.5,MEDIUM,3.1,0.00281,0.20338,,,,,False,Media,False,4 - Seguimiento normal,0.0155,0.0155
CVE-2024-40834,2024-07-29,4.4,MEDIUM,3.1,0.00253,0.16854,,,,,False,Media,False,4 - Seguimiento normal,0.0111,0.0111
CVE-2024-5808,2024-07-30,4.3,MEDIUM,3.1,0.00219,0.12556,,,,,False,Media,False,4 - Seguimiento normal,0.0094,0.0094
CVE-2024-41693,2024-07-30,6.1,MEDIUM,3.1,0.00269,0.18852,,,,,False,Media,False,4 - Seguimiento normal,0.0164,0.0164
CVE-2024-6208,2024-07-31,6.4,MEDIUM,3.1,0.00385,0.31151,,,,,False,Media,False,4 - Seguimiento normal,0.0246,0.0246
CVE-2024-7327,2024-07-31,5.3,MEDIUM,4.0,0.00514,0.4076,,,,,False,Media,False,4 - Seguimiento normal,0.0272,0.0272
CVE-2024-39839,2024-08-01,4.3,MEDIUM,3.1,0.00338,0.26338,,,,,False,Media,False,4 - Seguimiento normal,0.0145,0.0145
CVE-2024-41162,2024-08-01,4.1,MEDIUM,3.1,0.00276,0.19711,,,,,False,Media,False,4 - Seguimiento normal,0.0113,0.0113
CVE-2024-7360,2024-08-01,6.9,MEDIUM,4.0,0.00368,0.29357,,,,,False,Media,False,4 - Seguimiento normal,0.0254,0.0254
CVE-2024-4353,2024-08-01,4.6,MEDIUM,4.0,0.00302,0.22478,,,,,False,Media,False,4 - Seguimiento normal,0.0139,0.0139
CVE-2024-39630,2024-08-01,5.5,MEDIUM,3.1,0.00298,0.22082,,,,,False,Media,False,4 - Seguimiento normal,0.0164,0.0164
CVE-2024-39636,2024-08-01,8.3,HIGH,3.1,0.00401,0.32762,,,,,False,Alta,False,4 - Seguimiento normal,0.0333,0.0333
CVE-2024-42458,2024-08-02,9.8,CRITICAL,3.1,0.0083,0.53787,,,,,False,Crítica,False,3 - Grave pero sin explotación conocida,0.0813,0.0813
CVE-2024-42349,2024-08-02,5.3,MEDIUM,3.1,0.00568,0.43693,,,,,False,Media,False,4 - Seguimiento normal,0.0301,0.0301
CVE-2024-7454,2024-08-04,5.3,MEDIUM,4.0,0.00534,0.41912,,,,,False,Media,False,4 - Seguimiento normal,0.0283,0.0283
CVE-2024-7467,2024-08-05,5.3,MEDIUM,4.0,0.23402,0.9755,,,,,False,Media,True,2 - Explotación probable,1.2403,1.2403
CVE-2024-23383,2024-08-05,8.4,HIGH,3.1,0.00111,0.01525,,,,,False,Alta,False,4 - Seguimiento normal,0.0093,0.0093
CVE-2024-41960,2024-08-05,3.8,LOW,3.1,0.00326,0.25029,,,,,False,Baja,False,4 - Seguimiento normal,0.0124,0.0124
CVE-2024-33965,2024-08-06,9.8,CRITICAL,3.1,0.0041,0.3359,,,,,False,Crítica,False,3 - Grave pero sin explotación conocida,0.0402,0.0402
CVE-2024-43114,2024-08-06,7.5,HIGH,3.1,0.00152,0.04829,,,,,False,Alta,False,4 - Seguimiento normal,0.0114,0.0114
CVE-2024-7519,2024-08-06,9.6,CRITICAL,3.1,0.00624,0.46295,,,,,False,Crítica,False,3 - Grave pero sin explotación conocida,0.0599,0.0599
CVE-2024-43112,2024-08-06,6.1,MEDIUM,3.1,0.00251,0.16582,,,,,False,Media,False,4 - Seguimiento normal,0.0153,0.0153
CVE-2024-7001,2024-08-06,4.3,MEDIUM,3.1,0.00443,0.36289,,,,,False,Media,False,4 - Seguimiento normal,0.019,0.019
CVE-2024-34629,2024-08-07,5.5,MEDIUM,3.1,0.00152,0.048,,,,,False,Media,False,4 - Seguimiento normal,0.0084,0.0084
CVE-2024-42222,2024-08-07,4.3,MEDIUM,3.1,0.00972,0.58324,,,,,False,Media,False,4 - Seguimiento normal,0.0418,0.0418
CVE-2024-6987,2024-08-08,4.3,MEDIUM,3.1,0.00343,0.26842,,,,,False,Media,False,4 - Seguimiento normal,0.0147,0.0147
CVE-2024-42251,2024-08-08,5.5,MEDIUM,3.1,0.0021,0.1132,,,,,False,Media,False,4 - Seguimiento normal,0.0115,0.0115
CVE-2024-42253,2024-08-08,4.7,MEDIUM,3.1,0.00164,0.0603,,,,,False,Media,False,4 - Seguimiento normal,0.0077,0.0077
CVE-2024-7480,2024-08-08,4.2,MEDIUM,3.1,0.00151,0.04703,,,,,False,Media,False,4 - Seguimiento normal,0.0063,0.0063
CVE-2023-24064,2024-08-08,6.8,MEDIUM,3.1,0.00409,0.3345,,,,,False,Media,False,4 - Seguimiento normal,0.0278,0.0278
CVE-2024-21880,2024-08-12,8.6,HIGH,4.0,0.02334,0.81784,,,,,False,Alta,False,4 - Seguimiento normal,0.2007,0.2007
CVE-2024-22122,2024-08-12,3.0,LOW,3.1,0.01606,0.73351,,,,,False,Baja,False,4 - Seguimiento normal,0.0482,0.0482
CVE-2024-40486,2024-08-12,9.8,CRITICAL,3.1,0.01016,0.59707,,,,,False,Crítica,False,3 - Grave pero sin explotación conocida,0.0996,0.0996
CVE-2024-7667,2024-08-12,5.3,MEDIUM,4.0,0.00542,0.42293,,,,,False,Media,False,4 - Seguimiento normal,0.0287,0.0287
CVE-2024-7680,2024-08-12,5.3,MEDIUM,4.0,0.00537,0.42015,,,,,False,Media,False,4 - Seguimiento normal,0.0285,0.0285
CVE-2024-42477,2024-08-12,5.3,MEDIUM,3.1,0.0046,0.37461,,,,,False,Media,False,4 - Seguimiento normal,0.0244,0.0244
CVE-2024-42624,2024-08-12,8.8,HIGH,3.1,0.00295,0.21749,,,,,False,Alta,False,4 - Seguimiento normal,0.026,0.026
CVE-2024-40892,2024-08-12,7.1,HIGH,3.1,0.00948,0.5754,,,,,False,Alta,False,4 - Seguimiento normal,0.0673,0.0673
CVE-2024-43233,2024-08-12,7.1,HIGH,3.1,0.00325,0.24937,,,,,False,Alta,False,4 - Seguimiento normal,0.0231,0.0231
CVE-2024-43224,2024-08-12,6.5,MEDIUM,3.1,0.00259,0.17569,,,,,False,Media,False,4 - Seguimiento normal,0.0168,0.0168
CVE-2024-43129,2024-08-13,6.5,MEDIUM,3.1,0.00567,0.43617,,,,,False,Media,False,4 - Seguimiento normal,0.0369,0.0369
CVE-2021-46772,2024-08-13,3.9,LOW,3.1,0.00181,0.07968,,,,,False,Baja,False,4 - Seguimiento normal,0.0071,0.0071
CVE-2024-38154,2024-08-13,8.8,HIGH,3.1,0.016,0.73257,,,,,False,Alta,False,4 - Seguimiento normal,0.1408,0.1408
CVE-2024-20082,2024-08-14,9.8,CRITICAL,3.1,0.01364,0.68926,,,,,False,Crítica,False,3 - Grave pero sin explotación conocida,0.1337,0.1337
CVE-2024-36136,2024-08-14,7.5,HIGH,3.1,0.02186,0.80523,,,,,False,Alta,False,4 - Seguimiento normal,0.164,0.164
CVE-2024-39389,2024-08-14,7.8,HIGH,3.1,0.00365,0.29117,,,,,False,Alta,False,4 - Seguimiento normal,0.0285,0.0285
CVE-2024-41840,2024-08-14,7.8,HIGH,3.1,0.00363,0.28966,,,,,False,Alta,False,4 - Seguimiento normal,0.0283,0.0283
CVE-2024-42438,2024-08-14,6.5,MEDIUM,3.1,0.00574,0.43938,,,,,False,Media,False,4 - Seguimiento normal,0.0373,0.0373
CVE-2024-40619,2024-08-14,8.7,HIGH,4.0,0.00577,0.44073,,,,,False,Alta,False,4 - Seguimiento normal,0.0502,0.0502
CVE-2024-22217,2024-08-15,6.5,MEDIUM,3.1,0.0034,0.2654,,,,,False,Media,False,4 - Seguimiento normal,0.0221,0.0221
CVE-2024-27728,2024-08-15,6.1,MEDIUM,3.1,0.00327,0.25084,,,,,False,Media,False,4 - Seguimiento normal,0.0199,0.0199
CVE-2024-7866,2024-08-15,2.1,LOW,4.0,0.00217,0.12273,,,,,False,Baja,False,4 - Seguimiento normal,0.0046,0.0046
CVE-2024-34736,2024-08-15,7.8,HIGH,3.1,0.00085,0.00382,,,,,False,Alta,False,4 - Seguimiento normal,0.0066,0.0066
CVE-2024-43809,2024-08-16,3.5,LOW,3.1,0.00328,0.25238,,,,,False,Baja,False,4 - Seguimiento normal,0.0115,0.0115
CVE-2024-42758,2024-08-16,5.4,MEDIUM,3.1,0.00758,0.51439,,,,,False,Media,False,4 - Seguimiento normal,0.0409,0.0409
CVE-2024-43395,2024-08-16,8.2,HIGH,3.1,0.00378,0.30375,,,,,False,Alta,False,4 - Seguimiento normal,0.031,0.031
CVE-2024-42284,2024-08-17,7.8,HIGH,3.1,0.00269,0.1884,,,,,False,Alta,False,4 - Seguimiento normal,0.021,0.021
CVE-2024-42309,2024-08-17,5.5,MEDIUM,3.1,0.00226,0.13507,,,,,False,Media,False,4 - Seguimiento normal,0.0124,0.0124
CVE-2024-43821,2024-08-17,5.5,MEDIUM,3.1,0.00225,0.13324,,,,,False,Media,False,4 - Seguimiento normal,0.0124,0.0124
CVE-2024-43830,2024-08-17,7.8,HIGH,3.1,0.00249,0.16313,,,,,False,Alta,False,4 - Seguimiento normal,0.0194,0.0194
CVE-2024-43858,2024-08-17,7.8,HIGH,3.1,0.00234,0.14482,,,,,False,Alta,False,4 - Seguimiento normal,0.0183,0.0183
CVE-2024-7901,2024-08-17,5.3,MEDIUM,4.0,0.00359,0.2845,,,,,False,Media,False,4 - Seguimiento normal,0.019,0.019
CVE-2024-44076,2024-08-19,9.8,CRITICAL,3.1,0.00603,0.45284,,,,,False,Crítica,False,3 - Grave pero sin explotación conocida,0.0591,0.0591
CVE-2022-4404,2024-08-19,,,,0.0,0.0,,,,,False,Sin puntaje,False,4 - Seguimiento normal,0.0,0.0
CVE-2024-23729,2024-08-19,6.1,MEDIUM,3.1,0.00399,0.326,,,,,False,Media,False,4 - Seguimiento normal,0.0243,0.0243
CVE-2024-7945,2024-08-20,5.3,MEDIUM,4.0,0.00452,0.3688,,,,,False,Media,False,4 - Seguimiento normal,0.024,0.024
CVE-2024-42565,2024-08-20,9.8,CRITICAL,3.1,0.006,0.45134,,,,,False,Crítica,False,3 - Grave pero sin explotación conocida,0.0588,0.0588
CVE-2024-39094,2024-08-20,5.4,MEDIUM,3.1,0.00323,0.24644,,,,,False,Media,False,4 - Seguimiento normal,0.0174,0.0174
CVE-2024-43376,2024-08-20,4.3,MEDIUM,3.1,0.00363,0.28934,,,,,False,Media,False,4 - Seguimiento normal,0.0156,0.0156
CVE-2024-42612,2024-08-20,8.8,HIGH,3.1,0.00273,0.19436,,,,,False,Alta,False,4 - Seguimiento normal,0.024,0.024
CVE-2024-43872,2024-08-21,5.5,MEDIUM,3.1,0.00144,0.04137,,,,,False,Media,False,4 - Seguimiento normal,0.0079,0.0079
CVE-2022-48874,2024-08-21,7.8,HIGH,3.1,0.0023,0.1392,,,,,False,Alta,False,4 - Seguimiento normal,0.0179,0.0179
CVE-2023-52894,2024-08-21,5.5,MEDIUM,3.1,0.00241,0.15316,,,,,False,Media,False,4 - Seguimiento normal,0.0133,0.0133
CVE-2023-52898,2024-08-21,4.7,MEDIUM,3.1,0.0024,0.15253,,,,,False,Media,False,4 - Seguimiento normal,0.0113,0.0113
CVE-2023-52907,2024-08-21,5.5,MEDIUM,3.1,0.00233,0.14335,,,,,False,Media,False,4 - Seguimiento normal,0.0128,0.0128
CVE-2023-52908,2024-08-21,5.5,MEDIUM,3.1,0.00205,0.1072,,,,,False,Media,False,4 - Seguimiento normal,0.0113,0.0113
CVE-2024-43411,2024-08-21,3.1,LOW,3.1,0.004,0.3265,,,,,False,Baja,False,4 - Seguimiento normal,0.0124,0.0124
CVE-2024-7974,2024-08-21,8.8,HIGH,3.1,0.0046,0.37457,,,,,False,Alta,False,4 - Seguimiento normal,0.0405,0.0405
CVE-2024-36442,2024-08-22,8.8,HIGH,3.1,0.00737,0.50757,,,,,False,Alta,False,4 - Seguimiento normal,0.0649,0.0649
CVE-2024-40884,2024-08-22,2.7,LOW,3.1,0.0039,0.31659,,,,,False,Baja,False,4 - Seguimiento normal,0.0105,0.0105
CVE-2024-42775,2024-08-22,9.1,CRITICAL,3.1,0.00484,0.38956,,,,,False,Crítica,False,3 - Grave pero sin explotación conocida,0.044,0.044
CVE-2024-43477,2024-08-23,7.5,HIGH,3.1,0.01043,0.60551,,,,,False,Alta,False,4 - Seguimiento normal,0.0782,0.0782
CVE-2024-42918,2024-08-23,5.4,MEDIUM,3.1,0.00403,0.33022,,,,,False,Media,False,4 - Seguimiento normal,0.0218,0.0218
CVE-2024-8142,2024-08-25,5.3,MEDIUM,4.0,0.00394,0.32082,,,,,False,Media,False,4 - Seguimiento normal,0.0209,0.0209
CVE-2024-43442,2024-08-26,4.9,MEDIUM,3.1,0.00402,0.32843,,,,,False,Media,False,4 - Seguimiento normal,0.0197,0.0197
CVE-2024-43892,2024-08-26,4.7,MEDIUM,3.1,0.00229,0.13847,,,,,False,Media,False,4 - Seguimiento normal,0.0108,0.0108
CVE-2024-43893,2024-08-26,5.5,MEDIUM,3.1,0.00255,0.17036,,,,,False,Media,False,4 - Seguimiento normal,0.014,0.014
CVE-2024-43899,2024-08-26,5.5,MEDIUM,3.1,0.00211,0.11583,,,,,False,Media,False,4 - Seguimiento normal,0.0116,0.0116
CVE-2024-43904,2024-08-26,5.5,MEDIUM,3.1,0.00237,0.14805,,,,,False,Media,False,4 - Seguimiento normal,0.013,0.013
CVE-2024-43910,2024-08-26,5.5,MEDIUM,3.1,0.0018,0.07875,,,,,False,Media,False,4 - Seguimiento normal,0.0099,0.0099
CVE-2024-42792,2024-08-26,3.5,LOW,3.1,0.00188,0.08691,,,,,False,Baja,False,4 - Seguimiento normal,0.0066,0.0066
CVE-2024-7989,2024-08-26,,,,0.0,0.0,,,,,False,Sin puntaje,False,4 - Seguimiento normal,0.0,0.0
CVE-2024-45321,2024-08-27,8.1,HIGH,3.1,0.00737,0.50756,,,,,False,Alta,False,4 - Seguimiento normal,0.0597,0.0597
CVE-2021-22509,2024-08-28,8.1,HIGH,3.1,0.002,0.10054,,,,,False,Alta,False,4 - Seguimiento normal,0.0162,0.0162
CVE-2024-5546,2024-08-28,8.3,HIGH,3.1,0.0304,0.86129,,,,,False,Alta,False,4 - Seguimiento normal,0.2523,0.2523
CVE-2024-5987,2024-08-29,5.4,MEDIUM,3.1,0.00264,0.18125,,,,,False,Media,False,4 - Seguimiento normal,0.0143,0.0143
CVE-2024-7606,2024-08-29,6.4,MEDIUM,3.1,0.00311,0.23371,,,,,False,Media,False,4 - Seguimiento normal,0.0199,0.0199
CVE-2024-38793,2024-08-29,8.5,HIGH,3.1,0.01178,0.64407,,,,,False,Alta,False,4 - Seguimiento normal,0.1001,0.1001
CVE-2024-43922,2024-08-29,4.8,MEDIUM,3.1,0.00354,0.27999,,,,,False,Media,False,4 - Seguimiento normal,0.017,0.017
CVE-2024-41964,2024-08-29,8.1,HIGH,3.1,0.0048,0.38698,,,,,False,Alta,False,4 - Seguimiento normal,0.0389,0.0389
CVE-2024-43953,2024-08-29,6.5,MEDIUM,3.1,0.00242,0.15449,,,,,False,Media,False,4 - Seguimiento normal,0.0157,0.0157
CVE-2024-43947,2024-08-29,5.4,MEDIUM,3.1,0.00172,0.06869,,,,,False,Media,False,4 - Seguimiento normal,0.0093,0.0093
CVE-2024-41361,2024-08-29,9.8,CRITICAL,3.1,0.00949,0.57561,,,,,False,Crítica,False,3 - Grave pero sin explotación conocida,0.093,0.093
CVE-2024-1545,2024-08-29,5.9,MEDIUM,3.1,0.00544,0.42387,,,,,False,Media,False,4 - Seguimiento normal,0.0321,0.0321
CVE-2024-8274,2024-08-30,6.1,MEDIUM,3.1,0.00469,0.37977,,,,,False,Media,False,4 - Seguimiento normal,0.0286,0.0286
CVE-2024-20089,2024-09-02,7.5,HIGH,3.1,0.00306,0.2289,,,,,False,Alta,False,4 - Seguimiento normal,0.0229,0.0229
CVE-2024-23364,2024-09-02,7.5,HIGH,3.1,0.00297,0.21982,,,,,False,Alta,False,4 - Seguimiento normal,0.0223,0.0223
CVE-2024-7261,2024-09-03,9.8,CRITICAL,3.1,0.11408,0.95543,,,,,False,Crítica,True,2 - Explotación probable,1.118,1.118
CVE-2024-34463,2024-09-03,5.1,MEDIUM,3.1,0.00658,0.47778,,,,,False,Media,False,4 - Seguimiento normal,0.0336,0.0336
CVE-2024-45678,2024-09-03,4.2,MEDIUM,3.1,0.00329,0.25393,,,,,False,Media,False,4 - Seguimiento normal,0.0138,0.0138
CVE-2024-34650,2024-09-04,4.0,MEDIUM,3.1,0.00132,0.03118,,,,,False,Media,False,4 - Seguimiento normal,0.0053,0.0053
CVE-2024-34658,2024-09-04,4.0,MEDIUM,3.1,0.00152,0.04874,,,,,False,Media,False,4 - Seguimiento normal,0.0061,0.0061
CVE-2024-34661,2024-09-04,4.3,MEDIUM,3.1,0.00323,0.24649,,,,,False,Media,False,4 - Seguimiento normal,0.0139,0.0139
CVE-2024-6722,2024-09-04,4.8,MEDIUM,3.1,0.00294,0.21581,,,,,False,Media,False,4 - Seguimiento normal,0.0141,0.0141
CVE-2024-8318,2024-09-04,6.4,MEDIUM,3.1,0.00311,0.23369,,,,,False,Media,False,4 - Seguimiento normal,0.0199,0.0199
CVE-2024-45506,2024-09-04,7.5,HIGH,3.1,0.01203,0.65045,,,,,False,Alta,False,4 - Seguimiento normal,0.0902,0.0902
CVE-2024-45076,2024-09-04,9.9,CRITICAL,3.1,0.00547,0.42563,,,,,False,Crítica,False,3 - Grave pero sin explotación conocida,0.0542,0.0542
CVE-2024-44958,2024-09-04,5.5,MEDIUM,3.1,0.00213,0.11771,,,,,False,Media,False,4 - Seguimiento normal,0.0117,0.0117
CVE-2024-45003,2024-09-04,4.7,MEDIUM,3.1,0.00172,0.06892,,,,,False,Media,False,4 - Seguimiento normal,0.0081,0.0081
CVE-2024-7605,2024-09-05,4.3,MEDIUM,3.1,0.00427,0.34977,,,,,False,Media,False,4 - Seguimiento normal,0.0184,0.0184
CVE-2024-6792,2024-09-06,3.5,LOW,3.1,0.00355,0.28146,,,,,False,Baja,False,4 - Seguimiento normal,0.0124,0.0124
CVE-2023-50366,2024-09-06,4.3,MEDIUM,3.1,0.00229,0.1383,,,,,False,Media,False,4 - Seguimiento normal,0.0098,0.0098
CVE-2024-6849,2024-09-07,6.4,MEDIUM,3.1,0.00284,0.20586,,,,,False,Media,False,4 - Seguimiento normal,0.0182,0.0182
CVE-2024-40680,2024-09-07,5.5,MEDIUM,3.1,0.00188,0.08674,,,,,False,Media,False,4 - Seguimiento normal,0.0103,0.0103
CVE-2024-6856,2024-09-08,4.3,MEDIUM,3.1,0.00201,0.10253,,,,,False,Media,False,4 - Seguimiento normal,0.0086,0.0086
CVE-2024-45041,2024-09-09,8.3,HIGH,3.1,0.00591,0.44728,,,,,False,Alta,False,4 - Seguimiento normal,0.0491,0.0491
CVE-2024-8605,2024-09-09,6.9,MEDIUM,4.0,0.00529,0.41606,,,,,False,Media,False,4 - Seguimiento normal,0.0365,0.0365
CVE-2024-45296,2024-09-09,7.5,HIGH,3.1,0.00932,0.5703,,,,,False,Alta,False,4 - Seguimiento normal,0.0699,0.0699
CVE-2024-44902,2024-09-09,9.8,CRITICAL,3.1,0.04208,0.89921,,,,,False,Crítica,False,3 - Grave pero sin explotación conocida,0.4124,0.4124
CVE-2024-21753,2024-09-10,5.5,MEDIUM,3.1,0.00741,0.50867,,,,,False,Media,False,4 - Seguimiento normal,0.0408,0.0408
CVE-2024-37341,2024-09-10,8.8,HIGH,3.1,0.01456,0.70762,,,,,False,Alta,False,4 - Seguimiento normal,0.1281,0.1281
CVE-2024-37966,2024-09-10,7.1,HIGH,3.1,0.02193,0.80581,,,,,False,Alta,False,4 - Seguimiento normal,0.1557,0.1557
CVE-2024-38119,2024-09-10,7.5,HIGH,3.1,0.00756,0.5138,,,,,False,Alta,False,4 - Seguimiento normal,0.0567,0.0567
CVE-2024-38238,2024-09-10,7.8,HIGH,3.1,0.00759,0.51493,,,,,False,Alta,False,4 - Seguimiento normal,0.0592,0.0592
CVE-2024-43455,2024-09-10,8.8,HIGH,3.1,0.01673,0.74423,,,,,False,Alta,False,4 - Seguimiento normal,0.1472,0.1472
CVE-2024-8045,2024-09-11,6.4,MEDIUM,3.1,0.00323,0.24645,,,,,False,Media,False,4 - Seguimiento normal,0.0207,0.0207
CVE-2024-45788,2024-09-11,8.7,HIGH,4.0,0.00498,0.39835,,,,,False,Alta,False,4 - Seguimiento normal,0.0433,0.0433
CVE-2024-8710,2024-09-12,5.3,MEDIUM,4.0,0.00579,0.44188,,,,,False,Media,False,4 - Seguimiento normal,0.0307,0.0307
CVE-2024-7859,2024-09-12,6.5,MEDIUM,3.1,0.00239,0.15128,,,,,False,Media,False,4 - Seguimiento normal,0.0155,0.0155
CVE-2021-38132,2024-09-12,5.3,MEDIUM,3.1,0.00396,0.3227,,,,,False,Media,False,4 - Seguimiento normal,0.021,0.021
CVE-2024-8635,2024-09-12,7.7,HIGH,3.1,0.00555,0.42993,,,,,False,Alta,False,4 - Seguimiento normal,0.0427,0.0427
CVE-2024-41629,2024-09-12,5.5,MEDIUM,3.1,0.00171,0.06755,,,,,False,Media,False,4 - Seguimiento normal,0.0094,0.0094
CVE-2024-31415,2024-09-13,6.3,MEDIUM,3.1,0.0012,0.02165,,,,,False,Media,False,4 - Seguimiento normal,0.0076,0.0076
CVE-2024-5931,2024-09-13,6.3,MEDIUM,3.1,0.00448,0.36615,,,,,False,Media,False,4 - Seguimiento normal,0.0282,0.0282
CVE-2024-46943,2024-09-15,7.5,HIGH,3.1,0.00556,0.43048,,,,,False,Alta,False,4 - Seguimiento normal,0.0417,0.0417
CVE-2024-8777,2024-09-16,7.5,HIGH,3.1,0.00543,0.42333,,,,,False,Alta,False,4 - Seguimiento normal,0.0407,0.0407
CVE-2024-6401,2024-09-16,9.2,CRITICAL,4.0,0.0042,0.34489,,,,,False,Crítica,False,3 - Grave pero sin explotación conocida,0.0386,0.0386
CVE-2024-24968,2024-09-16,5.6,MEDIUM,4.0,0.00184,0.08267,,,,,False,Media,False,4 - Seguimiento normal,0.0103,0.0103
CVE-2024-39910,2024-09-16,5.4,MEDIUM,3.1,0.0026,0.17638,,,,,False,Media,False,4 - Seguimiento normal,0.014,0.014
CVE-2024-40837,2024-09-17,5.5,MEDIUM,3.1,0.00229,0.13851,,,,,False,Media,False,4 - Seguimiento normal,0.0126,0.0126
CVE-2024-40848,2024-09-17,7.5,HIGH,3.1,0.00709,0.49735,,,,,False,Alta,False,4 - Seguimiento normal,0.0532,0.0532
CVE-2024-40857,2024-09-17,6.1,MEDIUM,3.1,0.00542,0.42314,,,,,False,Media,False,4 - Seguimiento normal,0.0331,0.0331
CVE-2024-8092,2024-09-17,5.4,MEDIUM,3.1,0.00182,0.08038,,,,,False,Media,False,4 - Seguimiento normal,0.0098,0.0098
CVE-2024-42501,2024-09-17,7.2,HIGH,3.1,0.01167,0.64078,,,,,False,Alta,False,4 - Seguimiento normal,0.084,0.084
CVE-2024-43993,2024-09-18,6.5,MEDIUM,3.1,0.00242,0.15449,,,,,False,Media,False,4 - Seguimiento normal,0.0157,0.0157
CVE-2024-5682,2024-09-18,6.9,MEDIUM,4.0,0.00376,0.30175,,,,,False,Media,False,4 - Seguimiento normal,0.0259,0.0259
CVE-2024-31166,2024-09-18,6.5,MEDIUM,3.1,0.00486,0.39079,,,,,False,Media,False,4 - Seguimiento normal,0.0316,0.0316
CVE-2024-39590,2024-09-18,7.5,HIGH,3.1,0.01021,0.59842,,,,,False,Alta,False,4 - Seguimiento normal,0.0766,0.0766
CVE-2024-46582,2024-09-18,7.5,HIGH,3.1,0.0045,0.36776,,,,,False,Alta,False,4 - Seguimiento normal,0.0337,0.0337
CVE-2024-47085,2024-09-19,8.7,HIGH,4.0,0.00436,0.35762,,,,,False,Alta,False,4 - Seguimiento normal,0.0379,0.0379
CVE-2024-8651,2024-09-19,6.9,MEDIUM,4.0,0.00427,0.35004,,,,,False,Media,False,4 - Seguimiento normal,0.0295,0.0295
CVE-2024-45806,2024-09-20,6.5,MEDIUM,3.1,0.00378,0.30394,,,,,False,Media,False,4 - Seguimiento normal,0.0246,0.0246
CVE-2024-47060,2024-09-20,4.3,MEDIUM,3.1,0.00357,0.28321,,,,,False,Media,False,4 - Seguimiento normal,0.0154,0.0154
CVE-2024-46648,2024-09-20,7.5,HIGH,3.1,0.00879,0.55366,,,,,False,Alta,False,4 - Seguimiento normal,0.0659,0.0659
CVE-2024-8758,2024-09-23,4.8,MEDIUM,3.1,0.00373,0.29955,,,,,False,Media,False,4 - Seguimiento normal,0.0179,0.0179
CVE-2024-40442,2024-09-23,7.2,HIGH,3.1,0.01017,0.59738,,,,,False,Alta,False,4 - Seguimiento normal,0.0732,0.0732
CVE-2018-20072,2024-09-23,7.8,HIGH,3.1,0.00164,0.05948,,,,,False,Alta,False,4 - Seguimiento normal,0.0128,0.0128
CVE-2022-43845,2024-09-25,3.7,LOW,3.1,0.00425,0.34829,,,,,False,Baja,False,4 - Seguimiento normal,0.0157,0.0157
CVE-2024-9063,2024-09-25,,,,0.0,0.0,,,,,False,Sin puntaje,False,4 - Seguimiento normal,0.0,0.0
CVE-2024-8484,2024-09-25,7.5,HIGH,3.1,0.03792,0.88868,,,,,False,Alta,False,4 - Seguimiento normal,0.2844,0.2844
CVE-2024-9073,2024-09-25,6.4,MEDIUM,3.1,0.0028,0.20183,,,,,False,Media,False,4 - Seguimiento normal,0.0179,0.0179
CVE-2024-8514,2024-09-25,9.1,CRITICAL,3.1,0.00996,0.5906,,,,,False,Crítica,False,3 - Grave pero sin explotación conocida,0.0906,0.0906
CVE-2024-20414,2024-09-25,6.5,MEDIUM,3.1,0.00275,0.19653,,,,,False,Media,False,4 - Seguimiento normal,0.0179,0.0179
CVE-2024-8975,2024-09-25,7.3,HIGH,3.1,0.003,0.22259,,,,,False,Alta,False,4 - Seguimiento normal,0.0219,0.0219
CVE-2022-49039,2024-09-26,6.7,MEDIUM,3.1,0.00207,0.11009,,,,,False,Media,False,4 - Seguimiento normal,0.0139,0.0139
CVE-2024-45982,2024-09-26,8.8,HIGH,3.1,0.00347,0.2732,,,,,False,Alta,False,4 - Seguimiento normal,0.0305,0.0305
CVE-2024-46826,2024-09-27,5.5,MEDIUM,3.1,0.00248,0.1617,,,,,False,Media,False,4 - Seguimiento normal,0.0136,0.0136
CVE-2024-46847,2024-09-27,5.5,MEDIUM,3.1,0.00219,0.12481,,,,,False,Media,False,4 - Seguimiento normal,0.012,0.012
CVE-2024-9294,2024-09-27,5.3,MEDIUM,4.0,0.00324,0.24848,,,,,False,Media,False,4 - Seguimiento normal,0.0172,0.0172
CVE-2024-9189,2024-09-28,5.3,MEDIUM,3.1,0.0048,0.38723,,,,,False,Media,False,4 - Seguimiento normal,0.0254,0.0254
CVE-2024-8189,2024-09-28,4.4,MEDIUM,3.1,0.00365,0.2912,,,,,False,Media,False,4 - Seguimiento normal,0.0161,0.0161
CVE-2024-8449,2024-09-30,6.8,MEDIUM,3.1,0.00267,0.18697,,,,,False,Media,False,4 - Seguimiento normal,0.0182,0.0182
CVE-2024-7433,2024-10-01,8.8,HIGH,3.1,0.00624,0.4626,,,,,False,Alta,False,4 - Seguimiento normal,0.0549,0.0549
CVE-2024-8324,2024-10-01,6.4,MEDIUM,3.1,0.00334,0.25918,,,,,False,Media,False,4 - Seguimiento normal,0.0214,0.0214
CVE-2024-8793,2024-10-01,6.1,MEDIUM,3.1,0.0037,0.29564,,,,,False,Media,False,4 - Seguimiento normal,0.0226,0.0226
CVE-2024-25658,2024-10-01,6.5,MEDIUM,3.1,0.00185,0.08389,,,,,False,Media,False,4 - Seguimiento normal,0.012,0.012
CVE-2024-47135,2024-10-03,7.8,HIGH,3.1,0.00296,0.21855,,,,,False,Alta,False,4 - Seguimiento normal,0.0231,0.0231
CVE-2024-41922,2024-10-03,7.5,HIGH,3.1,0.08072,0.94192,,,,,False,Alta,False,4 - Seguimiento normal,0.6054,0.6054
CVE-2024-8508,2024-10-03,5.3,MEDIUM,3.1,0.00801,0.52847,,,,,False,Media,False,4 - Seguimiento normal,0.0425,0.0425
CVE-2024-9345,2024-10-04,6.1,MEDIUM,3.1,0.00364,0.29069,,,,,False,Media,False,4 - Seguimiento normal,0.0222,0.0222
CVE-2024-47855,2024-10-04,5.3,MEDIUM,3.1,0.17572,0.96823,,,,,False,Media,True,2 - Explotación probable,0.9313,0.9313
CVE-2024-47651,2024-10-04,7.1,HIGH,4.0,0.00432,0.35405,,,,,False,Alta,False,4 - Seguimiento normal,0.0307,0.0307
CVE-2024-9513,2024-10-04,6.3,MEDIUM,4.0,0.01731,0.75236,,,,,False,Media,False,4 - Seguimiento normal,0.1091,0.1091
CVE-2024-25694,2024-10-04,4.8,MEDIUM,3.1,0.00275,0.19677,,,,,False,Media,False,4 - Seguimiento normal,0.0132,0.0132
CVE-2024-9455,2024-10-05,6.4,MEDIUM,3.1,0.00324,0.24805,,,,,False,Media,False,4 - Seguimiento normal,0.0207,0.0207
CVE-2024-44015,2024-10-05,7.5,HIGH,3.1,0.00525,0.41415,,,,,False,Alta,False,4 - Seguimiento normal,0.0394,0.0394
CVE-2024-47631,2024-10-05,6.5,MEDIUM,3.1,0.00241,0.15351,,,,,False,Media,False,4 - Seguimiento normal,0.0157,0.0157
CVE-2024-47389,2024-10-05,7.1,HIGH,3.1,0.00311,0.2339,,,,,False,Alta,False,4 - Seguimiento normal,0.0221,0.0221
CVE-2024-44033,2024-10-06,6.5,MEDIUM,3.1,0.00298,0.22048,,,,,False,Media,False,4 - Seguimiento normal,0.0194,0.0194
CVE-2024-9564,2024-10-07,8.7,HIGH,4.0,0.01944,0.7805,,,,,False,Alta,False,4 - Seguimiento normal,0.1691,0.1691
CVE-2024-20100,2024-10-07,9.8,CRITICAL,3.1,0.00333,0.25741,,,,,False,Crítica,False,3 - Grave pero sin explotación conocida,0.0326,0.0326
CVE-2024-9570,2024-10-07,8.7,HIGH,4.0,0.02932,0.85642,,,,,False,Alta,False,4 - Seguimiento normal,0.2551,0.2551
CVE-2024-39806,2024-10-08,5.5,MEDIUM,3.1,0.00152,0.04796,,,,,False,Media,False,4 - Seguimiento normal,0.0084,0.0084
CVE-2024-41798,2024-10-08,9.3,CRITICAL,4.0,0.00542,0.4231,,,,,False,Crítica,False,3 - Grave pero sin explotación conocida,0.0504,0.0504
CVE-2024-33506,2024-10-08,3.3,LOW,3.1,0.00446,0.36497,,,,,False,Baja,False,4 - Seguimiento normal,0.0147,0.0147
CVE-2024-45330,2024-10-08,7.2,HIGH,3.1,0.00633,0.46679,,,,,False,Alta,False,4 - Seguimiento normal,0.0456,0.0456
CVE-2024-45880,2024-10-08,8.0,HIGH,3.1,0.00942,0.57355,,,,,False,Alta,False,4 - Seguimiento normal,0.0754,0.0754
CVE-2024-43502,2024-10-08,7.1,HIGH,3.1,0.06008,0.92562,,,,,False,Alta,False,4 - Seguimiento normal,0.4266,0.4266
CVE-2024-43553,2024-10-08,7.4,HIGH,3.1,0.00499,0.39867,,,,,False,Alta,False,4 - Seguimiento normal,0.0369,0.0369
CVE-2024-25282,2024-10-09,,,,0.0,0.0,,,,,False,Sin puntaje,False,4 - Seguimiento normal,0.0,0.0
CVE-2024-47422,2024-10-09,7.8,HIGH,3.1,0.00352,0.27748,,,,,False,Alta,False,4 - Seguimiento normal,0.0275,0.0275
CVE-2024-47673,2024-10-09,5.5,MEDIUM,3.1,0.00207,0.10959,,,,,False,Media,False,4 - Seguimiento normal,0.0114,0.0114
CVE-2024-30118,2024-10-09,3.5,LOW,3.1,0.00292,0.21351,,,,,False,Baja,False,4 - Seguimiento normal,0.0102,0.0102
CVE-2024-9685,2024-10-10,4.3,MEDIUM,3.1,0.00323,0.24656,,,,,False,Media,False,4 - Seguimiento normal,0.0139,0.0139
CVE-2024-8477,2024-10-10,4.3,MEDIUM,3.1,0.00169,0.06579,,,,,False,Media,False,4 - Seguimiento normal,0.0073,0.0073
CVE-2024-45135,2024-10-10,2.7,LOW,3.1,0.00578,0.44157,,,,,False,Baja,False,4 - Seguimiento normal,0.0156,0.0156
CVE-2024-9783,2024-10-10,8.7,HIGH,4.0,0.00977,0.5851,,,,,False,Alta,False,4 - Seguimiento normal,0.085,0.085
CVE-2024-9436,2024-10-11,6.1,MEDIUM,3.1,0.00362,0.28781,,,,,False,Media,False,4 - Seguimiento normal,0.0221,0.0221
CVE-2024-9587,2024-10-11,5.4,MEDIUM,3.1,0.00362,0.28842,,,,,False,Media,False,4 - Seguimiento normal,0.0195,0.0195
CVE-2024-9859,2024-10-11,8.8,HIGH,3.1,0.00436,0.35726,,,,,False,Alta,False,4 - Seguimiento normal,0.0384,0.0384
CVE-2024-48768,2024-10-11,7.5,HIGH,3.1,0.00519,0.41057,,,,,False,Alta,False,4 - Seguimiento normal,0.0389,0.0389
CVE-2024-8915,2024-10-12,6.4,MEDIUM,3.1,0.00342,0.26764,,,,,False,Media,False,4 - Seguimiento normal,0.0219,0.0219
CVE-2024-6959,2024-10-13,7.1,HIGH,3.1,0.0021,0.11419,,,,,False,Alta,False,4 - Seguimiento normal,0.0149,0.0149
CVE-2024-49214,2024-10-14,5.3,MEDIUM,3.1,0.00515,0.40833,,,,,False,Media,False,4 - Seguimiento normal,0.0273,0.0273
CVE-2024-6762,2024-10-14,3.1,LOW,3.1,0.00909,0.56274,,,,,False,Baja,False,4 - Seguimiento normal,0.0282,0.0282
CVE-2024-6763,2024-10-14,3.7,LOW,3.1,0.00965,0.58052,,,,,False,Baja,False,4 - Seguimiento normal,0.0357,0.0357
CVE-2024-45732,2024-10-14,7.1,HIGH,3.1,0.00389,0.31503,,,,,False,Alta,False,4 - Seguimiento normal,0.0276,0.0276
CVE-2024-21255,2024-10-15,8.8,HIGH,3.1,0.00577,0.44074,,,,,False,Alta,False,4 - Seguimiento normal,0.0508,0.0508
CVE-2024-21275,2024-10-15,8.1,HIGH,3.1,0.00428,0.35088,,,,,False,Alta,False,4 - Seguimiento normal,0.0347,0.0347
CVE-2024-10018,2024-10-16,9.8,CRITICAL,3.1,0.00501,0.39959,,,,,False,Crítica,False,3 - Grave pero sin explotación conocida,0.0491,0.0491
CVE-2023-7293,2024-10-16,4.3,MEDIUM,3.1,0.00249,0.16321,,,,,False,Media,False,4 - Seguimiento normal,0.0107,0.0107
CVE-2024-8918,2024-10-16,7.4,HIGH,3.1,0.00318,0.24141,,,,,False,Alta,False,4 - Seguimiento normal,0.0235,0.0235
CVE-2024-9582,2024-10-16,6.4,MEDIUM,3.1,0.00258,0.1747,,,,,False,Media,False,4 - Seguimiento normal,0.0165,0.0165
CVE-2023-7295,2024-10-16,6.1,MEDIUM,3.1,0.00299,0.22103,,,,,False,Media,False,4 - Seguimiento normal,0.0182,0.0182
CVE-2024-49227,2024-10-16,9.8,CRITICAL,3.1,0.00523,0.41315,,,,,False,Crítica,False,3 - Grave pero sin explotación conocida,0.0513,0.0513
CVE-2024-7417,2024-10-17,4.3,MEDIUM,3.1,0.00414,0.3392,,,,,False,Media,False,4 - Seguimiento normal,0.0178,0.0178
CVE-2024-3184,2024-10-17,5.9,MEDIUM,3.1,0.00485,0.38991,,,,,False,Media,False,4 - Seguimiento normal,0.0286,0.0286
CVE-2024-9264,2024-10-18,9.4,CRITICAL,4.0,0.94644,0.99848,,,,,False,Crítica,True,2 - Explotación probable,8.8965,8.8965
CVE-2024-10049,2024-10-18,6.1,MEDIUM,3.1,0.00317,0.24026,,,,,False,Media,False,4 - Seguimiento normal,0.0193,0.0193
CVE-2024-49626,2024-10-20,9.8,CRITICAL,3.1,0.00509,0.40465,,,,,False,Crítica,False,3 - Grave pero sin explotación conocida,0.0499,0.0499
CVE-2024-10195,2024-10-20,5.1,MEDIUM,4.0,0.00391,0.31705,,,,,False,Media,False,4 - Seguimiento normal,0.0199,0.0199
CVE-2024-49326,2024-10-20,10.0,CRITICAL,3.1,0.00501,0.39978,,,,,False,Crítica,False,3 - Grave pero sin explotación conocida,0.0501,0.0501
CVE-2024-10202,2024-10-21,8.8,HIGH,3.1,0.01056,0.60919,,,,,False,Alta,False,4 - Seguimiento normal,0.0929,0.0929
CVE-2024-47680,2024-10-21,5.5,MEDIUM,3.1,0.0023,0.1392,,,,,False,Media,False,4 - Seguimiento normal,0.0126,0.0126
CVE-2024-40746,2024-10-21,5.4,MEDIUM,3.1,0.0026,0.17615,,,,,False,Media,False,4 - Seguimiento normal,0.014,0.014
CVE-2024-49864,2024-10-21,4.7,MEDIUM,3.1,0.00173,0.06918,,,,,False,Media,False,4 - Seguimiento normal,0.0081,0.0081
CVE-2024-49883,2024-10-21,7.8,HIGH,3.1,0.00275,0.19706,,,,,False,Alta,False,4 - Seguimiento normal,0.0214,0.0214
CVE-2024-49888,2024-10-21,5.5,MEDIUM,3.1,0.00234,0.14495,,,,,False,Media,False,4 - Seguimiento normal,0.0129,0.0129
CVE-2024-49916,2024-10-21,5.5,MEDIUM,3.1,0.00206,0.10867,,,,,False,Media,False,4 - Seguimiento normal,0.0113,0.0113
CVE-2024-49922,2024-10-21,5.5,MEDIUM,3.1,0.00233,0.14296,,,,,False,Media,False,4 - Seguimiento normal,0.0128,0.0128
CVE-2024-49934,2024-10-21,4.6,MEDIUM,3.1,0.00388,0.31435,,,,,False,Media,False,4 - Seguimiento normal,0.0178,0.0178
CVE-2024-49954,2024-10-21,5.5,MEDIUM,3.1,0.00235,0.14656,,,,,False,Media,False,4 - Seguimiento normal,0.0129,0.0129
CVE-2024-50007,2024-10-21,7.8,HIGH,3.1,0.0025,0.16472,,,,,False,Alta,False,4 - Seguimiento normal,0.0195,0.0195
CVE-2022-48946,2024-10-21,5.5,MEDIUM,3.1,0.00254,0.1691,,,,,False,Media,False,4 - Seguimiento normal,0.014,0.014
CVE-2022-48974,2024-10-21,5.5,MEDIUM,3.1,0.00203,0.10481,,,,,False,Media,False,4 - Seguimiento normal,0.0112,0.0112
CVE-2022-49032,2024-10-21,7.1,HIGH,3.1,0.00244,0.15724,,,,,False,Alta,False,4 - Seguimiento normal,0.0173,0.0173
CVE-2024-50026,2024-10-21,5.5,MEDIUM,3.1,0.00234,0.14496,,,,,False,Media,False,4 - Seguimiento normal,0.0129,0.0129
CVE-2024-40083,2024-10-21,9.6,CRITICAL,3.1,0.00394,0.32103,,,,,False,Crítica,False,3 - Grave pero sin explotación conocida,0.0378,0.0378
CVE-2024-41713,2024-10-21,9.1,CRITICAL,3.1,0.98067,0.99907,Mitel,MiCollab,2025-01-07,Known,True,Crítica,True,1 - Explotada activamente,8.9241,10.0
CVE-2022-23862,2024-10-22,7.8,HIGH,3.1,0.00487,0.39169,,,,,False,Alta,False,4 - Seguimiento normal,0.038,0.038
CVE-2024-48927,2024-10-22,4.6,MEDIUM,3.1,0.00428,0.35107,,,,,False,Media,False,4 - Seguimiento normal,0.0197,0.0197
CVE-2024-10276,2024-10-23,5.3,MEDIUM,4.0,0.00356,0.28197,,,,,False,Media,False,4 - Seguimiento normal,0.0189,0.0189
CVE-2024-10281,2024-10-23,8.7,HIGH,4.0,0.00937,0.57174,,,,,False,Alta,False,4 - Seguimiento normal,0.0815,0.0815
CVE-2024-45242,2024-10-24,7.8,HIGH,3.1,0.34662,0.98256,,,,,False,Alta,True,2 - Explotación probable,2.7036,2.7036
CVE-2024-48426,2024-10-24,6.2,MEDIUM,3.1,0.0023,0.13958,,,,,False,Media,False,4 - Seguimiento normal,0.0143,0.0143
CVE-2024-49760,2024-10-24,7.1,HIGH,3.1,0.00597,0.45025,,,,,False,Alta,False,4 - Seguimiento normal,0.0424,0.0424
CVE-2024-10150,2024-10-25,6.4,MEDIUM,3.1,0.00271,0.19086,,,,,False,Media,False,4 - Seguimiento normal,0.0173,0.0173
CVE-2024-45785,2024-10-25,7.5,HIGH,3.1,0.00425,0.34874,,,,,False,Alta,False,4 - Seguimiento normal,0.0319,0.0319
CVE-2022-30355,2024-10-25,9.8,CRITICAL,3.1,0.00459,0.37395,,,,,False,Crítica,False,3 - Grave pero sin explotación conocida,0.045,0.045
CVE-2022-30358,2024-10-25,8.8,HIGH,3.1,0.00513,0.40702,,,,,False,Alta,False,4 - Seguimiento normal,0.0451,0.0451
CVE-2024-10092,2024-10-26,4.3,MEDIUM,3.1,0.0044,0.36052,,,,,False,Media,False,4 - Seguimiento normal,0.0189,0.0189
CVE-2024-10421,2024-10-27,5.3,MEDIUM,4.0,0.00398,0.32431,,,,,False,Media,False,4 - Seguimiento normal,0.0211,0.0211
CVE-2024-50067,2024-10-28,7.8,HIGH,3.1,0.00233,0.14286,,,,,False,Alta,False,4 - Seguimiento normal,0.0182,0.0182
CVE-2024-50461,2024-10-28,6.5,MEDIUM,3.1,0.00241,0.15432,,,,,False,Media,False,4 - Seguimiento normal,0.0157,0.0157
CVE-2024-9629,2024-10-28,5.4,MEDIUM,3.1,0.00372,0.29872,,,,,False,Media,False,4 - Seguimiento normal,0.0201,0.0201
CVE-2024-50432,2024-10-28,6.5,MEDIUM,3.1,0.00251,0.16629,,,,,False,Media,False,4 - Seguimiento normal,0.0163,0.0163
CVE-2024-9825,2024-10-28,5.4,MEDIUM,3.1,0.00267,0.18722,,,,,False,Media,False,4 - Seguimiento normal,0.0144,0.0144
CVE-2024-48357,2024-10-28,9.8,CRITICAL,3.1,0.00549,0.42662,,,,,False,Crítica,False,3 - Grave pero sin explotación conocida,0.0538,0.0538
CVE-2024-40867,2024-10-28,9.6,CRITICAL,3.1,0.007,0.49405,,,,,False,Crítica,False,3 - Grave pero sin explotación conocida,0.0672,0.0672
CVE-2024-44260,2024-10-28,4.4,MEDIUM,3.1,0.00237,0.14856,,,,,False,Media,False,4 - Seguimiento normal,0.0104,0.0104
CVE-2024-10479,2024-10-29,5.1,MEDIUM,4.0,0.0028,0.20262,,,,,False,Media,False,4 - Seguimiento normal,0.0143,0.0143
CVE-2024-50484,2024-10-29,10.0,CRITICAL,3.1,0.00496,0.39701,,,,,False,Crítica,False,3 - Grave pero sin explotación conocida,0.0496,0.0496
CVE-2024-8589,2024-10-29,7.8,HIGH,3.1,0.00207,0.11028,,,,,False,Alta,False,4 - Seguimiento normal,0.0161,0.0161
CVE-2024-51378,2024-10-29,10.0,CRITICAL,3.1,0.94798,0.99852,CyberPersons,CyberPanel,2024-12-04,Known,True,Crítica,True,1 - Explotada activamente,9.4798,10.0
CVE-2024-8627,2024-10-30,6.4,MEDIUM,3.1,0.00257,0.17273,,,,,False,Media,False,4 - Seguimiento normal,0.0164,0.0164
CVE-2024-9884,2024-10-30,6.4,MEDIUM,3.1,0.00337,0.26225,,,,,False,Media,False,4 - Seguimiento normal,0.0216,0.0216
CVE-2024-10108,2024-10-30,7.2,HIGH,3.1,0.00382,0.30792,,,,,False,Alta,False,4 - Seguimiento normal,0.0275,0.0275
CVE-2024-48214,2024-10-30,8.4,HIGH,3.1,0.00965,0.58047,,,,,False,Alta,False,4 - Seguimiento normal,0.0811,0.0811
CVE-2024-48735,2024-10-30,7.7,HIGH,3.1,0.00954,0.57722,,,,,False,Alta,False,4 - Seguimiento normal,0.0735,0.0735
CVE-2023-52044,2024-10-31,9.8,CRITICAL,3.1,0.00768,0.5179,,,,,False,Crítica,False,3 - Grave pero sin explotación conocida,0.0753,0.0753
CVE-2024-10618,2024-11-01,5.3,MEDIUM,4.0,0.00543,0.42353,,,,,False,Media,False,4 - Seguimiento normal,0.0288,0.0288
CVE-2024-37204,2024-11-01,4.3,MEDIUM,3.1,0.00382,0.30784,,,,,False,Media,False,4 - Seguimiento normal,0.0164,0.0164
CVE-2024-39650,2024-11-01,7.3,HIGH,3.1,0.00441,0.3611,,,,,False,Alta,False,4 - Seguimiento normal,0.0322,0.0322
CVE-2024-43118,2024-11-01,4.3,MEDIUM,3.1,0.00535,0.41954,,,,,False,Media,False,4 - Seguimiento normal,0.023,0.023
CVE-2024-51377,2024-11-01,5.4,MEDIUM,3.1,0.00448,0.36625,,,,,False,Media,False,4 - Seguimiento normal,0.0242,0.0242
CVE-2024-49770,2024-11-01,7.7,HIGH,4.0,0.00682,0.48726,,,,,False,Alta,False,4 - Seguimiento normal,0.0525,0.0525
CVE-2024-10310,2024-11-02,6.4,MEDIUM,3.1,0.00244,0.15669,,,,,False,Media,False,4 - Seguimiento normal,0.0156,0.0156
CVE-2024-8739,2024-11-02,6.1,MEDIUM,3.1,0.00417,0.3416,,,,,False,Media,False,4 - Seguimiento normal,0.0254,0.0254
CVE-2024-10744,2024-11-03,5.3,MEDIUM,4.0,0.00367,0.29348,,,,,False,Media,False,4 - Seguimiento normal,0.0195,0.0195
CVE-2024-20118,2024-11-04,6.7,MEDIUM,3.1,0.00079,0.00207,,,,,False,Media,False,4 - Seguimiento normal,0.0053,0.0053
CVE-2024-23385,2024-11-04,7.5,HIGH,3.1,0.00244,0.15679,,,,,False,Alta,False,4 - Seguimiento normal,0.0183,0.0183
CVE-2024-38423,2024-11-04,7.8,HIGH,3.1,0.00102,0.01133,,,,,False,Alta,False,4 - Seguimiento normal,0.008,0.008
CVE-2024-51561,2024-11-04,9.3,CRITICAL,4.0,0.00518,0.40977,,,,,False,Crítica,False,3 - Grave pero sin explotación conocida,0.0482,0.0482
CVE-2024-30618,2024-11-04,6.1,MEDIUM,3.1,0.00381,0.30672,,,,,False,Media,False,4 - Seguimiento normal,0.0232,0.0232
CVE-2024-45185,2024-11-04,5.1,MEDIUM,3.1,0.00177,0.07484,,,,,False,Media,False,4 - Seguimiento normal,0.009,0.009
CVE-2024-48057,2024-11-04,6.1,MEDIUM,3.1,0.00191,0.09105,,,,,False,Media,False,4 - Seguimiento normal,0.0117,0.0117
CVE-2023-34443,2024-11-05,8.8,HIGH,3.1,0.00287,0.20946,,,,,False,Alta,False,4 - Seguimiento normal,0.0253,0.0253
CVE-2024-51498,2024-11-05,6.0,MEDIUM,4.0,0.00471,0.38103,,,,,False,Media,False,4 - Seguimiento normal,0.0283,0.0283
CVE-2024-9459,2024-11-05,8.3,HIGH,3.1,0.0207,0.79444,,,,,False,Alta,False,4 - Seguimiento normal,0.1718,0.1718
CVE-2024-10687,2024-11-05,9.8,CRITICAL,3.1,0.00635,0.46759,,,,,False,Crítica,False,3 - Grave pero sin explotación conocida,0.0622,0.0622
CVE-2024-51526,2024-11-05,8.2,HIGH,3.1,0.00105,0.01262,,,,,False,Alta,False,4 - Seguimiento normal,0.0086,0.0086
CVE-2024-51003,2024-11-05,5.7,MEDIUM,3.1,0.00292,0.21437,,,,,False,Media,False,4 - Seguimiento normal,0.0166,0.0166
CVE-2024-50091,2024-11-05,5.5,MEDIUM,3.1,0.002,0.10079,,,,,False,Media,False,4 - Seguimiento normal,0.011,0.011
CVE-2024-50117,2024-11-05,5.5,MEDIUM,3.1,0.00245,0.1587,,,,,False,Media,False,4 - Seguimiento normal,0.0135,0.0135
CVE-2024-50118,2024-11-05,5.5,MEDIUM,3.1,0.00186,0.08498,,,,,False,Media,False,4 - Seguimiento normal,0.0102,0.0102
CVE-2024-51746,2024-11-05,1.8,LOW,4.0,0.00116,0.01891,,,,,False,Baja,False,4 - Seguimiento normal,0.0021,0.0021
CVE-2024-50152,2024-11-07,5.5,MEDIUM,3.1,0.00215,0.12054,,,,,False,Media,False,4 - Seguimiento normal,0.0118,0.0118
CVE-2020-11916,2024-11-07,6.3,MEDIUM,3.1,0.00474,0.38363,,,,,False,Media,False,4 - Seguimiento normal,0.0299,0.0299
CVE-2020-11921,2024-11-07,8.8,HIGH,3.1,0.00238,0.14965,,,,,False,Alta,False,4 - Seguimiento normal,0.0209,0.0209
CVE-2023-27195,2024-11-08,9.8,CRITICAL,3.1,0.01018,0.59766,,,,,False,Crítica,False,3 - Grave pero sin explotación conocida,0.0998,0.0998
CVE-2024-50186,2024-11-08,7.8,HIGH,3.1,0.00231,0.14048,,,,,False,Alta,False,4 - Seguimiento normal,0.018,0.018
CVE-2024-35427,2024-11-08,5.5,MEDIUM,3.1,0.00156,0.05234,,,,,False,Media,False,4 - Seguimiento normal,0.0086,0.0086
CVE-2024-51787,2024-11-09,6.5,MEDIUM,3.1,0.00233,0.14362,,,,,False,Media,False,4 - Seguimiento normal,0.0151,0.0151
CVE-2024-50217,2024-11-09,7.8,HIGH,3.1,0.0026,0.17616,,,,,False,Alta,False,4 - Seguimiento normal,0.0203,0.0203
CVE-2024-50219,2024-11-09,,,,0.0,0.0,,,,,False,Sin puntaje,False,4 - Seguimiento normal,0.0,0.0
CVE-2024-50231,2024-11-09,5.5,MEDIUM,3.1,0.00219,0.1257,,,,,False,Media,False,4 - Seguimiento normal,0.012,0.012
CVE-2024-50237,2024-11-09,5.5,MEDIUM,3.1,0.00263,0.17984,,,,,False,Media,False,4 - Seguimiento normal,0.0145,0.0145
CVE-2024-50258,2024-11-09,5.5,MEDIUM,3.1,0.00207,0.1092,,,,,False,Media,False,4 - Seguimiento normal,0.0114,0.0114
CVE-2024-10640,2024-11-09,7.3,HIGH,3.1,0.00441,0.36131,,,,,False,Alta,False,4 - Seguimiento normal,0.0322,0.0322
CVE-2024-51718,2024-11-09,7.1,HIGH,3.1,0.00259,0.17587,,,,,False,Alta,False,4 - Seguimiento normal,0.0184,0.0184
CVE-2024-51695,2024-11-09,7.1,HIGH,3.1,0.00259,0.17593,,,,,False,Alta,False,4 - Seguimiento normal,0.0184,0.0184
CVE-2024-51622,2024-11-09,6.5,MEDIUM,3.1,0.00243,0.15604,,,,,False,Media,False,4 - Seguimiento normal,0.0158,0.0158
CVE-2024-51630,2024-11-09,7.1,HIGH,3.1,0.00161,0.05713,,,,,False,Alta,False,4 - Seguimiento normal,0.0114,0.0114
CVE-2024-11057,2024-11-10,6.9,MEDIUM,4.0,0.00628,0.46434,,,,,False,Media,False,4 - Seguimiento normal,0.0433,0.0433
CVE-2024-51820,2024-11-11,8.5,HIGH,3.1,0.00406,0.33219,,,,,False,Alta,False,4 - Seguimiento normal,0.0345,0.0345
CVE-2024-43430,2024-11-11,5.3,MEDIUM,3.1,0.00318,0.24181,,,,,False,Media,False,4 - Seguimiento normal,0.0169,0.0169
CVE-2024-43435,2024-11-11,5.3,MEDIUM,3.1,0.00336,0.26091,,,,,False,Media,False,4 - Seguimiento normal,0.0178,0.0178
CVE-2024-10344,2024-11-11,8.7,HIGH,4.0,0.0047,0.38046,,,,,False,Alta,False,4 - Seguimiento normal,0.0409,0.0409
CVE-2024-51486,2024-11-11,5.5,MEDIUM,3.1,0.00484,0.3898,,,,,False,Media,False,4 - Seguimiento normal,0.0266,0.0266
CVE-2024-49394,2024-11-12,5.3,MEDIUM,3.1,0.00329,0.25329,,,,,False,Media,False,4 - Seguimiento normal,0.0174,0.0174
CVE-2024-10179,2024-11-12,6.4,MEDIUM,3.1,0.00317,0.24082,,,,,False,Media,False,4 - Seguimiento normal,0.0203,0.0203
CVE-2024-21938,2024-11-12,7.3,HIGH,3.1,0.00224,0.13123,,,,,False,Alta,False,4 - Seguimiento normal,0.0164,0.0164
CVE-2024-43498,2024-11-12,9.8,CRITICAL,3.1,0.03512,0.87979,,,,,False,Crítica,False,3 - Grave pero sin explotación conocida,0.3442,0.3442
CVE-2024-43622,2024-11-12,8.8,HIGH,3.1,0.01516,0.719,,,,,False,Alta,False,4 - Seguimiento normal,0.1334,0.1334
CVE-2024-49015,2024-11-12,8.8,HIGH,3.1,0.01345,0.68479,,,,,False,Alta,False,4 - Seguimiento normal,0.1184,0.1184
CVE-2024-47453,2024-11-12,5.5,MEDIUM,3.1,0.0022,0.12632,,,,,False,Media,False,4 - Seguimiento normal,0.0121,0.0121
CVE-2024-49042,2024-11-12,7.2,HIGH,3.1,0.01175,0.64285,,,,,False,Alta,False,4 - Seguimiento normal,0.0846,0.0846
CVE-2024-47428,2024-11-12,7.8,HIGH,3.1,0.00265,0.18236,,,,,False,Alta,False,4 - Seguimiento normal,0.0207,0.0207
CVE-2024-49511,2024-11-12,5.5,MEDIUM,3.1,0.00283,0.20472,,,,,False,Media,False,4 - Seguimiento normal,0.0156,0.0156
CVE-2024-39712,2024-11-13,9.1,CRITICAL,3.0,0.01744,0.7542,,,,,False,Crítica,False,3 - Grave pero sin explotación conocida,0.1587,0.1587
CVE-2024-10820,2024-11-13,9.8,CRITICAL,3.1,0.01164,0.63976,,,,,False,Crítica,False,3 - Grave pero sin explotación conocida,0.1141,0.1141
CVE-2024-9409,2024-11-13,8.7,HIGH,4.0,0.00776,0.52056,,,,,False,Alta,False,4 - Seguimiento normal,0.0675,0.0675
CVE-2024-52268,2024-11-13,4.8,MEDIUM,3.1,0.0029,0.21172,,,,,False,Media,False,4 - Seguimiento normal,0.0139,0.0139
CVE-2024-40671,2024-11-13,7.8,HIGH,3.1,0.00119,0.02045,,,,,False,Alta,False,4 - Seguimiento normal,0.0093,0.0093
CVE-2024-23312,2024-11-13,5.4,MEDIUM,4.0,0.00175,0.07311,,,,,False,Media,False,4 - Seguimiento normal,0.0095,0.0095
CVE-2024-23918,2024-11-13,8.8,HIGH,4.0,0.00256,0.17184,,,,,False,Alta,False,4 - Seguimiento normal,0.0225,0.0225
CVE-2024-33624,2024-11-13,5.3,MEDIUM,4.0,0.00269,0.18863,,,,,False,Media,False,4 - Seguimiento normal,0.0143,0.0143
CVE-2024-38668,2024-11-13,5.4,MEDIUM,4.0,0.0016,0.05565,,,,,False,Media,False,4 - Seguimiento normal,0.0086,0.0086
CVE-2024-41167,2024-11-13,8.7,HIGH,4.0,0.00151,0.04756,,,,,False,Alta,False,4 - Seguimiento normal,0.0131,0.0131
CVE-2024-51027,2024-11-13,6.5,MEDIUM,3.1,0.06832,0.93327,,,,,False,Media,False,4 - Seguimiento normal,0.4441,0.4441
CVE-2024-40407,2024-11-13,7.5,HIGH,3.1,0.0038,0.30603,,,,,False,Alta,False,4 - Seguimiento normal,0.0285,0.0285
CVE-2024-5919,2024-11-14,5.1,MEDIUM,4.0,0.00346,0.27163,,,,,False,Media,False,4 - Seguimiento normal,0.0176,0.0176
CVE-2022-31666,2024-11-14,7.7,HIGH,3.1,0.00492,0.39425,,,,,False,Alta,False,4 - Seguimiento normal,0.0379,0.0379
CVE-2024-11240,2024-11-15,5.3,MEDIUM,4.0,0.00412,0.3374,,,,,False,Media,False,4 - Seguimiento normal,0.0218,0.0218
CVE-2024-11245,2024-11-15,5.3,MEDIUM,4.0,0.00558,0.4312,,,,,False,Media,False,4 - Seguimiento normal,0.0296,0.0296
CVE-2024-49754,2024-11-15,7.5,HIGH,3.1,0.69818,0.99302,,,,,False,Alta,True,2 - Explotación probable,5.2363,5.2363
CVE-2024-49758,2024-11-15,4.8,MEDIUM,3.1,0.00332,0.25631,,,,,False,Media,False,4 - Seguimiento normal,0.0159,0.0159
CVE-2024-50355,2024-11-15,4.8,MEDIUM,3.1,0.00314,0.23732,,,,,False,Media,False,4 - Seguimiento normal,0.0151,0.0151
CVE-2024-24452,2024-11-15,5.9,MEDIUM,3.1,0.00359,0.2845,,,,,False,Media,False,4 - Seguimiento normal,0.0212,0.0212
CVE-2024-11217,2024-11-15,4.9,MEDIUM,3.1,0.00361,0.28684,,,,,False,Media,False,4 - Seguimiento normal,0.0177,0.0177
CVE-2023-6110,2024-11-17,5.5,MEDIUM,3.1,0.00493,0.39471,,,,,False,Media,False,4 - Seguimiento normal,0.0271,0.0271
CVE-2024-42386,2024-11-18,8.2,HIGH,3.1,0.00349,0.27491,,,,,False,Alta,False,4 - Seguimiento normal,0.0286,0.0286
CVE-2020-3532,2024-11-18,6.1,MEDIUM,3.0,0.00487,0.39187,,,,,False,Media,False,4 - Seguimiento normal,0.0297,0.0297
CVE-2021-1410,2024-11-18,4.3,MEDIUM,3.1,0.00808,0.53102,,,,,False,Media,False,4 - Seguimiento normal,0.0347,0.0347
CVE-2024-52349,2024-11-18,6.5,MEDIUM,3.1,0.00238,0.15004,,,,,False,Media,False,4 - Seguimiento normal,0.0155,0.0155
CVE-2024-43338,2024-11-19,4.3,MEDIUM,3.1,0.00214,0.11939,,,,,False,Media,False,4 - Seguimiento normal,0.0092,0.0092
CVE-2024-50517,2024-11-19,6.5,MEDIUM,3.1,0.00332,0.25678,,,,,False,Media,False,4 - Seguimiento normal,0.0216,0.0216
CVE-2024-51827,2024-11-19,6.5,MEDIUM,3.1,0.00361,0.28754,,,,,False,Media,False,4 - Seguimiento normal,0.0235,0.0235
CVE-2024-51828,2024-11-19,6.5,MEDIUM,3.1,0.00361,0.28753,,,,,False,Media,False,4 - Seguimiento normal,0.0235,0.0235
CVE-2024-51876,2024-11-19,6.5,MEDIUM,3.1,0.00302,0.22466,,,,,False,Media,False,4 - Seguimiento normal,0.0196,0.0196
CVE-2024-51929,2024-11-19,6.5,MEDIUM,3.1,0.00274,0.19535,,,,,False,Media,False,4 - Seguimiento normal,0.0178,0.0178
CVE-2024-51937,2024-11-19,6.5,MEDIUM,3.1,0.00245,0.15826,,,,,False,Media,False,4 - Seguimiento normal,0.0159,0.0159
CVE-2024-52395,2024-11-19,5.3,MEDIUM,3.1,0.00401,0.32759,,,,,False,Media,False,4 - Seguimiento normal,0.0213,0.0213
CVE-2024-48070,2024-11-19,9.8,CRITICAL,3.1,0.00698,0.49299,,,,,False,Crítica,False,3 - Grave pero sin explotación conocida,0.0684,0.0684
CVE-2024-53071,2024-11-19,5.5,MEDIUM,3.1,0.00195,0.09452,,,,,False,Media,False,4 - Seguimiento normal,0.0107,0.0107
CVE-2024-53078,2024-11-19,5.5,MEDIUM,3.1,0.00186,0.08498,,,,,False,Media,False,4 - Seguimiento normal,0.0102,0.0102
CVE-2024-53088,2024-11-19,4.7,MEDIUM,3.1,0.00175,0.07253,,,,,False,Media,False,4 - Seguimiento normal,0.0082,0.0082
CVE-2024-52714,2024-11-19,9.8,CRITICAL,3.1,0.00544,0.42424,,,,,False,Crítica,False,3 - Grave pero sin explotación conocida,0.0533,0.0533
CVE-2018-9420,2024-11-19,5.5,MEDIUM,3.1,0.00076,0.00138,,,,,False,Media,False,4 - Seguimiento normal,0.0042,0.0042
CVE-2024-10899,2024-11-20,7.3,HIGH,3.1,0.00583,0.44391,,,,,False,Alta,False,4 - Seguimiento normal,0.0426,0.0426
CVE-2024-52472,2024-11-20,7.1,HIGH,3.1,0.0026,0.17629,,,,,False,Alta,False,4 - Seguimiento normal,0.0185,0.0185
CVE-2018-9477,2024-11-20,7.8,HIGH,3.1,0.00089,0.00545,,,,,False,Alta,False,4 - Seguimiento normal,0.0069,0.0069
CVE-2024-10528,2024-11-21,4.3,MEDIUM,3.1,0.00564,0.43479,,,,,False,Media,False,4 - Seguimiento normal,0.0243,0.0243
CVE-2024-53425,2024-11-21,6.2,MEDIUM,3.1,0.00303,0.22583,,,,,False,Media,False,4 - Seguimiento normal,0.0188,0.0188
CVE-2024-53426,2024-11-21,6.2,MEDIUM,3.1,0.00287,0.20904,,,,,False,Media,False,4 - Seguimiento normal,0.0178,0.0178
CVE-2024-48747,2024-11-21,6.8,MEDIUM,3.1,0.00937,0.57195,,,,,False,Media,False,4 - Seguimiento normal,0.0637,0.0637
CVE-2024-11511,2024-11-22,7.8,HIGH,3.1,0.00354,0.27996,,,,,False,Alta,False,4 - Seguimiento normal,0.0276,0.0276
CVE-2024-11529,2024-11-22,7.8,HIGH,3.1,0.00394,0.32111,,,,,False,Alta,False,4 - Seguimiento normal,0.0307,0.0307
CVE-2024-11542,2024-11-22,7.8,HIGH,3.1,0.00394,0.32116,,,,,False,Alta,False,4 - Seguimiento normal,0.0307,0.0307
CVE-2024-11580,2024-11-22,7.8,HIGH,3.1,0.00365,0.29075,,,,,False,Alta,False,4 - Seguimiento normal,0.0285,0.0285
CVE-2024-8822,2024-11-22,5.5,MEDIUM,3.1,0.00347,0.27275,,,,,False,Media,False,4 - Seguimiento normal,0.0191,0.0191
CVE-2024-8844,2024-11-22,5.5,MEDIUM,3.1,0.00371,0.297,,,,,False,Media,False,4 - Seguimiento normal,0.0204,0.0204
CVE-2024-9713,2024-11-22,7.8,HIGH,3.1,0.00374,0.30044,,,,,False,Alta,False,4 - Seguimiento normal,0.0292,0.0292
CVE-2024-9728,2024-11-22,7.8,HIGH,3.1,0.00324,0.24796,,,,,False,Alta,False,4 - Seguimiento normal,0.0253,0.0253
CVE-2024-9739,2024-11-22,7.8,HIGH,3.1,0.00271,0.19051,,,,,False,Alta,False,4 - Seguimiento normal,0.0211,0.0211
CVE-2024-11393,2024-11-22,8.8,HIGH,3.1,0.02894,0.85465,,,,,False,Alta,False,4 - Seguimiento normal,0.2547,0.2547
CVE-2024-7240,2024-11-22,7.8,HIGH,3.1,0.00382,0.30764,,,,,False,Alta,False,4 - Seguimiento normal,0.0298,0.0298
CVE-2024-9767,2024-11-22,7.8,HIGH,3.1,0.00364,0.2907,,,,,False,Alta,False,4 - Seguimiento normal,0.0284,0.0284
CVE-2024-10519,2024-11-23,6.1,MEDIUM,3.1,0.00492,0.39411,,,,,False,Media,False,4 - Seguimiento normal,0.03,0.03
CVE-2024-11034,2024-11-23,7.3,HIGH,3.1,0.00727,0.50371,,,,,False,Alta,False,4 - Seguimiento normal,0.0531,0.0531
CVE-2024-11652,2024-11-25,5.1,MEDIUM,4.0,0.28879,0.97953,,,,,False,Media,True,2 - Explotación probable,1.4728,1.4728
CVE-2024-11418,2024-11-26,6.1,MEDIUM,3.1,0.00343,0.26892,,,,,False,Media,False,4 - Seguimiento normal,0.0209,0.0209
CVE-2024-10781,2024-11-26,8.1,HIGH,3.1,0.03824,0.8897,,,,,False,Alta,False,4 - Seguimiento normal,0.3097,0.3097
CVE-2024-8160,2024-11-26,3.8,LOW,3.1,0.00615,0.45851,,,,,False,Baja,False,4 - Seguimiento normal,0.0234,0.0234
CVE-2024-50369,2024-11-26,7.2,HIGH,3.1,0.01042,0.60521,,,,,False,Alta,False,4 - Seguimiento normal,0.075,0.075
CVE-2023-0163,2024-11-26,8.4,HIGH,3.1,0.00275,0.19639,,,,,False,Alta,False,4 - Seguimiento normal,0.0231,0.0231
CVE-2024-11695,2024-11-26,5.4,MEDIUM,3.1,0.00444,0.36355,,,,,False,Media,False,4 - Seguimiento normal,0.024,0.024
CVE-2024-11703,2024-11-26,5.7,MEDIUM,3.1,0.00208,0.11148,,,,,False,Media,False,4 - Seguimiento normal,0.0119,0.0119
CVE-2024-9929,2024-11-26,4.3,MEDIUM,3.1,0.00343,0.26826,,,,,False,Media,False,4 - Seguimiento normal,0.0147,0.0147
CVE-2024-53675,2024-11-26,7.3,HIGH,3.1,0.8394,0.99666,,,,,False,Alta,True,2 - Explotación probable,6.1276,6.1276
CVE-2024-53920,2024-11-27,7.8,HIGH,3.1,0.00526,0.41466,,,,,False,Alta,False,4 - Seguimiento normal,0.041,0.041
CVE-2024-54003,2024-11-27,8.0,HIGH,3.1,0.79731,0.99567,,,,,False,Alta,True,2 - Explotación probable,6.3785,6.3785
CVE-2024-49502,2024-11-28,4.6,MEDIUM,4.0,0.00271,0.1912,,,,,False,Media,False,4 - Seguimiento normal,0.0125,0.0125
CVE-2024-11997,2024-11-30,5.3,MEDIUM,4.0,0.00402,0.32889,,,,,False,Media,False,4 - Seguimiento normal,0.0213,0.0213
CVE-2024-53767,2024-11-30,6.5,MEDIUM,3.1,0.00285,0.20698,,,,,False,Media,False,4 - Seguimiento normal,0.0185,0.0185
CVE-2024-52461,2024-12-02,7.1,HIGH,3.1,0.00339,0.26463,,,,,False,Alta,False,4 - Seguimiento normal,0.0241,0.0241
CVE-2024-52492,2024-12-02,5.9,MEDIUM,3.1,0.00306,0.22912,,,,,False,Media,False,4 - Seguimiento normal,0.0181,0.0181
CVE-2024-53110,2024-12-02,5.5,MEDIUM,3.1,0.00234,0.14494,,,,,False,Media,False,4 - Seguimiento normal,0.0129,0.0129
CVE-2024-53115,2024-12-02,5.5,MEDIUM,3.1,0.002,0.1008,,,,,False,Media,False,4 - Seguimiento normal,0.011,0.011
CVE-2024-53119,2024-12-02,5.5,MEDIUM,3.1,0.00251,0.16532,,,,,False,Media,False,4 - Seguimiento normal,0.0138,0.0138
CVE-2024-53781,2024-12-02,7.1,HIGH,3.1,0.00152,0.04819,,,,,False,Alta,False,4 - Seguimiento normal,0.0108,0.0108
CVE-2018-9435,2024-12-02,5.5,MEDIUM,3.1,0.00084,0.00338,,,,,False,Media,False,4 - Seguimiento normal,0.0046,0.0046
CVE-2024-10074,2024-12-03,8.8,HIGH,3.1,0.00158,0.05397,,,,,False,Alta,False,4 - Seguimiento normal,0.0139,0.0139
CVE-2024-12101,2024-12-03,,,,0.0,0.0,,,,,False,Sin puntaje,False,4 - Seguimiento normal,0.0,0.0
CVE-2024-53257,2024-12-03,4.9,MEDIUM,3.1,0.00428,0.35045,,,,,False,Media,False,4 - Seguimiento normal,0.021,0.021
CVE-2024-41776,2024-12-03,6.5,MEDIUM,3.1,0.00169,0.06576,,,,,False,Media,False,4 - Seguimiento normal,0.011,0.011
CVE-2024-51114,2024-12-03,8.8,HIGH,3.1,0.00838,0.54026,,,,,False,Alta,False,4 - Seguimiento normal,0.0737,0.0737
CVE-2024-54153,2024-12-04,3.1,LOW,3.1,0.00357,0.28313,,,,,False,Baja,False,4 - Seguimiento normal,0.0111,0.0111
CVE-2024-8894,2024-12-04,8.1,HIGH,4.0,0.00192,0.09145,,,,,False,Alta,False,4 - Seguimiento normal,0.0156,0.0156
CVE-2024-54132,2024-12-04,6.3,MEDIUM,4.0,0.00633,0.46651,,,,,False,Media,False,4 - Seguimiento normal,0.0399,0.0399
CVE-2024-50947,2024-12-04,7.5,HIGH,3.1,0.00413,0.3387,,,,,False,Alta,False,4 - Seguimiento normal,0.031,0.031
CVE-2024-53982,2024-12-04,8.7,HIGH,4.0,0.0046,0.37466,,,,,False,Alta,False,4 - Seguimiento normal,0.04,0.04
CVE-2018-9397,2024-12-05,6.7,MEDIUM,3.1,0.00084,0.00331,,,,,False,Media,False,4 - Seguimiento normal,0.0056,0.0056
CVE-2024-12003,2024-12-06,6.1,MEDIUM,3.1,0.00155,0.05115,,,,,False,Media,False,4 - Seguimiento normal,0.0095,0.0095
CVE-2024-30129,2024-12-06,5.3,MEDIUM,3.1,0.00301,0.2232,,,,,False,Media,False,4 - Seguimiento normal,0.016,0.016
CVE-2024-41650,2024-12-06,9.8,CRITICAL,3.1,0.00473,0.38311,,,,,False,Crítica,False,3 - Grave pero sin explotación conocida,0.0464,0.0464
CVE-2023-23887,2024-12-09,5.3,MEDIUM,3.1,0.00558,0.43139,,,,,False,Media,False,4 - Seguimiento normal,0.0296,0.0296
CVE-2023-28689,2024-12-09,6.5,MEDIUM,3.1,0.0049,0.39348,,,,,False,Media,False,4 - Seguimiento normal,0.0318,0.0318
CVE-2023-47869,2024-12-09,4.3,MEDIUM,3.1,0.00296,0.21822,,,,,False,Media,False,4 - Seguimiento normal,0.0127,0.0127
CVE-2023-50899,2024-12-09,5.4,MEDIUM,3.1,0.00485,0.39019,,,,,False,Media,False,4 - Seguimiento normal,0.0262,0.0262
CVE-2024-53785,2024-12-09,4.3,MEDIUM,3.1,0.0042,0.3446,,,,,False,Media,False,4 - Seguimiento normal,0.0181,0.0181
CVE-2024-54936,2024-12-09,5.4,MEDIUM,3.1,0.00395,0.32181,,,,,False,Media,False,4 - Seguimiento normal,0.0213,0.0213
CVE-2024-54932,2024-12-09,9.8,CRITICAL,3.1,0.00496,0.39671,,,,,False,Crítica,False,3 - Grave pero sin explotación conocida,0.0486,0.0486
CVE-2024-50626,2024-12-09,8.8,HIGH,3.1,0.00523,0.41298,,,,,False,Alta,False,4 - Seguimiento normal,0.046,0.046
CVE-2024-11773,2024-12-10,9.1,CRITICAL,3.1,0.23598,0.97566,,,,,False,Crítica,True,2 - Explotación probable,2.1474,2.1474
CVE-2024-54039,2024-12-10,5.4,MEDIUM,3.1,0.00394,0.32124,,,,,False,Media,False,4 - Seguimiento normal,0.0213,0.0213
CVE-2024-52816,2024-12-10,5.4,MEDIUM,3.1,0.00487,0.39134,,,,,False,Media,False,4 - Seguimiento normal,0.0263,0.0263
CVE-2023-23472,2024-12-11,3.1,LOW,3.1,0.00336,0.26131,,,,,False,Baja,False,4 - Seguimiento normal,0.0104,0.0104
CVE-2024-47758,2024-12-11,7.6,HIGH,4.0,0.00443,0.36253,,,,,False,Alta,False,4 - Seguimiento normal,0.0337,0.0337
CVE-2024-47615,2024-12-12,8.6,HIGH,4.0,0.01132,0.63115,,,,,False,Alta,False,4 - Seguimiento normal,0.0974,0.0974
CVE-2024-49059,2024-12-12,7.0,HIGH,3.1,0.00421,0.34575,,,,,False,Alta,False,4 - Seguimiento normal,0.0295,0.0295
CVE-2024-49064,2024-12-12,6.5,MEDIUM,3.1,0.0214,0.80132,,,,,False,Media,False,4 - Seguimiento normal,0.1391,0.1391
CVE-2024-49079,2024-12-12,7.8,HIGH,3.1,0.00947,0.57496,,,,,False,Alta,False,4 - Seguimiento normal,0.0739,0.0739
CVE-2024-49103,2024-12-12,4.3,MEDIUM,3.1,0.00989,0.58873,,,,,False,Media,False,4 - Seguimiento normal,0.0425,0.0425
CVE-2024-49105,2024-12-12,8.4,HIGH,3.1,0.01507,0.7173,,,,,False,Alta,False,4 - Seguimiento normal,0.1266,0.1266
CVE-2024-12490,2024-12-12,5.3,MEDIUM,4.0,0.00723,0.50219,,,,,False,Media,False,4 - Seguimiento normal,0.0383,0.0383
CVE-2024-44245,2024-12-12,7.1,HIGH,3.1,0.00297,0.21953,,,,,False,Alta,False,4 - Seguimiento normal,0.0211,0.0211
CVE-2024-54531,2024-12-12,5.5,MEDIUM,3.1,0.00218,0.12419,,,,,False,Media,False,4 - Seguimiento normal,0.012,0.012
CVE-2024-11804,2024-12-12,6.1,MEDIUM,3.1,0.00293,0.21532,,,,,False,Media,False,4 - Seguimiento normal,0.0179,0.0179
CVE-2024-10517,2024-12-12,4.8,MEDIUM,3.1,0.0034,0.26566,,,,,False,Media,False,4 - Seguimiento normal,0.0163,0.0163
CVE-2024-10518,2024-12-12,4.8,MEDIUM,3.1,0.0034,0.26565,,,,,False,Media,False,4 - Seguimiento normal,0.0163,0.0163
CVE-2024-12172,2024-12-12,7.5,HIGH,3.1,0.00747,0.51074,,,,,False,Alta,False,4 - Seguimiento normal,0.056,0.056
CVE-2024-9881,2024-12-12,4.8,MEDIUM,3.1,0.0037,0.2961,,,,,False,Media,False,4 - Seguimiento normal,0.0178,0.0178
CVE-2024-12570,2024-12-12,6.7,MEDIUM,3.1,0.00434,0.35548,,,,,False,Media,False,4 - Seguimiento normal,0.0291,0.0291
CVE-2024-28142,2024-12-12,4.7,MEDIUM,3.1,0.00452,0.36919,,,,,False,Media,False,4 - Seguimiento normal,0.0212,0.0212
CVE-2024-54122,2024-12-12,6.2,MEDIUM,3.1,0.0009,0.00563,,,,,False,Media,False,4 - Seguimiento normal,0.0056,0.0056
CVE-2024-11832,2024-12-13,6.4,MEDIUM,3.1,0.00236,0.14728,,,,,False,Media,False,4 - Seguimiento normal,0.0151,0.0151
CVE-2023-32599,2024-12-13,4.3,MEDIUM,3.1,0.00454,0.37031,,,,,False,Media,False,4 - Seguimiento normal,0.0195,0.0195
CVE-2023-34387,2024-12-13,4.3,MEDIUM,3.1,0.00462,0.37545,,,,,False,Media,False,4 - Seguimiento normal,0.0199,0.0199
CVE-2023-39920,2024-12-13,7.5,HIGH,3.1,0.00608,0.45506,,,,,False,Alta,False,4 - Seguimiento normal,0.0456,0.0456
CVE-2023-41686,2024-12-13,6.5,MEDIUM,3.1,0.00265,0.18277,,,,,False,Media,False,4 - Seguimiento normal,0.0172,0.0172
CVE-2023-41688,2024-12-13,5.4,MEDIUM,3.1,0.00461,0.37503,,,,,False,Media,False,4 - Seguimiento normal,0.0249,0.0249
CVE-2023-41865,2024-12-13,4.3,MEDIUM,3.1,0.00399,0.32627,,,,,False,Media,False,4 - Seguimiento normal,0.0172,0.0172
CVE-2024-28980,2024-12-13,6.5,MEDIUM,3.1,0.00546,0.42505,,,,,False,Media,False,4 - Seguimiento normal,0.0355,0.0355
CVE-2024-54296,2024-12-13,9.8,CRITICAL,3.1,0.0073,0.50481,,,,,False,Crítica,False,3 - Grave pero sin explotación conocida,0.0715,0.0715
CVE-2024-54304,2024-12-13,8.5,HIGH,3.1,0.0049,0.39311,,,,,False,Alta,False,4 - Seguimiento normal,0.0416,0.0416
CVE-2024-54311,2024-12-13,5.4,MEDIUM,3.1,0.00485,0.39018,,,,,False,Media,False,4 - Seguimiento normal,0.0262,0.0262
CVE-2024-54335,2024-12-13,7.1,HIGH,3.1,0.00339,0.26447,,,,,False,Alta,False,4 - Seguimiento normal,0.0241,0.0241
CVE-2024-54351,2024-12-13,7.1,HIGH,3.1,0.00188,0.08711,,,,,False,Alta,False,4 - Seguimiento normal,0.0133,0.0133
CVE-2024-54139,2024-12-13,7.9,HIGH,3.1,0.0021,0.11436,,,,,False,Alta,False,4 - Seguimiento normal,0.0166,0.0166
CVE-2024-11855,2024-12-14,6.4,MEDIUM,3.1,0.00366,0.29192,,,,,False,Media,False,4 - Seguimiento normal,0.0234,0.0234
CVE-2024-12628,2024-12-14,4.4,MEDIUM,3.1,0.00384,0.30985,,,,,False,Media,False,4 - Seguimiento normal,0.0169,0.0169
CVE-2024-9679,2024-12-16,5.3,MEDIUM,3.1,0.00368,0.29377,,,,,False,Media,False,4 - Seguimiento normal,0.0195,0.0195
CVE-2024-54365,2024-12-16,8.8,HIGH,3.1,0.00549,0.42676,,,,,False,Alta,False,4 - Seguimiento normal,0.0483,0.0483
CVE-2024-54382,2024-12-16,4.9,MEDIUM,3.1,0.02206,0.80708,,,,,False,Media,False,4 - Seguimiento normal,0.1081,0.1081
CVE-2024-54393,2024-12-16,7.1,HIGH,3.1,0.00194,0.09402,,,,,False,Alta,False,4 - Seguimiento normal,0.0138,0.0138
CVE-2024-12653,2024-12-16,6.8,MEDIUM,4.0,0.00376,0.30222,,,,,False,Media,False,4 - Seguimiento normal,0.0256,0.0256
CVE-2024-52949,2024-12-16,7.5,HIGH,3.1,0.00741,0.50894,,,,,False,Alta,False,4 - Seguimiento normal,0.0556,0.0556
CVE-2024-38499,2024-12-17,7.3,HIGH,4.0,0.00232,0.14237,,,,,False,Alta,False,4 - Seguimiento normal,0.0169,0.0169
CVE-2024-12193,2024-12-17,7.8,HIGH,3.1,0.00262,0.17837,,,,,False,Alta,False,4 - Seguimiento normal,0.0204,0.0204
CVE-2024-12061,2024-12-18,4.3,MEDIUM,3.1,0.00374,0.3007,,,,,False,Media,False,4 - Seguimiento normal,0.0161,0.0161
CVE-2024-12698,2024-12-18,6.5,MEDIUM,3.1,0.00477,0.38526,,,,,False,Media,False,4 - Seguimiento normal,0.031,0.031
CVE-2022-44519,2024-12-19,5.5,MEDIUM,3.1,0.00285,0.20756,,,,,False,Media,False,4 - Seguimiento normal,0.0157,0.0157
CVE-2024-10548,2024-12-19,6.5,MEDIUM,3.1,0.00392,0.31837,,,,,False,Media,False,4 - Seguimiento normal,0.0255,0.0255
CVE-2021-26102,2024-12-19,9.8,CRITICAL,3.1,0.16364,0.96632,,,,,False,Crítica,True,2 - Explotación probable,1.6037,1.6037
CVE-2024-56159,2024-12-19,7.8,HIGH,4.0,0.01494,0.71472,,,,,False,Alta,False,4 - Seguimiento normal,0.1165,0.1165
CVE-2024-55470,2024-12-20,7.5,HIGH,3.1,0.00455,0.3715,,,,,False,Alta,False,4 - Seguimiento normal,0.0341,0.0341
CVE-2024-56330,2024-12-20,9.3,CRITICAL,4.0,0.00481,0.38751,,,,,False,Crítica,False,3 - Grave pero sin explotación conocida,0.0447,0.0447
CVE-2024-12066,2024-12-21,8.8,HIGH,3.1,0.00886,0.5555,,,,,False,Alta,False,4 - Seguimiento normal,0.078,0.078
CVE-2024-56311,2024-12-22,8.8,HIGH,3.1,0.00294,0.21661,,,,,False,Alta,False,4 - Seguimiento normal,0.0259,0.0259
CVE-2024-56201,2024-12-23,5.4,MEDIUM,4.0,0.00307,0.22923,,,,,False,Media,False,4 - Seguimiento normal,0.0166,0.0166
CVE-2024-12468,2024-12-24,6.1,MEDIUM,3.1,0.00466,0.37833,,,,,False,Media,False,4 - Seguimiento normal,0.0284,0.0284
CVE-2024-12744,2024-12-24,8.6,HIGH,4.0,0.00591,0.44736,,,,,False,Alta,False,4 - Seguimiento normal,0.0508,0.0508
CVE-2023-5117,2024-12-25,3.7,LOW,3.1,0.00308,0.23027,,,,,False,Baja,False,4 - Seguimiento normal,0.0114,0.0114
CVE-2024-47155,2024-12-26,5.5,MEDIUM,3.1,0.0016,0.05593,,,,,False,Media,False,4 - Seguimiento normal,0.0088,0.0088
CVE-2024-8994,2024-12-26,6.2,MEDIUM,3.1,0.00162,0.05758,,,,,False,Media,False,4 - Seguimiento normal,0.01,0.01
CVE-2024-12967,2024-12-26,6.9,MEDIUM,4.0,0.00611,0.45655,,,,,False,Media,False,4 - Seguimiento normal,0.0422,0.0422
CVE-2024-53175,2024-12-27,5.5,MEDIUM,3.1,0.00235,0.14656,,,,,False,Media,False,4 - Seguimiento normal,0.0129,0.0129
CVE-2024-56584,2024-12-27,5.5,MEDIUM,3.1,0.00237,0.1489,,,,,False,Media,False,4 - Seguimiento normal,0.013,0.013
CVE-2024-56585,2024-12-27,5.5,MEDIUM,3.1,0.00176,0.07417,,,,,False,Media,False,4 - Seguimiento normal,0.0097,0.0097
CVE-2024-56608,2024-12-27,7.8,HIGH,3.1,0.00255,0.17105,,,,,False,Alta,False,4 - Seguimiento normal,0.0199,0.0199
CVE-2024-56617,2024-12-27,5.5,MEDIUM,3.1,0.00204,0.10642,,,,,False,Media,False,4 - Seguimiento normal,0.0112,0.0112
CVE-2024-56622,2024-12-27,5.5,MEDIUM,3.1,0.00207,0.10918,,,,,False,Media,False,4 - Seguimiento normal,0.0114,0.0114
CVE-2024-56633,2024-12-27,7.8,HIGH,3.1,0.00281,0.20332,,,,,False,Alta,False,4 - Seguimiento normal,0.0219,0.0219
CVE-2024-56647,2024-12-27,5.5,MEDIUM,3.1,0.00223,0.1302,,,,,False,Media,False,4 - Seguimiento normal,0.0123,0.0123
CVE-2024-56673,2024-12-27,5.5,MEDIUM,3.1,0.00186,0.08507,,,,,False,Media,False,4 - Seguimiento normal,0.0102,0.0102
CVE-2024-12988,2024-12-27,6.9,MEDIUM,4.0,0.00838,0.54029,,,,,False,Media,False,4 - Seguimiento normal,0.0578,0.0578
CVE-2020-1822,2024-12-28,3.7,LOW,3.1,0.00254,0.1696,,,,,False,Baja,False,4 - Seguimiento normal,0.0094,0.0094
CVE-2022-48470,2024-12-28,4.0,MEDIUM,3.1,0.00141,0.03876,,,,,False,Media,False,4 - Seguimiento normal,0.0056,0.0056
CVE-2024-56679,2024-12-28,5.5,MEDIUM,3.1,0.00222,0.12883,,,,,False,Media,False,4 - Seguimiento normal,0.0122,0.0122
CVE-2024-56691,2024-12-28,5.5,MEDIUM,3.1,0.00218,0.12361,,,,,False,Media,False,4 - Seguimiento normal,0.012,0.012
CVE-2024-56692,2024-12-28,5.5,MEDIUM,3.1,0.00205,0.10725,,,,,False,Media,False,4 - Seguimiento normal,0.0113,0.0113
CVE-2024-56701,2024-12-28,5.5,MEDIUM,3.1,0.00207,0.11011,,,,,False,Media,False,4 - Seguimiento normal,0.0114,0.0114
CVE-2024-56512,2024-12-28,2.1,LOW,4.0,0.03156,0.86617,,,,,False,Baja,False,4 - Seguimiento normal,0.0663,0.0663
CVE-2024-13007,2024-12-29,5.3,MEDIUM,4.0,0.00713,0.49876,,,,,False,Media,False,4 - Seguimiento normal,0.0378,0.0378
CVE-2024-56714,2024-12-29,5.5,MEDIUM,3.1,0.00176,0.07419,,,,,False,Media,False,4 - Seguimiento normal,0.0097,0.0097
CVE-2024-56730,2024-12-29,5.5,MEDIUM,3.1,0.00176,0.07419,,,,,False,Media,False,4 - Seguimiento normal,0.0097,0.0097
CVE-2024-47926,2024-12-30,9.8,CRITICAL,3.1,0.00559,0.43205,,,,,False,Crítica,False,3 - Grave pero sin explotación conocida,0.0548,0.0548
CVE-2024-56223,2024-12-31,7.1,HIGH,3.1,0.00276,0.19725,,,,,False,Alta,False,4 - Seguimiento normal,0.0196,0.0196
CVE-2024-21713,2025-01-01,,,,0.0,0.0,,,,,False,Sin puntaje,False,4 - Seguimiento normal,0.0,0.0
CVE-2024-21717,2025-01-01,,,,0.0,0.0,,,,,False,Sin puntaje,False,4 - Seguimiento normal,0.0,0.0
CVE-2024-23391,2025-01-01,,,,0.0,0.0,,,,,False,Sin puntaje,False,4 - Seguimiento normal,0.0,0.0
CVE-2024-37413,2025-01-02,4.3,MEDIUM,3.1,0.0018,0.07796,,,,,False,Media,False,4 - Seguimiento normal,0.0077,0.0077
CVE-2024-38691,2025-01-02,4.3,MEDIUM,3.1,0.00191,0.09043,,,,,False,Media,False,4 - Seguimiento normal,0.0082,0.0082
CVE-2024-56302,2025-01-02,6.5,MEDIUM,3.1,0.00253,0.16784,,,,,False,Media,False,4 - Seguimiento normal,0.0164,0.0164
CVE-2024-43077,2025-01-03,7.8,HIGH,3.1,0.00079,0.00203,,,,,False,Alta,False,4 - Seguimiento normal,0.0062,0.0062
CVE-2024-43762,2025-01-03,7.8,HIGH,3.1,0.00185,0.08349,,,,,False,Alta,False,4 - Seguimiento normal,0.0144,0.0144
CVE-2025-0196,2025-01-03,5.3,MEDIUM,4.0,0.00421,0.34561,,,,,False,Media,False,4 - Seguimiento normal,0.0223,0.0223
CVE-2024-56332,2025-01-03,5.3,MEDIUM,3.1,0.00807,0.53088,,,,,False,Media,False,4 - Seguimiento normal,0.0428,0.0428
CVE-2025-0220,2025-01-05,5.1,MEDIUM,4.0,0.00406,0.33282,,,,,False,Media,False,4 - Seguimiento normal,0.0207,0.0207
CVE-2024-46073,2025-01-06,6.1,MEDIUM,3.1,0.00374,0.30049,,,,,False,Media,False,4 - Seguimiento normal,0.0228,0.0228
CVE-2024-12402,2025-01-07,9.8,CRITICAL,3.1,0.00602,0.45231,,,,,False,Crítica,False,3 - Grave pero sin explotación conocida,0.059,0.059
CVE-2024-11434,2025-01-07,6.1,MEDIUM,3.1,0.00347,0.2726,,,,,False,Media,False,4 - Seguimiento normal,0.0212,0.0212
CVE-2024-12124,2025-01-07,,,,0.0,0.0,,,,,False,Sin puntaje,False,4 - Seguimiento normal,0.0,0.0
CVE-2024-12471,2025-01-07,8.8,HIGH,3.1,0.01516,0.71902,,,,,False,Alta,False,4 - Seguimiento normal,0.1334,0.1334
CVE-2024-11625,2025-01-07,7.7,HIGH,3.1,0.0029,0.21198,,,,,False,Alta,False,4 - Seguimiento normal,0.0223,0.0223
CVE-2024-12077,2025-01-07,6.1,MEDIUM,3.1,0.00361,0.28664,,,,,False,Media,False,4 - Seguimiento normal,0.022,0.022
CVE-2024-56288,2025-01-07,5.9,MEDIUM,3.1,0.00302,0.22449,,,,,False,Media,False,4 - Seguimiento normal,0.0178,0.0178
CVE-2024-56291,2025-01-07,8.1,HIGH,3.1,0.00417,0.34223,,,,,False,Alta,False,4 - Seguimiento normal,0.0338,0.0338
CVE-2024-56293,2025-01-07,5.9,MEDIUM,3.1,0.003,0.22237,,,,,False,Media,False,4 - Seguimiento normal,0.0177,0.0177
CVE-2025-22325,2025-01-07,7.1,HIGH,3.1,0.00146,0.04341,,,,,False,Alta,False,4 - Seguimiento normal,0.0104,0.0104
CVE-2025-22349,2025-01-07,7.6,HIGH,3.1,0.00466,0.37799,,,,,False,Alta,False,4 - Seguimiento normal,0.0354,0.0354
CVE-2025-22355,2025-01-07,7.1,HIGH,3.1,0.0025,0.16489,,,,,False,Alta,False,4 - Seguimiento normal,0.0177,0.0177
CVE-2025-22562,2025-01-07,4.3,MEDIUM,3.1,0.00189,0.08764,,,,,False,Media,False,4 - Seguimiento normal,0.0081,0.0081
CVE-2025-22591,2025-01-07,4.3,MEDIUM,3.1,0.0032,0.24401,,,,,False,Media,False,4 - Seguimiento normal,0.0138,0.0138
CVE-2024-35532,2025-01-07,9.1,CRITICAL,3.1,0.00481,0.38775,,,,,False,Crítica,False,3 - Grave pero sin explotación conocida,0.0438,0.0438
CVE-2024-45033,2025-01-08,8.1,HIGH,3.1,0.00936,0.5713,,,,,False,Alta,False,4 - Seguimiento normal,0.0758,0.0758
CVE-2024-56785,2025-01-08,5.5,MEDIUM,3.1,0.00201,0.1026,,,,,False,Media,False,4 - Seguimiento normal,0.0111,0.0111
CVE-2024-13195,2025-01-09,5.3,MEDIUM,4.0,0.00418,0.34257,,,,,False,Media,False,4 - Seguimiento normal,0.0222,0.0222
CVE-2024-13213,2025-01-09,5.3,MEDIUM,4.0,0.00389,0.316,,,,,False,Media,False,4 - Seguimiento normal,0.0206,0.0206
CVE-2024-43651,2025-01-09,9.3,CRITICAL,4.0,0.01658,0.74179,,,,,False,Crítica,False,3 - Grave pero sin explotación conocida,0.1542,0.1542
CVE-2025-0341,2025-01-09,5.3,MEDIUM,4.0,0.00464,0.37704,,,,,False,Media,False,4 - Seguimiento normal,0.0246,0.0246
CVE-2024-11328,2025-01-09,6.1,MEDIUM,3.1,0.00479,0.38663,,,,,False,Media,False,4 - Seguimiento normal,0.0292,0.0292
CVE-2024-43176,2025-01-09,5.4,MEDIUM,3.1,0.00277,0.19895,,,,,False,Media,False,4 - Seguimiento normal,0.015,0.015
CVE-2024-13248,2025-01-09,5.5,MEDIUM,3.1,0.00186,0.08427,,,,,False,Media,False,4 - Seguimiento normal,0.0102,0.0102
CVE-2024-13266,2025-01-09,5.3,MEDIUM,3.1,0.0034,0.26552,,,,,False,Media,False,4 - Seguimiento normal,0.018,0.018
CVE-2024-41787,2025-01-10,9.8,CRITICAL,3.1,0.01112,0.62588,,,,,False,Crítica,False,3 - Grave pero sin explotación conocida,0.109,0.109
CVE-2024-57686,2025-01-10,9.8,CRITICAL,3.1,0.01645,0.73994,,,,,False,Crítica,False,3 - Grave pero sin explotación conocida,0.1612,0.1612
CVE-2024-12472,2025-01-11,4.3,MEDIUM,3.1,0.00303,0.22626,,,,,False,Media,False,4 - Seguimiento normal,0.013,0.013
CVE-2024-12304,2025-01-11,6.4,MEDIUM,3.1,0.00231,0.1409,,,,,False,Media,False,4 - Seguimiento normal,0.0148,0.0148
CVE-2024-56369,2025-01-11,5.5,MEDIUM,3.1,0.00244,0.15764,,,,,False,Media,False,4 - Seguimiento normal,0.0134,0.0134
CVE-2024-46480,2025-01-13,8.4,HIGH,3.1,0.00477,0.38533,,,,,False,Alta,False,4 - Seguimiento normal,0.0401,0.0401
CVE-2023-42229,2025-01-13,6.5,MEDIUM,3.1,0.00689,0.48986,,,,,False,Media,False,4 - Seguimiento normal,0.0448,0.0448
CVE-2024-57634,2025-01-14,7.5,HIGH,3.1,0.0077,0.51837,,,,,False,Alta,False,4 - Seguimiento normal,0.0578,0.0578
CVE-2024-57664,2025-01-14,7.5,HIGH,3.1,0.00557,0.43074,,,,,False,Alta,False,4 - Seguimiento normal,0.0418,0.0418
CVE-2024-52969,2025-01-14,4.1,MEDIUM,3.1,0.00488,0.39223,,,,,False,Media,False,4 - Seguimiento normal,0.02,0.02
CVE-2024-55591,2025-01-14,9.8,CRITICAL,3.1,0.98259,0.9991,Fortinet,FortiOS and FortiProxy,2025-01-14,Known,True,Crítica,True,1 - Explotada activamente,9.6294,10.0
CVE-2024-39273,2025-01-14,9.0,CRITICAL,3.1,0.01064,0.61162,,,,,False,Crítica,False,3 - Grave pero sin explotación conocida,0.0958,0.0958
CVE-2024-39280,2025-01-14,9.1,CRITICAL,3.1,0.34167,0.98237,,,,,False,Crítica,True,2 - Explotación probable,3.1092,3.1092
CVE-2025-21202,2025-01-14,6.1,MEDIUM,3.1,0.00862,0.54837,,,,,False,Media,False,4 - Seguimiento normal,0.0526,0.0526
CVE-2025-21311,2025-01-14,9.8,CRITICAL,3.1,0.02169,0.8038,,,,,False,Crítica,False,3 - Grave pero sin explotación conocida,0.2126,0.2126
CVE-2025-21336,2025-01-14,5.6,MEDIUM,3.1,0.00618,0.46006,,,,,False,Media,False,4 - Seguimiento normal,0.0346,0.0346
CVE-2024-55893,2025-01-14,4.3,MEDIUM,3.1,0.00239,0.15151,,,,,False,Media,False,4 - Seguimiento normal,0.0103,0.0103
CVE-2024-50859,2025-01-14,4.8,MEDIUM,3.1,0.00861,0.54804,,,,,False,Media,False,4 - Seguimiento normal,0.0413,0.0413
CVE-2024-57766,2025-01-15,9.1,CRITICAL,3.1,0.00502,0.40044,,,,,False,Crítica,False,3 - Grave pero sin explotación conocida,0.0457,0.0457
CVE-2024-4227,2025-01-15,7.5,HIGH,3.1,0.00705,0.4956,,,,,False,Alta,False,4 - Seguimiento normal,0.0529,0.0529
CVE-2025-0448,2025-01-15,4.3,MEDIUM,3.1,0.00299,0.22142,,,,,False,Media,False,4 - Seguimiento normal,0.0129,0.0129
CVE-2024-11029,2025-01-15,5.5,MEDIUM,3.1,0.00226,0.1348,,,,,False,Media,False,4 - Seguimiento normal,0.0124,0.0124
CVE-2025-22724,2025-01-15,6.5,MEDIUM,3.1,0.00309,0.23165,,,,,False,Media,False,4 - Seguimiento normal,0.0201,0.0201
CVE-2024-57019,2025-01-15,8.8,HIGH,3.1,0.01573,0.72846,,,,,False,Alta,False,4 - Seguimiento normal,0.1384,0.1384
CVE-2025-0501,2025-01-15,7.7,HIGH,4.0,0.00452,0.36929,,,,,False,Alta,False,4 - Seguimiento normal,0.0348,0.0348
CVE-2024-53407,2025-01-15,3.3,LOW,3.1,0.00512,0.4063,,,,,False,Baja,False,4 - Seguimiento normal,0.0169,0.0169
CVE-2024-10789,2025-01-16,4.3,MEDIUM,3.1,0.00169,0.06532,,,,,False,Media,False,4 - Seguimiento normal,0.0073,0.0073
CVE-2025-23438,2025-01-16,7.1,HIGH,3.1,0.00404,0.33061,,,,,False,Alta,False,4 - Seguimiento normal,0.0287,0.0287
CVE-2025-23456,2025-01-16,7.1,HIGH,3.1,0.002,0.1016,,,,,False,Alta,False,4 - Seguimiento normal,0.0142,0.0142
CVE-2025-23467,2025-01-16,7.1,HIGH,3.1,0.002,0.1016,,,,,False,Alta,False,4 - Seguimiento normal,0.0142,0.0142
CVE-2025-23660,2025-01-16,7.1,HIGH,3.1,0.00187,0.08615,,,,,False,Alta,False,4 - Seguimiento normal,0.0133,0.0133
CVE-2025-23795,2025-01-16,6.5,MEDIUM,3.1,0.0036,0.28638,,,,,False,Media,False,4 - Seguimiento normal,0.0234,0.0234
CVE-2025-23797,2025-01-16,9.8,CRITICAL,3.1,0.00349,0.2744,,,,,False,Crítica,False,3 - Grave pero sin explotación conocida,0.0342,0.0342
CVE-2025-23827,2025-01-16,7.1,HIGH,3.1,0.00407,0.33302,,,,,False,Alta,False,4 - Seguimiento normal,0.0289,0.0289
CVE-2025-23844,2025-01-16,7.1,HIGH,3.1,0.002,0.10105,,,,,False,Alta,False,4 - Seguimiento normal,0.0142,0.0142
CVE-2025-23965,2025-01-16,6.5,MEDIUM,3.1,0.00224,0.132,,,,,False,Media,False,4 - Seguimiento normal,0.0146,0.0146
CVE-2024-12508,2025-01-17,6.4,MEDIUM,3.1,0.0027,0.1899,,,,,False,Media,False,4 - Seguimiento normal,0.0173,0.0173
CVE-2025-0530,2025-01-17,5.3,MEDIUM,4.0,0.00479,0.38674,,,,,False,Media,False,4 - Seguimiento normal,0.0254,0.0254
CVE-2025-0533,2025-01-17,6.9,MEDIUM,4.0,0.00607,0.45448,,,,,False,Media,False,4 - Seguimiento normal,0.0419,0.0419
CVE-2024-57032,2025-01-17,9.8,CRITICAL,3.1,0.00634,0.46717,,,,,False,Crítica,False,3 - Grave pero sin explotación conocida,0.0621,0.0621
CVE-2025-21185,2025-01-17,6.5,MEDIUM,3.1,0.00803,0.52945,,,,,False,Media,False,4 - Seguimiento normal,0.0522,0.0522
CVE-2024-8722,2025-01-19,5.5,MEDIUM,3.1,0.00338,0.26293,,,,,False,Media,False,4 - Seguimiento normal,0.0186,0.0186
CVE-2025-21631,2025-01-19,7.8,HIGH,3.1,0.00206,0.10908,,,,,False,Alta,False,4 - Seguimiento normal,0.0161,0.0161
CVE-2025-0579,2025-01-20,6.9,MEDIUM,4.0,0.00378,0.30387,,,,,False,Media,False,4 - Seguimiento normal,0.0261,0.0261
CVE-2024-37284,2025-01-21,5.5,MEDIUM,3.1,0.00154,0.04992,,,,,False,Media,False,4 - Seguimiento normal,0.0085,0.0085
CVE-2024-49700,2025-01-21,7.1,HIGH,3.1,0.00302,0.22458,,,,,False,Alta,False,4 - Seguimiento normal,0.0214,0.0214
CVE-2025-22732,2025-01-21,6.5,MEDIUM,3.1,0.00229,0.13882,,,,,False,Media,False,4 - Seguimiento normal,0.0149,0.0149
CVE-2025-21540,2025-01-21,5.4,MEDIUM,3.1,0.00489,0.39288,,,,,False,Media,False,4 - Seguimiento normal,0.0264,0.0264
CVE-2025-21547,2025-01-21,9.1,CRITICAL,3.1,0.00582,0.44332,,,,,False,Crítica,False,3 - Grave pero sin explotación conocida,0.053,0.053
CVE-2023-37038,2025-01-21,6.5,MEDIUM,3.1,0.00373,0.29973,,,,,False,Media,False,4 - Seguimiento normal,0.0242,0.0242
CVE-2024-24417,2025-01-21,7.5,HIGH,3.1,0.00585,0.44456,,,,,False,Alta,False,4 - Seguimiento normal,0.0439,0.0439
CVE-2024-12117,2025-01-22,6.4,MEDIUM,3.1,0.00258,0.17429,,,,,False,Media,False,4 - Seguimiento normal,0.0165,0.0165
CVE-2023-37021,2025-01-22,8.6,HIGH,3.1,0.00765,0.51684,,,,,False,Alta,False,4 - Seguimiento normal,0.0658,0.0658
CVE-2023-37023,2025-01-22,8.6,HIGH,3.1,0.00765,0.51684,,,,,False,Alta,False,4 - Seguimiento normal,0.0658,0.0658
CVE-2024-34235,2025-01-22,8.6,HIGH,3.1,0.00765,0.51686,,,,,False,Alta,False,4 - Seguimiento normal,0.0658,0.0658
CVE-2025-23601,2025-01-22,7.1,HIGH,3.1,0.00385,0.31132,,,,,False,Alta,False,4 - Seguimiento normal,0.0273,0.0273
CVE-2025-23944,2025-01-22,8.8,HIGH,3.1,0.0067,0.48218,,,,,False,Alta,False,4 - Seguimiento normal,0.059,0.059
CVE-2025-23006,2025-01-23,9.8,CRITICAL,3.1,0.23432,0.97553,SonicWall,SMA1000 Appliances,2025-01-24,Known,True,Crítica,True,1 - Explotada activamente,2.2963,10.0
CVE-2025-23727,2025-01-23,7.1,HIGH,3.1,0.0025,0.16487,,,,,False,Alta,False,4 - Seguimiento normal,0.0177,0.0177
CVE-2024-9491,2025-01-24,8.6,HIGH,3.1,0.00188,0.08747,,,,,False,Alta,False,4 - Seguimiento normal,0.0162,0.0162
CVE-2024-13698,2025-01-24,6.5,MEDIUM,3.1,0.00314,0.23685,,,,,False,Media,False,4 - Seguimiento normal,0.0204,0.0204
CVE-2025-22607,2025-01-24,4.7,MEDIUM,4.0,0.00162,0.05844,,,,,False,Media,False,4 - Seguimiento normal,0.0076,0.0076
CVE-2025-24572,2025-01-24,6.5,MEDIUM,3.1,0.00253,0.16753,,,,,False,Media,False,4 - Seguimiento normal,0.0164,0.0164
CVE-2025-24638,2025-01-24,6.5,MEDIUM,3.1,0.00334,0.25878,,,,,False,Media,False,4 - Seguimiento normal,0.0217,0.0217
CVE-2025-24678,2025-01-24,6.5,MEDIUM,3.1,0.00334,0.25879,,,,,False,Media,False,4 - Seguimiento normal,0.0217,0.0217
CVE-2025-24696,2025-01-24,4.3,MEDIUM,3.1,0.00205,0.10776,,,,,False,Media,False,4 - Seguimiento normal,0.0088,0.0088
CVE-2024-12826,2025-01-25,4.3,MEDIUM,3.1,0.00325,0.24895,,,,,False,Media,False,4 - Seguimiento normal,0.014,0.014
CVE-2024-48418,2025-01-27,8.8,HIGH,3.1,0.00302,0.22424,,,,,False,Alta,False,4 - Seguimiento normal,0.0266,0.0266
CVE-2024-56955,2025-01-27,6.5,MEDIUM,3.1,0.0031,0.23244,,,,,False,Media,False,4 - Seguimiento normal,0.0201,0.0201
CVE-2024-54543,2025-01-27,8.8,HIGH,3.1,0.00784,0.52281,,,,,False,Alta,False,4 - Seguimiento normal,0.069,0.069
CVE-2024-54547,2025-01-27,5.5,MEDIUM,3.1,0.00209,0.11225,,,,,False,Media,False,4 - Seguimiento normal,0.0115,0.0115
CVE-2025-24112,2025-01-27,5.5,MEDIUM,3.1,0.00256,0.17257,,,,,False,Media,False,4 - Seguimiento normal,0.0141,0.0141
CVE-2025-24116,2025-01-27,4.4,MEDIUM,3.1,0.00221,0.12784,,,,,False,Media,False,4 - Seguimiento normal,0.0097,0.0097
CVE-2025-24137,2025-01-27,8.0,HIGH,3.1,0.00942,0.57337,,,,,False,Alta,False,4 - Seguimiento normal,0.0754,0.0754
CVE-2025-24176,2025-01-27,7.1,HIGH,3.1,0.00212,0.11676,,,,,False,Alta,False,4 - Seguimiento normal,0.0151,0.0151
CVE-2024-45341,2025-01-28,6.1,MEDIUM,3.1,0.00458,0.37344,,,,,False,Media,False,4 - Seguimiento normal,0.0279,0.0279
CVE-2024-40673,2025-01-28,6.5,MEDIUM,3.1,0.00281,0.20278,,,,,False,Media,False,4 - Seguimiento normal,0.0183,0.0183
CVE-2025-0790,2025-01-29,5.3,MEDIUM,4.0,0.00366,0.29159,,,,,False,Media,False,4 - Seguimiento normal,0.0194,0.0194
CVE-2025-0353,2025-01-29,6.4,MEDIUM,3.1,0.0039,0.31636,,,,,False,Media,False,4 - Seguimiento normal,0.025,0.025
CVE-2025-24790,2025-01-29,4.4,MEDIUM,3.1,0.00188,0.08725,,,,,False,Media,False,4 - Seguimiento normal,0.0083,0.0083
CVE-2024-51182,2025-01-29,6.1,MEDIUM,3.1,0.00316,0.2387,,,,,False,Media,False,4 - Seguimiento normal,0.0193,0.0193
CVE-2024-57395,2025-01-29,9.8,CRITICAL,3.1,0.00669,0.48185,,,,,False,Crítica,False,3 - Grave pero sin explotación conocida,0.0656,0.0656
CVE-2025-0662,2025-01-30,4.9,MEDIUM,3.1,0.00348,0.27381,,,,,False,Media,False,4 - Seguimiento normal,0.0171,0.0171
CVE-2024-12708,2025-01-30,7.1,HIGH,3.1,0.00256,0.17217,,,,,False,Alta,False,4 - Seguimiento normal,0.0182,0.0182
CVE-2025-0745,2025-01-30,7.5,HIGH,3.1,0.00305,0.22774,,,,,False,Alta,False,4 - Seguimiento normal,0.0229,0.0229
CVE-2025-0871,2025-01-30,5.3,MEDIUM,4.0,0.00305,0.22805,,,,,False,Media,False,4 - Seguimiento normal,0.0162,0.0162
CVE-2025-0572,2025-01-30,4.3,MEDIUM,3.1,0.01545,0.72402,,,,,False,Media,False,4 - Seguimiento normal,0.0664,0.0664
CVE-2025-24710,2025-01-31,7.1,HIGH,3.1,0.00246,0.15945,,,,,False,Alta,False,4 - Seguimiento normal,0.0175,0.0175
CVE-2025-21666,2025-01-31,5.5,MEDIUM,3.1,0.00219,0.12576,,,,,False,Media,False,4 - Seguimiento normal,0.012,0.012
CVE-2025-21681,2025-01-31,5.5,MEDIUM,3.1,0.002,0.10159,,,,,False,Media,False,4 - Seguimiento normal,0.011,0.011
CVE-2025-23215,2025-01-31,9.3,CRITICAL,4.0,0.00315,0.23808,,,,,False,Crítica,False,3 - Grave pero sin explotación conocida,0.0293,0.0293
CVE-2024-51534,2025-02-01,7.1,HIGH,3.1,0.00182,0.08047,,,,,False,Alta,False,4 - Seguimiento normal,0.0129,0.0129
CVE-2025-20643,2025-02-03,3.9,LOW,3.1,0.00093,0.00673,,,,,False,Baja,False,4 - Seguimiento normal,0.0036,0.0036
CVE-2025-23582,2025-02-03,7.1,HIGH,3.1,0.00303,0.22641,,,,,False,Alta,False,4 - Seguimiento normal,0.0215,0.0215
CVE-2025-24656,2025-02-03,7.1,HIGH,3.1,0.00303,0.22639,,,,,False,Alta,False,4 - Seguimiento normal,0.0215,0.0215
CVE-2025-24961,2025-02-03,6.0,MEDIUM,4.0,0.00528,0.41523,,,,,False,Media,False,4 - Seguimiento normal,0.0317,0.0317
CVE-2024-27137,2025-02-04,5.3,MEDIUM,3.1,0.00276,0.19795,,,,,False,Media,False,4 - Seguimiento normal,0.0146,0.0146
CVE-2025-24966,2025-02-04,5.3,MEDIUM,4.0,0.0026,0.17702,,,,,False,Media,False,4 - Seguimiento normal,0.0138,0.0138
CVE-2024-35138,2025-02-04,6.5,MEDIUM,3.1,0.002,0.1017,,,,,False,Media,False,4 - Seguimiento normal,0.013,0.013
CVE-2024-13723,2025-02-04,7.2,HIGH,3.1,0.0126,0.66549,,,,,False,Alta,False,4 - Seguimiento normal,0.0907,0.0907
CVE-2024-53851,2025-02-04,4.3,MEDIUM,3.1,0.00439,0.3594,,,,,False,Media,False,4 - Seguimiento normal,0.0189,0.0189
CVE-2025-20169,2025-02-05,7.7,HIGH,3.1,0.00755,0.51331,,,,,False,Alta,False,4 - Seguimiento normal,0.0581,0.0581
CVE-2025-20175,2025-02-05,7.7,HIGH,3.1,0.00736,0.50721,,,,,False,Alta,False,4 - Seguimiento normal,0.0567,0.0567
CVE-2025-20183,2025-02-05,5.8,MEDIUM,3.1,0.00423,0.34692,,,,,False,Media,False,4 - Seguimiento normal,0.0245,0.0245
CVE-2024-57066,2025-02-05,7.5,HIGH,3.1,0.00468,0.37928,,,,,False,Alta,False,4 - Seguimiento normal,0.0351,0.0351
CVE-2024-37358,2025-02-06,8.6,HIGH,3.1,0.00856,0.54637,,,,,False,Alta,False,4 - Seguimiento normal,0.0736,0.0736
CVE-2022-40916,2025-02-06,9.8,CRITICAL,3.1,0.00802,0.5289,,,,,False,Crítica,False,3 - Grave pero sin explotación conocida,0.0786,0.0786
CVE-2025-23217,2025-02-06,8.2,HIGH,4.0,0.00817,0.53379,,,,,False,Alta,False,4 - Seguimiento normal,0.067,0.067
CVE-2022-26388,2025-02-07,6.4,MEDIUM,3.1,0.00266,0.18334,,,,,False,Media,False,4 - Seguimiento normal,0.017,0.017
CVE-2024-46434,2025-02-10,8.8,HIGH,3.1,0.00894,0.55792,,,,,False,Alta,False,4 - Seguimiento normal,0.0787,0.0787
CVE-2024-10249,2025-02-11,,,,0.0,0.0,,,,,False,Sin puntaje,False,4 - Seguimiento normal,0.0,0.0
CVE-2024-12765,2025-02-11,,,,0.0,0.0,,,,,False,Sin puntaje,False,4 - Seguimiento normal,0.0,0.0
CVE-2025-1143,2025-02-11,8.4,HIGH,3.1,0.00186,0.08457,,,,,False,Alta,False,4 - Seguimiento normal,0.0156,0.0156
CVE-2025-0180,2025-02-11,9.8,CRITICAL,3.1,0.00503,0.40068,,,,,False,Crítica,False,3 - Grave pero sin explotación conocida,0.0493,0.0493
CVE-2024-36508,2025-02-11,6.0,MEDIUM,3.1,0.00234,0.14406,,,,,False,Media,False,4 - Seguimiento normal,0.014,0.014
CVE-2025-21156,2025-02-11,7.8,HIGH,3.1,0.00338,0.26271,,,,,False,Alta,False,4 - Seguimiento normal,0.0264,0.0264
CVE-2025-21163,2025-02-11,7.8,HIGH,3.1,0.00374,0.30035,,,,,False,Alta,False,4 - Seguimiento normal,0.0292,0.0292
CVE-2025-24419,2025-02-11,4.3,MEDIUM,3.1,0.00536,0.42009,,,,,False,Media,False,4 - Seguimiento normal,0.023,0.023
CVE-2025-25523,2025-02-11,5.9,MEDIUM,3.1,0.00157,0.05278,,,,,False,Media,False,4 - Seguimiento normal,0.0093,0.0093
CVE-2025-0907,2025-02-11,8.8,HIGH,3.1,0.0067,0.48233,,,,,False,Alta,False,4 - Seguimiento normal,0.059,0.059
CVE-2024-57777,2025-02-11,5.1,MEDIUM,3.1,0.00462,0.37588,,,,,False,Media,False,4 - Seguimiento normal,0.0236,0.0236
CVE-2024-13653,2025-02-12,8.8,HIGH,3.1,0.005,0.39926,,,,,False,Alta,False,4 - Seguimiento normal,0.044,0.044
CVE-2024-13374,2025-02-12,4.3,MEDIUM,3.1,0.00297,0.21893,,,,,False,Media,False,4 - Seguimiento normal,0.0128,0.0128
CVE-2024-13365,2025-02-12,9.8,CRITICAL,3.1,0.01557,0.72616,,,,,False,Crítica,False,3 - Grave pero sin explotación conocida,0.1526,0.1526
CVE-2024-13475,2025-02-12,7.5,HIGH,3.1,0.00459,0.37366,,,,,False,Alta,False,4 - Seguimiento normal,0.0344,0.0344
CVE-2025-21697,2025-02-12,5.5,MEDIUM,3.1,0.00223,0.13012,,,,,False,Media,False,4 - Seguimiento normal,0.0123,0.0123
CVE-2025-26352,2025-02-12,6.5,MEDIUM,3.1,0.01034,0.60299,,,,,False,Media,False,4 - Seguimiento normal,0.0672,0.0672
CVE-2025-25349,2025-02-12,9.8,CRITICAL,3.1,0.00477,0.38557,,,,,False,Crítica,False,3 - Grave pero sin explotación conocida,0.0467,0.0467
CVE-2025-25746,2025-02-12,9.8,CRITICAL,3.1,0.00572,0.43879,,,,,False,Crítica,False,3 - Grave pero sin explotación conocida,0.0561,0.0561
CVE-2025-25201,2025-02-12,4.0,MEDIUM,3.1,0.00139,0.03664,,,,,False,Media,False,4 - Seguimiento normal,0.0056,0.0056
CVE-2024-31068,2025-02-12,5.6,MEDIUM,4.0,0.0022,0.12677,,,,,False,Media,False,4 - Seguimiento normal,0.0123,0.0123
CVE-2024-38307,2025-02-12,7.1,HIGH,4.0,0.00648,0.47322,,,,,False,Alta,False,4 - Seguimiento normal,0.046,0.046
CVE-2024-56939,2025-02-12,5.4,MEDIUM,3.1,0.00321,0.24519,,,,,False,Media,False,4 - Seguimiento normal,0.0173,0.0173
CVE-2023-34400,2025-02-13,7.5,HIGH,3.1,0.00651,0.47462,,,,,False,Alta,False,4 - Seguimiento normal,0.0488,0.0488
CVE-2025-23534,2025-02-14,6.5,MEDIUM,3.1,0.00389,0.31581,,,,,False,Media,False,4 - Seguimiento normal,0.0253,0.0253
CVE-2025-1239,2025-02-14,4.8,MEDIUM,4.0,0.00422,0.3465,,,,,False,Media,False,4 - Seguimiento normal,0.0203,0.0203
CVE-2022-28693,2025-02-14,4.7,MEDIUM,3.1,0.00171,0.06771,,,,,False,Media,False,4 - Seguimiento normal,0.008,0.008
CVE-2025-22680,2025-02-16,7.1,HIGH,3.1,0.00239,0.1512,,,,,False,Alta,False,4 - Seguimiento normal,0.017,0.017
CVE-2024-13603,2025-02-17,6.1,MEDIUM,3.1,0.00367,0.29254,,,,,False,Media,False,4 - Seguimiento normal,0.0224,0.0224
CVE-2024-13608,2025-02-17,4.7,MEDIUM,3.1,0.00346,0.27192,,,,,False,Media,False,4 - Seguimiento normal,0.0163,0.0163
CVE-2024-57964,2025-02-18,7.3,HIGH,3.1,0.00173,0.0695,,,,,False,Alta,False,4 - Seguimiento normal,0.0126,0.0126
CVE-2024-13636,2025-02-18,,,,0.0,0.0,,,,,False,Sin puntaje,False,4 - Seguimiento normal,0.0,0.0
CVE-2024-11335,2025-02-19,6.4,MEDIUM,3.1,0.00318,0.24098,,,,,False,Media,False,4 - Seguimiento normal,0.0204,0.0204
CVE-2024-13679,2025-02-19,6.4,MEDIUM,3.1,0.00288,0.21049,,,,,False,Media,False,4 - Seguimiento normal,0.0184,0.0184
CVE-2025-1134,2025-02-19,9.3,CRITICAL,4.0,0.00731,0.50536,,,,,False,Crítica,False,3 - Grave pero sin explotación conocida,0.068,0.068
CVE-2024-28777,2025-02-19,8.8,HIGH,3.1,0.00599,0.45103,,,,,False,Alta,False,4 - Seguimiento normal,0.0527,0.0527
CVE-2020-13481,2025-02-19,6.1,MEDIUM,3.1,0.00265,0.18209,,,,,False,Media,False,4 - Seguimiento normal,0.0162,0.0162
CVE-2024-37359,2025-02-19,8.6,HIGH,3.1,0.00497,0.39723,,,,,False,Alta,False,4 - Seguimiento normal,0.0427,0.0427
CVE-2025-25942,2025-02-19,6.5,MEDIUM,3.1,0.00366,0.29229,,,,,False,Media,False,4 - Seguimiento normal,0.0238,0.0238
CVE-2025-27218,2025-02-20,5.3,MEDIUM,3.1,0.64739,0.99164,,,,,False,Media,True,2 - Explotación probable,3.4312,3.4312
CVE-2024-13888,2025-02-20,7.2,HIGH,3.1,0.00732,0.50568,,,,,False,Alta,False,4 - Seguimiento normal,0.0527,0.0527
CVE-2025-1039,2025-02-20,7.2,HIGH,3.1,0.00425,0.34881,,,,,False,Alta,False,4 - Seguimiento normal,0.0306,0.0306
CVE-2023-51332,2025-02-20,4.3,MEDIUM,3.1,0.00404,0.33094,,,,,False,Media,False,4 - Seguimiento normal,0.0174,0.0174
CVE-2025-1258,2025-02-20,,,,0.0,0.0,,,,,False,Sin puntaje,False,4 - Seguimiento normal,0.0,0.0
CVE-2025-25968,2025-02-20,6.0,MEDIUM,3.1,0.00939,0.57246,,,,,False,Media,False,4 - Seguimiento normal,0.0563,0.0563
CVE-2025-25958,2025-02-20,5.4,MEDIUM,3.1,0.00254,0.16916,,,,,False,Media,False,4 - Seguimiento normal,0.0137,0.0137
CVE-2024-38657,2025-02-21,4.9,MEDIUM,3.1,0.01303,0.67513,,,,,False,Media,False,4 - Seguimiento normal,0.0638,0.0638
CVE-2024-12452,2025-02-21,6.4,MEDIUM,3.1,0.00284,0.20626,,,,,False,Media,False,4 - Seguimiento normal,0.0182,0.0182
CVE-2025-25505,2025-02-21,6.5,MEDIUM,3.1,0.00292,0.21366,,,,,False,Media,False,4 - Seguimiento normal,0.019,0.019
CVE-2025-1557,2025-02-22,5.3,MEDIUM,4.0,0.00287,0.20918,,,,,False,Media,False,4 - Seguimiento normal,0.0152,0.0152
CVE-2025-1592,2025-02-23,4.8,MEDIUM,4.0,0.00365,0.29141,,,,,False,Media,False,4 - Seguimiento normal,0.0175,0.0175
CVE-2025-27318,2025-02-24,4.3,MEDIUM,3.1,0.00165,0.06101,,,,,False,Media,False,4 - Seguimiento normal,0.0071,0.0071
CVE-2024-53543,2025-02-24,5.4,MEDIUM,3.1,0.00232,0.14153,,,,,False,Media,False,4 - Seguimiento normal,0.0125,0.0125
CVE-2025-26907,2025-02-25,7.5,HIGH,3.1,0.00471,0.38135,,,,,False,Alta,False,4 - Seguimiento normal,0.0353,0.0353
CVE-2025-26945,2025-02-25,6.5,MEDIUM,3.1,0.00246,0.16029,,,,,False,Media,False,4 - Seguimiento normal,0.016,0.016
CVE-2024-53879,2025-02-25,2.8,LOW,3.1,0.00191,0.09039,,,,,False,Baja,False,4 - Seguimiento normal,0.0053,0.0053
CVE-2022-49057,2025-02-26,5.5,MEDIUM,3.1,0.00218,0.12368,,,,,False,Media,False,4 - Seguimiento normal,0.012,0.012
CVE-2022-49113,2025-02-26,5.5,MEDIUM,3.1,0.00259,0.17571,,,,,False,Media,False,4 - Seguimiento normal,0.0142,0.0142
CVE-2022-49120,2025-02-26,5.5,MEDIUM,3.1,0.00263,0.18034,,,,,False,Media,False,4 - Seguimiento normal,0.0145,0.0145
CVE-2022-49166,2025-02-26,5.5,MEDIUM,3.1,0.00263,0.17998,,,,,False,Media,False,4 - Seguimiento normal,0.0145,0.0145
CVE-2022-49172,2025-02-26,7.1,HIGH,3.1,0.00263,0.17945,,,,,False,Alta,False,4 - Seguimiento normal,0.0187,0.0187
CVE-2022-49188,2025-02-26,5.5,MEDIUM,3.1,0.00263,0.1802,,,,,False,Media,False,4 - Seguimiento normal,0.0145,0.0145
CVE-2022-49193,2025-02-26,5.5,MEDIUM,3.1,0.00263,0.18034,,,,,False,Media,False,4 - Seguimiento normal,0.0145,0.0145
CVE-2022-49226,2025-02-26,5.5,MEDIUM,3.1,0.00263,0.18018,,,,,False,Media,False,4 - Seguimiento normal,0.0145,0.0145
CVE-2022-49241,2025-02-26,5.5,MEDIUM,3.1,0.00256,0.17212,,,,,False,Media,False,4 - Seguimiento normal,0.0141,0.0141
CVE-2022-49275,2025-02-26,7.8,HIGH,3.1,0.00276,0.19717,,,,,False,Alta,False,4 - Seguimiento normal,0.0215,0.0215
CVE-2022-49306,2025-02-26,5.5,MEDIUM,3.1,0.00255,0.17079,,,,,False,Media,False,4 - Seguimiento normal,0.014,0.014
CVE-2022-49383,2025-02-26,5.5,MEDIUM,3.1,0.00253,0.16858,,,,,False,Media,False,4 - Seguimiento normal,0.0139,0.0139
CVE-2022-49429,2025-02-26,5.5,MEDIUM,3.1,0.00264,0.1818,,,,,False,Media,False,4 - Seguimiento normal,0.0145,0.0145
CVE-2022-49439,2025-02-26,5.5,MEDIUM,3.1,0.00257,0.17339,,,,,False,Media,False,4 - Seguimiento normal,0.0141,0.0141
CVE-2022-49440,2025-02-26,5.5,MEDIUM,3.1,0.00256,0.17212,,,,,False,Media,False,4 - Seguimiento normal,0.0141,0.0141
CVE-2022-49475,2025-02-26,5.5,MEDIUM,3.1,0.00283,0.20537,,,,,False,Media,False,4 - Seguimiento normal,0.0156,0.0156
CVE-2022-49477,2025-02-26,5.5,MEDIUM,3.1,0.00256,0.17216,,,,,False,Media,False,4 - Seguimiento normal,0.0141,0.0141
CVE-2022-49488,2025-02-26,5.5,MEDIUM,3.1,0.00264,0.18173,,,,,False,Media,False,4 - Seguimiento normal,0.0145,0.0145
CVE-2022-49589,2025-02-26,4.7,MEDIUM,3.1,0.00186,0.08503,,,,,False,Media,False,4 - Seguimiento normal,0.0087,0.0087
CVE-2022-49626,2025-02-26,7.8,HIGH,3.1,0.00271,0.19077,,,,,False,Alta,False,4 - Seguimiento normal,0.0211,0.0211
CVE-2022-49680,2025-02-26,5.5,MEDIUM,3.1,0.00253,0.16834,,,,,False,Media,False,4 - Seguimiento normal,0.0139,0.0139
CVE-2024-13632,2025-02-26,7.1,HIGH,3.1,0.00367,0.29316,,,,,False,Alta,False,4 - Seguimiento normal,0.0261,0.0261
CVE-2025-26698,2025-02-26,2.7,LOW,3.0,0.00203,0.10465,,,,,False,Baja,False,4 - Seguimiento normal,0.0055,0.0055
CVE-2025-25825,2025-02-26,7.1,HIGH,3.1,0.00184,0.08267,,,,,False,Alta,False,4 - Seguimiento normal,0.0131,0.0131
CVE-2025-21720,2025-02-27,5.5,MEDIUM,3.1,0.00178,0.07636,,,,,False,Media,False,4 - Seguimiento normal,0.0098,0.0098
CVE-2024-57852,2025-02-27,5.5,MEDIUM,3.1,0.00189,0.08866,,,,,False,Media,False,4 - Seguimiento normal,0.0104,0.0104
CVE-2024-58016,2025-02-27,5.5,MEDIUM,3.1,0.00202,0.10367,,,,,False,Media,False,4 - Seguimiento normal,0.0111,0.0111
CVE-2025-21765,2025-02-27,5.5,MEDIUM,3.1,0.00224,0.13197,,,,,False,Media,False,4 - Seguimiento normal,0.0123,0.0123
CVE-2025-21779,2025-02-27,5.5,MEDIUM,3.1,0.00235,0.14528,,,,,False,Media,False,4 - Seguimiento normal,0.0129,0.0129
CVE-2025-21790,2025-02-27,5.5,MEDIUM,3.1,0.00219,0.12523,,,,,False,Media,False,4 - Seguimiento normal,0.012,0.012
CVE-2025-21796,2025-02-27,7.8,HIGH,3.1,0.00237,0.14894,,,,,False,Alta,False,4 - Seguimiento normal,0.0185,0.0185
CVE-2024-6261,2025-02-27,6.4,MEDIUM,3.1,0.00281,0.20369,,,,,False,Media,False,4 - Seguimiento normal,0.018,0.018
CVE-2025-25334,2025-02-27,5.5,MEDIUM,3.1,0.00184,0.08234,,,,,False,Media,False,4 - Seguimiento normal,0.0101,0.0101
CVE-2025-21820,2025-02-27,5.5,MEDIUM,3.1,0.00162,0.05787,,,,,False,Media,False,4 - Seguimiento normal,0.0089,0.0089
CVE-2024-13716,2025-02-28,4.3,MEDIUM,3.1,0.00297,0.21921,,,,,False,Media,False,4 - Seguimiento normal,0.0128,0.0128
CVE-2024-9019,2025-02-28,6.4,MEDIUM,3.1,0.00197,0.09801,,,,,False,Media,False,4 - Seguimiento normal,0.0126,0.0126
CVE-2025-23405,2025-02-28,6.9,MEDIUM,4.0,0.00269,0.18842,,,,,False,Media,False,4 - Seguimiento normal,0.0186,0.0186
CVE-2025-26466,2025-02-28,5.9,MEDIUM,3.1,0.38474,0.98419,,,,,False,Media,True,2 - Explotación probable,2.27,2.27
CVE-2025-1459,2025-03-01,6.4,MEDIUM,3.1,0.00221,0.12759,,,,,False,Media,False,4 - Seguimiento normal,0.0141,0.0141
CVE-2024-13697,2025-03-01,4.8,MEDIUM,3.1,0.00262,0.17866,,,,,False,Media,False,4 - Seguimiento normal,0.0126,0.0126
CVE-2025-27579,2025-03-03,5.4,MEDIUM,3.1,0.00193,0.09333,,,,,False,Media,False,4 - Seguimiento normal,0.0104,0.0104
CVE-2024-53382,2025-03-03,4.9,MEDIUM,3.1,0.00301,0.22305,,,,,False,Media,False,4 - Seguimiento normal,0.0147,0.0147
CVE-2025-1856,2025-03-03,6.9,MEDIUM,4.0,0.00554,0.42938,,,,,False,Media,False,4 - Seguimiento normal,0.0382,0.0382
CVE-2024-43060,2025-03-03,7.8,HIGH,3.1,0.0011,0.01511,,,,,False,Alta,False,4 - Seguimiento normal,0.0086,0.0086
CVE-2024-53029,2025-03-03,7.8,HIGH,3.1,0.00118,0.01992,,,,,False,Alta,False,4 - Seguimiento normal,0.0092,0.0092
CVE-2025-23485,2025-03-03,7.1,HIGH,3.1,0.00262,0.17883,,,,,False,Alta,False,4 - Seguimiento normal,0.0186,0.0186
CVE-2025-23668,2025-03-03,7.1,HIGH,3.1,0.00363,0.28873,,,,,False,Alta,False,4 - Seguimiento normal,0.0258,0.0258
CVE-2025-25121,2025-03-03,7.1,HIGH,3.1,0.00178,0.07642,,,,,False,Alta,False,4 - Seguimiento normal,0.0126,0.0126
CVE-2025-26563,2025-03-03,7.1,HIGH,3.1,0.00363,0.28891,,,,,False,Alta,False,4 - Seguimiento normal,0.0258,0.0258
CVE-2025-0689,2025-03-03,7.8,HIGH,3.1,0.00458,0.37284,,,,,False,Alta,False,4 - Seguimiento normal,0.0357,0.0357
CVE-2024-55532,2025-03-03,9.8,CRITICAL,3.1,0.00724,0.50248,,,,,False,Crítica,False,3 - Grave pero sin explotación conocida,0.071,0.071
CVE-2025-0555,2025-03-03,7.7,HIGH,3.1,0.00439,0.35953,,,,,False,Alta,False,4 - Seguimiento normal,0.0338,0.0338
CVE-2023-49031,2025-03-03,5.1,MEDIUM,3.1,0.00733,0.50628,,,,,False,Media,False,4 - Seguimiento normal,0.0374,0.0374
CVE-2025-1898,2025-03-04,7.1,HIGH,4.0,0.00786,0.52379,,,,,False,Alta,False,4 - Seguimiento normal,0.0558,0.0558
CVE-2025-21097,2025-03-04,3.3,LOW,3.1,0.00133,0.03184,,,,,False,Baja,False,4 - Seguimiento normal,0.0044,0.0044
CVE-2024-47262,2025-03-04,5.3,MEDIUM,3.1,0.00335,0.25974,,,,,False,Media,False,4 - Seguimiento normal,0.0178,0.0178
CVE-2024-58045,2025-03-04,8.6,HIGH,3.1,0.0008,0.00236,,,,,False,Alta,False,4 - Seguimiento normal,0.0069,0.0069
CVE-2025-1952,2025-03-04,6.9,MEDIUM,4.0,0.00487,0.3918,,,,,False,Media,False,4 - Seguimiento normal,0.0336,0.0336
CVE-2025-1917,2025-03-05,4.3,MEDIUM,3.1,0.0033,0.25448,,,,,False,Media,False,4 - Seguimiento normal,0.0142,0.0142
CVE-2025-27658,2025-03-05,9.8,CRITICAL,3.1,0.00837,0.54005,,,,,False,Crítica,False,3 - Grave pero sin explotación conocida,0.082,0.082
CVE-2024-48246,2025-03-05,5.4,MEDIUM,3.1,0.00399,0.32617,,,,,False,Media,False,4 - Seguimiento normal,0.0215,0.0215
CVE-2025-2003,2025-03-05,7.1,HIGH,3.1,0.00409,0.33452,,,,,False,Alta,False,4 - Seguimiento normal,0.029,0.029
CVE-2024-57174,2025-03-05,8.1,HIGH,3.1,0.00335,0.26006,,,,,False,Alta,False,4 - Seguimiento normal,0.0271,0.0271
CVE-2024-58086,2025-03-06,5.5,MEDIUM,3.1,0.00171,0.06794,,,,,False,Media,False,4 - Seguimiento normal,0.0094,0.0094
CVE-2024-13526,2025-03-07,4.3,MEDIUM,3.1,0.00272,0.19327,,,,,False,Media,False,4 - Seguimiento normal,0.0117,0.0117
CVE-2024-53692,2025-03-07,5.1,MEDIUM,4.0,0.00845,0.54258,,,,,False,Media,False,4 - Seguimiento normal,0.0431,0.0431
CVE-2024-53699,2025-03-07,2.1,LOW,4.0,0.00465,0.37744,,,,,False,Baja,False,4 - Seguimiento normal,0.0098,0.0098
CVE-2024-13774,2025-03-08,6.1,MEDIUM,3.1,0.00168,0.06395,,,,,False,Media,False,4 - Seguimiento normal,0.0102,0.0102
CVE-2025-2113,2025-03-09,6.9,MEDIUM,4.0,0.00527,0.41489,,,,,False,Media,False,4 - Seguimiento normal,0.0364,0.0364
CVE-2024-43107,2025-03-10,7.2,HIGH,3.1,0.00178,0.07569,,,,,False,Alta,False,4 - Seguimiento normal,0.0128,0.0128
CVE-2024-13918,2025-03-10,8.0,HIGH,3.1,0.00575,0.44013,,,,,False,Alta,False,4 - Seguimiento normal,0.046,0.046
CVE-2025-2175,2025-03-11,5.3,MEDIUM,4.0,0.00572,0.43879,,,,,False,Media,False,4 - Seguimiento normal,0.0303,0.0303
CVE-2025-2195,2025-03-11,5.1,MEDIUM,4.0,0.00319,0.24202,,,,,False,Media,False,4 - Seguimiento normal,0.0163,0.0163
CVE-2025-25747,2025-03-11,5.4,MEDIUM,3.1,0.00499,0.39869,,,,,False,Media,False,4 - Seguimiento normal,0.0269,0.0269
CVE-2025-24055,2025-03-11,4.3,MEDIUM,3.1,0.00786,0.52371,,,,,False,Media,False,4 - Seguimiento normal,0.0338,0.0338
CVE-2025-24072,2025-03-11,7.8,HIGH,3.1,0.00509,0.40468,,,,,False,Alta,False,4 - Seguimiento normal,0.0397,0.0397
CVE-2025-27439,2025-03-11,8.5,HIGH,3.1,0.00423,0.347,,,,,False,Alta,False,4 - Seguimiento normal,0.036,0.036
CVE-2025-25925,2025-03-11,4.8,MEDIUM,3.1,0.00312,0.23535,,,,,False,Media,False,4 - Seguimiento normal,0.015,0.015
CVE-2025-28918,2025-03-11,6.5,MEDIUM,3.1,0.00251,0.16555,,,,,False,Media,False,4 - Seguimiento normal,0.0163,0.0163
CVE-2025-2211,2025-03-11,4.8,MEDIUM,4.0,0.00448,0.3666,,,,,False,Media,False,4 - Seguimiento normal,0.0215,0.0215
CVE-2025-2219,2025-03-12,6.9,MEDIUM,4.0,0.00613,0.45729,,,,,False,Media,False,4 - Seguimiento normal,0.0423,0.0423
CVE-2025-2078,2025-03-12,4.4,MEDIUM,3.1,0.00234,0.144,,,,,False,Media,False,4 - Seguimiento normal,0.0103,0.0103
CVE-2025-2107,2025-03-13,7.5,HIGH,3.1,0.0042,0.34416,,,,,False,Alta,False,4 - Seguimiento normal,0.0315,0.0315
CVE-2024-12810,2025-03-14,8.8,HIGH,3.1,0.00315,0.23774,,,,,False,Alta,False,4 - Seguimiento normal,0.0277,0.0277
CVE-2025-25873,2025-03-14,5.5,MEDIUM,3.1,0.00164,0.06029,,,,,False,Media,False,4 - Seguimiento normal,0.009,0.009
CVE-2025-29782,2025-03-14,6.4,MEDIUM,4.0,0.00259,0.1754,,,,,False,Media,False,4 - Seguimiento normal,0.0166,0.0166
CVE-2025-2310,2025-03-14,4.8,MEDIUM,4.0,0.0037,0.29607,,,,,False,Media,False,4 - Seguimiento normal,0.0178,0.0178
CVE-2025-1669,2025-03-15,6.5,MEDIUM,3.1,0.00355,0.28127,,,,,False,Media,False,4 - Seguimiento normal,0.0231,0.0231
CVE-2025-2344,2025-03-16,6.9,MEDIUM,4.0,0.00471,0.38092,,,,,False,Media,False,4 - Seguimiento normal,0.0325,0.0325
CVE-2025-1398,2025-03-17,3.3,LOW,3.1,0.00163,0.05887,,,,,False,Baja,False,4 - Seguimiento normal,0.0054,0.0054
CVE-2024-48015,2025-03-17,6.7,MEDIUM,3.1,0.00606,0.45412,,,,,False,Media,False,4 - Seguimiento normal,0.0406,0.0406
CVE-2024-48017,2025-03-17,6.5,MEDIUM,3.1,0.0124,0.66029,,,,,False,Media,False,4 - Seguimiento normal,0.0806,0.0806
CVE-2025-26125,2025-03-17,7.3,HIGH,3.1,0.00487,0.39172,,,,,False,Alta,False,4 - Seguimiento normal,0.0356,0.0356
CVE-2024-8510,2025-03-17,5.3,MEDIUM,3.1,0.00373,0.29966,,,,,False,Media,False,4 - Seguimiento normal,0.0198,0.0198
CVE-2025-2419,2025-03-17,5.3,MEDIUM,4.0,0.00393,0.31897,,,,,False,Media,False,4 - Seguimiento normal,0.0208,0.0208
CVE-2017-17545,2025-03-17,,,,0.0,0.0,,,,,False,Sin puntaje,False,4 - Seguimiento normal,0.0,0.0
CVE-2022-47399,2025-03-17,,,,0.0,0.0,,,,,False,Sin puntaje,False,4 - Seguimiento normal,0.0,0.0
CVE-2022-47405,2025-03-17,,,,0.0,0.0,,,,,False,Sin puntaje,False,4 - Seguimiento normal,0.0,0.0
CVE-2023-50183,2025-03-17,,,,0.0,0.0,,,,,False,Sin puntaje,False,4 - Seguimiento normal,0.0,0.0
CVE-2024-56504,2025-03-17,,,,0.0,0.0,,,,,False,Sin puntaje,False,4 - Seguimiento normal,0.0,0.0
CVE-2025-25585,2025-03-18,7.3,HIGH,3.1,0.00257,0.1732,,,,,False,Alta,False,4 - Seguimiento normal,0.0188,0.0188
CVE-2025-30122,2025-03-18,9.8,CRITICAL,3.1,0.00413,0.33892,,,,,False,Crítica,False,3 - Grave pero sin explotación conocida,0.0405,0.0405
CVE-2025-30138,2025-03-18,4.6,MEDIUM,3.1,0.00171,0.0678,,,,,False,Media,False,4 - Seguimiento normal,0.0079,0.0079
CVE-2025-2512,2025-03-19,9.8,CRITICAL,3.1,0.00888,0.556,,,,,False,Crítica,False,3 - Grave pero sin explotación conocida,0.087,0.087
CVE-2025-29783,2025-03-19,9.0,CRITICAL,3.1,0.00732,0.50572,,,,,False,Crítica,False,3 - Grave pero sin explotación conocida,0.0659,0.0659
CVE-2024-12910,2025-03-20,5.9,MEDIUM,3.1,0.0064,0.46961,,,,,False,Media,False,4 - Seguimiento normal,0.0378,0.0378
CVE-2024-6829,2025-03-20,9.1,CRITICAL,3.0,0.0081,0.53173,,,,,False,Crítica,False,3 - Grave pero sin explotación conocida,0.0737,0.0737
CVE-2024-6838,2025-03-20,5.3,MEDIUM,3.1,0.00615,0.45835,,,,,False,Media,False,4 - Seguimiento normal,0.0326,0.0326
CVE-2024-6841,2025-03-20,6.5,MEDIUM,3.0,0.0023,0.13974,,,,,False,Media,False,4 - Seguimiento normal,0.0149,0.0149
CVE-2024-7034,2025-03-20,,,,0.0,0.0,,,,,False,Sin puntaje,False,4 - Seguimiento normal,0.0,0.0
CVE-2024-8018,2025-03-20,7.5,HIGH,3.0,0.00588,0.44587,,,,,False,Alta,False,4 - Seguimiento normal,0.0441,0.0441
CVE-2024-8065,2025-03-20,8.1,HIGH,3.0,0.00197,0.09678,,,,,False,Alta,False,4 - Seguimiento normal,0.016,0.016
CVE-2024-9056,2025-03-20,7.5,HIGH,3.0,0.00664,0.48003,,,,,False,Alta,False,4 - Seguimiento normal,0.0498,0.0498
CVE-2024-9418,2025-03-20,6.5,MEDIUM,3.1,0.00561,0.43318,,,,,False,Media,False,4 - Seguimiento normal,0.0365,0.0365
CVE-2025-29410,2025-03-20,6.1,MEDIUM,3.1,0.00224,0.13175,,,,,False,Media,False,4 - Seguimiento normal,0.0137,0.0137
CVE-2025-29412,2025-03-20,4.8,MEDIUM,3.1,0.00214,0.11957,,,,,False,Media,False,4 - Seguimiento normal,0.0103,0.0103
CVE-2025-2590,2025-03-21,4.8,MEDIUM,4.0,0.0031,0.23307,,,,,False,Media,False,4 - Seguimiento normal,0.0149,0.0149
CVE-2025-29230,2025-03-21,8.6,HIGH,3.1,0.00742,0.50899,,,,,False,Alta,False,4 - Seguimiento normal,0.0638,0.0638
CVE-2025-2622,2025-03-22,5.3,MEDIUM,4.0,0.00666,0.48069,,,,,False,Media,False,4 - Seguimiento normal,0.0353,0.0353
CVE-2025-30539,2025-03-24,5.9,MEDIUM,3.1,0.00347,0.27265,,,,,False,Media,False,4 - Seguimiento normal,0.0205,0.0205
CVE-2021-26105,2025-03-24,6.8,MEDIUM,3.1,0.0047,0.38031,,,,,False,Media,False,4 - Seguimiento normal,0.032,0.032
CVE-2025-2705,2025-03-24,6.9,MEDIUM,4.0,0.00431,0.35322,,,,,False,Media,False,4 - Seguimiento normal,0.0297,0.0297
CVE-2025-24513,2025-03-25,4.8,MEDIUM,3.1,0.03517,0.87992,,,,,False,Media,False,4 - Seguimiento normal,0.1688,0.1688
CVE-2024-13731,2025-03-25,6.4,MEDIUM,3.1,0.00264,0.18194,,,,,False,Media,False,4 - Seguimiento normal,0.0169,0.0169
CVE-2025-2576,2025-03-26,6.4,MEDIUM,3.1,0.00273,0.19486,,,,,False,Media,False,4 - Seguimiento normal,0.0175,0.0175
CVE-2025-1703,2025-03-26,6.4,MEDIUM,3.1,0.00282,0.20405,,,,,False,Media,False,4 - Seguimiento normal,0.018,0.018
CVE-2025-2228,2025-03-26,5.7,MEDIUM,3.1,0.00333,0.25773,,,,,False,Media,False,4 - Seguimiento normal,0.019,0.019
CVE-2025-23964,2025-03-26,7.1,HIGH,3.1,0.00363,0.28877,,,,,False,Alta,False,4 - Seguimiento normal,0.0258,0.0258
CVE-2025-26560,2025-03-26,7.1,HIGH,3.1,0.00363,0.28891,,,,,False,Alta,False,4 - Seguimiento normal,0.0258,0.0258
CVE-2025-28877,2025-03-26,7.1,HIGH,3.1,0.00294,0.21627,,,,,False,Alta,False,4 - Seguimiento normal,0.0209,0.0209
CVE-2025-28885,2025-03-26,6.5,MEDIUM,3.1,0.00269,0.1886,,,,,False,Media,False,4 - Seguimiento normal,0.0175,0.0175
CVE-2025-2783,2025-03-26,8.3,HIGH,3.1,0.08404,0.94397,Google,Chromium Mojo,2025-03-27,Unknown,True,Alta,False,1 - Explotada activamente,0.6975,10.0
CVE-2025-0273,2025-03-27,5.5,MEDIUM,3.1,0.00145,0.04214,,,,,False,Media,False,4 - Seguimiento normal,0.008,0.008
CVE-2025-30763,2025-03-27,6.5,MEDIUM,3.1,0.00312,0.23568,,,,,False,Media,False,4 - Seguimiento normal,0.0203,0.0203
CVE-2025-30795,2025-03-27,4.7,MEDIUM,3.1,0.00372,0.29776,,,,,False,Media,False,4 - Seguimiento normal,0.0175,0.0175
CVE-2025-30836,2025-03-27,6.5,MEDIUM,3.1,0.00331,0.25607,,,,,False,Media,False,4 - Seguimiento normal,0.0215,0.0215
CVE-2025-30859,2025-03-27,4.7,MEDIUM,3.1,0.00394,0.32095,,,,,False,Media,False,4 - Seguimiento normal,0.0185,0.0185
CVE-2025-30896,2025-03-27,5.4,MEDIUM,3.1,0.00344,0.26939,,,,,False,Media,False,4 - Seguimiento normal,0.0186,0.0186
CVE-2025-30904,2025-03-27,5.9,MEDIUM,3.1,0.00284,0.20596,,,,,False,Media,False,4 - Seguimiento normal,0.0168,0.0168
CVE-2025-21888,2025-03-27,5.5,MEDIUM,3.1,0.00176,0.07355,,,,,False,Media,False,4 - Seguimiento normal,0.0097,0.0097
CVE-2025-29488,2025-03-27,6.5,MEDIUM,3.1,0.00322,0.2456,,,,,False,Media,False,4 - Seguimiento normal,0.0209,0.0209
CVE-2023-52935,2025-03-27,7.8,HIGH,3.1,0.00182,0.08033,,,,,False,Alta,False,4 - Seguimiento normal,0.0142,0.0142
CVE-2023-52985,2025-03-27,5.5,MEDIUM,3.1,0.00204,0.10596,,,,,False,Media,False,4 - Seguimiento normal,0.0112,0.0112
CVE-2023-53005,2025-03-27,5.5,MEDIUM,3.1,0.00247,0.16111,,,,,False,Media,False,4 - Seguimiento normal,0.0136,0.0136
CVE-2023-53033,2025-03-27,5.5,MEDIUM,3.1,0.00177,0.0749,,,,,False,Media,False,4 - Seguimiento normal,0.0097,0.0097
CVE-2025-30363,2025-03-27,6.4,MEDIUM,4.0,0.00256,0.17225,,,,,False,Media,False,4 - Seguimiento normal,0.0164,0.0164
CVE-2024-10307,2025-03-28,4.3,MEDIUM,3.1,0.00245,0.15896,,,,,False,Media,False,4 - Seguimiento normal,0.0105,0.0105
CVE-2021-24008,2025-03-28,5.3,MEDIUM,3.1,0.00481,0.38794,,,,,False,Media,False,4 - Seguimiento normal,0.0255,0.0255
CVE-2025-31451,2025-03-28,6.5,MEDIUM,3.1,0.00193,0.09251,,,,,False,Media,False,4 - Seguimiento normal,0.0125,0.0125
CVE-2025-31472,2025-03-28,5.9,MEDIUM,3.1,0.00214,0.1191,,,,,False,Media,False,4 - Seguimiento normal,0.0126,0.0126
CVE-2024-38985,2025-03-28,9.8,CRITICAL,3.1,0.00741,0.50888,,,,,False,Crítica,False,3 - Grave pero sin explotación conocida,0.0726,0.0726
CVE-2025-31527,2025-03-31,6.4,MEDIUM,3.1,0.00243,0.15662,,,,,False,Media,False,4 - Seguimiento normal,0.0156,0.0156
CVE-2025-31589,2025-03-31,6.5,MEDIUM,3.1,0.00237,0.1492,,,,,False,Media,False,4 - Seguimiento normal,0.0154,0.0154
CVE-2025-2292,2025-03-31,6.5,MEDIUM,3.1,0.0161,0.73413,,,,,False,Media,False,4 - Seguimiento normal,0.1046,0.1046
CVE-2025-30369,2025-03-31,2.7,LOW,3.1,0.00256,0.17154,,,,,False,Baja,False,4 - Seguimiento normal,0.0069,0.0069
CVE-2025-31116,2025-03-31,4.4,MEDIUM,3.1,0.00446,0.36503,,,,,False,Media,False,4 - Seguimiento normal,0.0196,0.0196
CVE-2025-3006,2025-03-31,6.9,MEDIUM,4.0,0.00514,0.40739,,,,,False,Media,False,4 - Seguimiento normal,0.0355,0.0355
CVE-2025-31690,2025-03-31,8.8,HIGH,3.1,0.0021,0.11387,,,,,False,Alta,False,4 - Seguimiento normal,0.0185,0.0185
CVE-2025-24178,2025-03-31,9.8,CRITICAL,3.1,0.01482,0.71263,,,,,False,Crítica,False,3 - Grave pero sin explotación conocida,0.1452,0.1452
CVE-2025-24238,2025-03-31,9.8,CRITICAL,3.1,0.01055,0.60895,,,,,False,Crítica,False,3 - Grave pero sin explotación conocida,0.1034,0.1034
CVE-2025-30456,2025-03-31,7.8,HIGH,3.1,0.00363,0.28856,,,,,False,Alta,False,4 - Seguimiento normal,0.0283,0.0283
CVE-2025-31184,2025-03-31,7.8,HIGH,3.1,0.00246,0.1601,,,,,False,Alta,False,4 - Seguimiento normal,0.0192,0.0192
CVE-2025-31805,2025-04-01,6.5,MEDIUM,3.1,0.00331,0.25609,,,,,False,Media,False,4 - Seguimiento normal,0.0215,0.0215
CVE-2025-31880,2025-04-01,4.3,MEDIUM,3.1,0.0018,0.07831,,,,,False,Media,False,4 - Seguimiento normal,0.0077,0.0077
CVE-2025-31882,2025-04-01,4.3,MEDIUM,3.1,0.00269,0.18864,,,,,False,Media,False,4 - Seguimiento normal,0.0116,0.0116
CVE-2025-21896,2025-04-01,7.8,HIGH,3.1,0.00198,0.09907,,,,,False,Alta,False,4 - Seguimiento normal,0.0154,0.0154
CVE-2025-21902,2025-04-01,5.5,MEDIUM,3.1,0.0019,0.09,,,,,False,Media,False,4 - Seguimiento normal,0.0104,0.0104
CVE-2025-21924,2025-04-01,5.5,MEDIUM,3.1,0.00191,0.09018,,,,,False,Media,False,4 - Seguimiento normal,0.0105,0.0105
CVE-2025-21943,2025-04-01,4.7,MEDIUM,3.1,0.00139,0.03719,,,,,False,Media,False,4 - Seguimiento normal,0.0065,0.0065
CVE-2025-21978,2025-04-01,5.5,MEDIUM,3.1,0.00176,0.07428,,,,,False,Media,False,4 - Seguimiento normal,0.0097,0.0097
CVE-2025-30913,2025-04-01,7.1,HIGH,3.1,0.00366,0.29175,,,,,False,Alta,False,4 - Seguimiento normal,0.026,0.026
CVE-2025-3066,2025-04-02,8.8,HIGH,3.1,0.00342,0.26731,,,,,False,Alta,False,4 - Seguimiento normal,0.0301,0.0301
CVE-2025-3068,2025-04-02,8.8,HIGH,3.1,0.00321,0.24433,,,,,False,Alta,False,4 - Seguimiento normal,0.0282,0.0282
CVE-2024-36465,2025-04-02,8.6,HIGH,4.0,0.2926,0.97975,,,,,False,Alta,True,2 - Explotación probable,2.5164,2.5164
CVE-2025-31727,2025-04-02,5.5,MEDIUM,3.1,0.00276,0.19821,,,,,False,Media,False,4 - Seguimiento normal,0.0152,0.0152
CVE-2025-31286,2025-04-02,4.6,MEDIUM,3.1,0.00413,0.33844,,,,,False,Media,False,4 - Seguimiento normal,0.019,0.019
CVE-2025-22927,2025-04-03,9.1,CRITICAL,3.1,0.00751,0.51196,,,,,False,Crítica,False,3 - Grave pero sin explotación conocida,0.0683,0.0683
CVE-2025-30616,2025-04-03,7.1,HIGH,3.1,0.00276,0.19772,,,,,False,Alta,False,4 - Seguimiento normal,0.0196,0.0196
CVE-2025-30908,2025-04-03,7.1,HIGH,3.1,0.00145,0.04149,,,,,False,Alta,False,4 - Seguimiento normal,0.0103,0.0103
CVE-2025-3171,2025-04-03,6.9,MEDIUM,4.0,0.00496,0.39695,,,,,False,Media,False,4 - Seguimiento normal,0.0342,0.0342
CVE-2025-0278,2025-04-03,4.3,MEDIUM,3.1,0.00275,0.19708,,,,,False,Media,False,4 - Seguimiento normal,0.0118,0.0118
CVE-2025-2317,2025-04-04,7.5,HIGH,3.1,0.00445,0.36393,,,,,False,Alta,False,4 - Seguimiento normal,0.0334,0.0334
CVE-2025-3220,2025-04-04,6.9,MEDIUM,4.0,0.00514,0.40738,,,,,False,Media,False,4 - Seguimiento normal,0.0355,0.0355
CVE-2025-31420,2025-04-04,7.6,HIGH,3.1,0.00276,0.19737,,,,,False,Alta,False,4 - Seguimiento normal,0.021,0.021
CVE-2025-3189,2025-04-04,4.8,MEDIUM,4.0,0.00368,0.29427,,,,,False,Media,False,4 - Seguimiento normal,0.0177,0.0177
CVE-2025-32134,2025-04-04,5.9,MEDIUM,3.1,0.00384,0.31028,,,,,False,Media,False,4 - Seguimiento normal,0.0227,0.0227
CVE-2025-32149,2025-04-04,8.5,HIGH,3.1,0.00502,0.40057,,,,,False,Alta,False,4 - Seguimiento normal,0.0427,0.0427
CVE-2025-32151,2025-04-04,7.5,HIGH,3.1,0.00891,0.55682,,,,,False,Alta,False,4 - Seguimiento normal,0.0668,0.0668
CVE-2025-32226,2025-04-04,4.3,MEDIUM,3.1,0.00405,0.33144,,,,,False,Media,False,4 - Seguimiento normal,0.0174,0.0174
CVE-2025-3318,2025-04-06,5.3,MEDIUM,4.0,0.00289,0.21147,,,,,False,Media,False,4 - Seguimiento normal,0.0153,0.0153
CVE-2025-3326,2025-04-07,5.1,MEDIUM,4.0,0.00402,0.32867,,,,,False,Media,False,4 - Seguimiento normal,0.0205,0.0205
CVE-2024-58116,2025-04-07,4.0,MEDIUM,3.1,0.00206,0.10863,,,,,False,Media,False,4 - Seguimiento normal,0.0082,0.0082
CVE-2025-20656,2025-04-07,6.8,MEDIUM,3.1,0.00129,0.02929,,,,,False,Media,False,4 - Seguimiento normal,0.0088,0.0088
CVE-2024-43067,2025-04-07,7.8,HIGH,3.1,0.00087,0.00453,,,,,False,Alta,False,4 - Seguimiento normal,0.0068,0.0068
CVE-2025-21442,2025-04-07,7.8,HIGH,3.1,0.001,0.01038,,,,,False,Alta,False,4 - Seguimiento normal,0.0078,0.0078
CVE-2025-3370,2025-04-07,6.9,MEDIUM,4.0,0.00514,0.40735,,,,,False,Media,False,4 - Seguimiento normal,0.0355,0.0355
CVE-2025-3363,2025-04-08,9.8,CRITICAL,3.1,0.0128,0.67014,,,,,False,Crítica,False,3 - Grave pero sin explotación conocida,0.1254,0.1254
CVE-2025-3401,2025-04-08,6.9,MEDIUM,4.0,0.00613,0.45723,,,,,False,Media,False,4 - Seguimiento normal,0.0423,0.0423
CVE-2025-27429,2025-04-08,9.9,CRITICAL,3.1,0.00757,0.51401,,,,,False,Crítica,False,3 - Grave pero sin explotación conocida,0.0749,0.0749
CVE-2025-3064,2025-04-08,8.8,HIGH,3.1,0.00235,0.14664,,,,,False,Alta,False,4 - Seguimiento normal,0.0207,0.0207
CVE-2025-32017,2025-04-08,8.8,HIGH,3.1,0.00582,0.44325,,,,,False,Alta,False,4 - Seguimiento normal,0.0512,0.0512
CVE-2025-25002,2025-04-08,6.8,MEDIUM,3.1,0.01155,0.6373,,,,,False,Media,False,4 - Seguimiento normal,0.0785,0.0785
CVE-2025-26666,2025-04-08,7.8,HIGH,3.1,0.00587,0.44539,,,,,False,Alta,False,4 - Seguimiento normal,0.0458,0.0458
CVE-2025-26680,2025-04-08,7.5,HIGH,3.1,0.01813,0.76407,,,,,False,Alta,False,4 - Seguimiento normal,0.136,0.136
CVE-2025-27474,2025-04-08,6.5,MEDIUM,3.1,0.01644,0.73976,,,,,False,Media,False,4 - Seguimiento normal,0.1069,0.1069
CVE-2025-27484,2025-04-08,7.5,HIGH,3.1,0.00746,0.51047,,,,,False,Alta,False,4 - Seguimiento normal,0.0559,0.0559
CVE-2025-30298,2025-04-08,7.8,HIGH,3.1,0.00266,0.18356,,,,,False,Alta,False,4 - Seguimiento normal,0.0207,0.0207
CVE-2025-3100,2025-04-09,6.4,MEDIUM,3.1,0.00264,0.18207,,,,,False,Media,False,4 - Seguimiento normal,0.0169,0.0169
CVE-2025-31003,2025-04-09,2.7,LOW,3.1,0.00496,0.39645,,,,,False,Baja,False,4 - Seguimiento normal,0.0134,0.0134
CVE-2025-31004,2025-04-09,4.3,MEDIUM,3.1,0.00408,0.33432,,,,,False,Media,False,4 - Seguimiento normal,0.0175,0.0175
CVE-2025-31400,2025-04-09,7.1,HIGH,3.1,0.00197,0.09809,,,,,False,Alta,False,4 - Seguimiento normal,0.014,0.014
CVE-2025-30649,2025-04-09,8.7,HIGH,4.0,0.004,0.32648,,,,,False,Alta,False,4 - Seguimiento normal,0.0348,0.0348
CVE-2025-30657,2025-04-09,6.9,MEDIUM,4.0,0.00382,0.30794,,,,,False,Media,False,4 - Seguimiento normal,0.0264,0.0264
CVE-2025-26330,2025-04-10,7.0,HIGH,3.1,0.00149,0.04595,,,,,False,Alta,False,4 - Seguimiento normal,0.0104,0.0104
CVE-2025-27690,2025-04-10,9.8,CRITICAL,3.1,0.00472,0.38185,,,,,False,Crítica,False,3 - Grave pero sin explotación conocida,0.0463,0.0463
CVE-2025-2805,2025-04-10,7.3,HIGH,3.1,0.00486,0.39122,,,,,False,Alta,False,4 - Seguimiento normal,0.0355,0.0355
CVE-2025-32230,2025-04-10,4.3,MEDIUM,3.1,0.00249,0.16405,,,,,False,Media,False,4 - Seguimiento normal,0.0107,0.0107
CVE-2025-32240,2025-04-10,6.5,MEDIUM,3.1,0.00294,0.21557,,,,,False,Media,False,4 - Seguimiento normal,0.0191,0.0191
CVE-2025-22374,2025-04-10,6.0,MEDIUM,4.0,0.00348,0.27379,,,,,False,Media,False,4 - Seguimiento normal,0.0209,0.0209
CVE-2025-2408,2025-04-10,5.3,MEDIUM,3.1,0.00323,0.24737,,,,,False,Media,False,4 - Seguimiento normal,0.0171,0.0171
CVE-2025-0124,2025-04-11,5.1,MEDIUM,4.0,0.0033,0.25464,,,,,False,Media,False,4 - Seguimiento normal,0.0168,0.0168
CVE-2025-32067,2025-04-11,5.4,MEDIUM,3.1,0.0021,0.1142,,,,,False,Media,False,4 - Seguimiento normal,0.0113,0.0113
CVE-2025-3541,2025-04-13,8.6,HIGH,4.0,0.01139,0.63285,,,,,False,Alta,False,4 - Seguimiento normal,0.098,0.098
CVE-2025-32909,2025-04-14,5.3,MEDIUM,3.1,0.00494,0.39582,,,,,False,Media,False,4 - Seguimiento normal,0.0262,0.0262
CVE-2023-27272,2025-04-14,3.1,LOW,3.1,0.00243,0.1563,,,,,False,Baja,False,4 - Seguimiento normal,0.0075,0.0075
CVE-2025-32993,2025-04-15,6.5,MEDIUM,3.1,0.00263,0.1796,,,,,False,Media,False,4 - Seguimiento normal,0.0171,0.0171
CVE-2025-29281,2025-04-15,8.8,HIGH,3.1,0.00686,0.48878,,,,,False,Alta,False,4 - Seguimiento normal,0.0604,0.0604
CVE-2024-13177,2025-04-15,5.2,MEDIUM,4.0,0.0014,0.03802,,,,,False,Media,False,4 - Seguimiento normal,0.0073,0.0073
CVE-2025-21573,2025-04-15,6.0,MEDIUM,3.1,0.00402,0.32847,,,,,False,Media,False,4 - Seguimiento normal,0.0241,0.0241
CVE-2025-21588,2025-04-15,4.9,MEDIUM,3.1,0.00816,0.5336,,,,,False,Media,False,4 - Seguimiento normal,0.04,0.04
CVE-2025-3675,2025-04-16,6.9,MEDIUM,4.0,0.00564,0.43498,,,,,False,Media,False,4 - Seguimiento normal,0.0389,0.0389
CVE-2025-22047,2025-04-16,5.5,MEDIUM,3.1,0.0019,0.08945,,,,,False,Media,False,4 - Seguimiento normal,0.0104,0.0104
CVE-2025-22098,2025-04-16,5.5,MEDIUM,3.1,0.00141,0.03888,,,,,False,Media,False,4 - Seguimiento normal,0.0078,0.0078
CVE-2025-22115,2025-04-16,4.7,MEDIUM,3.1,0.0013,0.02983,,,,,False,Media,False,4 - Seguimiento normal,0.0061,0.0061
CVE-2024-40071,2025-04-16,9.8,CRITICAL,3.1,0.00712,0.49847,,,,,False,Crítica,False,3 - Grave pero sin explotación conocida,0.0698,0.0698
CVE-2025-27539,2025-04-16,9.3,CRITICAL,4.0,0.00982,0.58635,,,,,False,Crítica,False,3 - Grave pero sin explotación conocida,0.0913,0.0913
CVE-2025-32847,2025-04-16,8.7,HIGH,4.0,0.00733,0.50619,,,,,False,Alta,False,4 - Seguimiento normal,0.0638,0.0638
CVE-2025-43708,2025-04-17,3.3,LOW,3.1,0.00379,0.30545,,,,,False,Baja,False,4 - Seguimiento normal,0.0125,0.0125
CVE-2024-11924,2025-04-17,3.5,LOW,3.1,0.00256,0.17243,,,,,False,Baja,False,4 - Seguimiento normal,0.009,0.009
CVE-2024-13925,2025-04-17,7.5,HIGH,3.1,0.00482,0.38833,,,,,False,Alta,False,4 - Seguimiento normal,0.0361,0.0361
CVE-2025-29931,2025-04-17,6.3,MEDIUM,4.0,0.00418,0.34294,,,,,False,Media,False,4 - Seguimiento normal,0.0263,0.0263
CVE-2025-24737,2025-04-17,6.5,MEDIUM,3.1,0.0029,0.21171,,,,,False,Media,False,4 - Seguimiento normal,0.0188,0.0188
CVE-2025-27285,2025-04-17,7.1,HIGH,3.1,0.00276,0.19759,,,,,False,Alta,False,4 - Seguimiento normal,0.0196,0.0196
CVE-2025-27292,2025-04-17,7.1,HIGH,3.1,0.00276,0.19765,,,,,False,Alta,False,4 - Seguimiento normal,0.0196,0.0196
CVE-2025-27345,2025-04-17,7.1,HIGH,3.1,0.00276,0.19762,,,,,False,Alta,False,4 - Seguimiento normal,0.0196,0.0196
CVE-2025-32533,2025-04-17,7.1,HIGH,3.1,0.00276,0.19771,,,,,False,Alta,False,4 - Seguimiento normal,0.0196,0.0196
CVE-2025-32535,2025-04-17,7.1,HIGH,3.1,0.00276,0.19771,,,,,False,Alta,False,4 - Seguimiento normal,0.0196,0.0196
CVE-2025-32561,2025-04-17,7.1,HIGH,3.1,0.00276,0.19769,,,,,False,Alta,False,4 - Seguimiento normal,0.0196,0.0196
CVE-2025-2162,2025-04-18,4.8,MEDIUM,3.1,0.00373,0.29959,,,,,False,Media,False,4 - Seguimiento normal,0.0179,0.0179
CVE-2025-37785,2025-04-18,7.1,HIGH,3.1,0.00258,0.1744,,,,,False,Alta,False,4 - Seguimiento normal,0.0183,0.0183
CVE-2025-37838,2025-04-18,7.8,HIGH,3.1,0.00206,0.10833,,,,,False,Alta,False,4 - Seguimiento normal,0.0161,0.0161
CVE-2025-28235,2025-04-18,7.5,HIGH,3.1,0.00373,0.29895,,,,,False,Alta,False,4 - Seguimiento normal,0.028,0.028
CVE-2025-24914,2025-04-18,7.8,HIGH,3.1,0.00146,0.04335,,,,,False,Alta,False,4 - Seguimiento normal,0.0114,0.0114
CVE-2025-28121,2025-04-21,6.1,MEDIUM,3.1,0.00836,0.53994,,,,,False,Media,False,4 - Seguimiento normal,0.051,0.051
CVE-2025-3457,2025-04-22,6.4,MEDIUM,3.1,0.00271,0.19288,,,,,False,Media,False,4 - Seguimiento normal,0.0173,0.0173
CVE-2025-43952,2025-04-22,6.1,MEDIUM,3.1,0.0023,0.14023,,,,,False,Media,False,4 - Seguimiento normal,0.014,0.014
CVE-2025-31328,2025-04-22,4.6,MEDIUM,3.1,0.00129,0.0294,,,,,False,Media,False,4 - Seguimiento normal,0.0059,0.0059
CVE-2025-32969,2025-04-23,9.3,CRITICAL,4.0,0.77774,0.99521,,,,,False,Crítica,True,2 - Explotación probable,7.233,7.233
CVE-2025-28020,2025-04-23,7.3,HIGH,3.1,0.00377,0.30304,,,,,False,Alta,False,4 - Seguimiento normal,0.0275,0.0275
CVE-2025-28028,2025-04-23,7.3,HIGH,3.1,0.00377,0.30305,,,,,False,Alta,False,4 - Seguimiento normal,0.0275,0.0275
CVE-2025-3900,2025-04-23,6.1,MEDIUM,3.1,0.00244,0.15692,,,,,False,Media,False,4 - Seguimiento normal,0.0149,0.0149
CVE-2024-58251,2025-04-23,2.5,LOW,3.1,0.0017,0.06703,,,,,False,Baja,False,4 - Seguimiento normal,0.0042,0.0042
CVE-2025-46466,2025-04-24,7.1,HIGH,3.1,0.00143,0.04056,,,,,False,Alta,False,4 - Seguimiento normal,0.0102,0.0102
CVE-2025-46470,2025-04-24,4.3,MEDIUM,3.1,0.00283,0.20507,,,,,False,Media,False,4 - Seguimiento normal,0.0122,0.0122
CVE-2025-2185,2025-04-25,8.5,HIGH,4.0,0.00305,0.22778,,,,,False,Alta,False,4 - Seguimiento normal,0.0259,0.0259
CVE-2025-3955,2025-04-27,5.3,MEDIUM,4.0,0.00376,0.30254,,,,,False,Media,False,4 - Seguimiento normal,0.0199,0.0199
CVE-2025-3978,2025-04-27,5.3,MEDIUM,4.0,0.00459,0.37381,,,,,False,Media,False,4 - Seguimiento normal,0.0243,0.0243
CVE-2025-0627,2025-04-28,3.5,LOW,3.1,0.00239,0.15104,,,,,False,Baja,False,4 - Seguimiento normal,0.0084,0.0084
CVE-2025-42598,2025-04-28,8.4,HIGH,4.0,0.00183,0.082,,,,,False,Alta,False,4 - Seguimiento normal,0.0154,0.0154
CVE-2025-4037,2025-04-28,4.8,MEDIUM,4.0,0.00264,0.18089,,,,,False,Media,False,4 - Seguimiento normal,0.0127,0.0127
CVE-2025-24251,2025-04-29,6.5,MEDIUM,3.1,0.00345,0.27104,,,,,False,Media,False,4 - Seguimiento normal,0.0224,0.0224
CVE-2025-23179,2025-04-29,5.5,MEDIUM,3.1,0.00171,0.06748,,,,,False,Media,False,4 - Seguimiento normal,0.0094,0.0094
CVE-2025-23180,2025-04-29,8.0,HIGH,3.1,0.00305,0.22773,,,,,False,Alta,False,4 - Seguimiento normal,0.0244,0.0244
CVE-2025-4073,2025-04-29,6.9,MEDIUM,4.0,0.00544,0.42393,,,,,False,Media,False,4 - Seguimiento normal,0.0375,0.0375
CVE-2025-4075,2025-04-29,5.3,MEDIUM,4.0,0.00372,0.29838,,,,,False,Media,False,4 - Seguimiento normal,0.0197,0.0197
CVE-2025-24346,2025-04-30,7.5,HIGH,3.1,0.00436,0.35741,,,,,False,Alta,False,4 - Seguimiento normal,0.0327,0.0327
CVE-2025-46558,2025-04-30,9.0,CRITICAL,3.1,0.00416,0.34096,,,,,False,Crítica,False,3 - Grave pero sin explotación conocida,0.0374,0.0374
CVE-2022-42449,2025-04-30,4.6,MEDIUM,3.1,0.00242,0.15472,,,,,False,Media,False,4 - Seguimiento normal,0.0111,0.0111
CVE-2025-23154,2025-05-01,5.5,MEDIUM,3.1,0.00176,0.07328,,,,,False,Media,False,4 - Seguimiento normal,0.0097,0.0097
CVE-2025-23156,2025-05-01,7.1,HIGH,3.1,0.00189,0.08804,,,,,False,Alta,False,4 - Seguimiento normal,0.0134,0.0134
CVE-2025-37740,2025-05-01,5.5,MEDIUM,3.1,0.00172,0.06899,,,,,False,Media,False,4 - Seguimiento normal,0.0095,0.0095
CVE-2025-37774,2025-05-01,5.5,MEDIUM,3.1,0.00162,0.05778,,,,,False,Media,False,4 - Seguimiento normal,0.0089,0.0089
CVE-2025-37795,2025-05-01,,,,0.0,0.0,,,,,False,Sin puntaje,False,4 - Seguimiento normal,0.0,0.0
CVE-2022-49775,2025-05-01,7.8,HIGH,3.1,0.00186,0.08464,,,,,False,Alta,False,4 - Seguimiento normal,0.0145,0.0145
CVE-2022-49786,2025-05-01,5.5,MEDIUM,3.1,0.00148,0.04483,,,,,False,Media,False,4 - Seguimiento normal,0.0081,0.0081
CVE-2022-49798,2025-05-01,4.7,MEDIUM,3.1,0.00124,0.02532,,,,,False,Media,False,4 - Seguimiento normal,0.0058,0.0058
CVE-2022-49819,2025-05-01,5.5,MEDIUM,3.1,0.00148,0.04501,,,,,False,Media,False,4 - Seguimiento normal,0.0081,0.0081
CVE-2022-49871,2025-05-01,5.5,MEDIUM,3.1,0.00191,0.0903,,,,,False,Media,False,4 - Seguimiento normal,0.0105,0.0105
CVE-2022-49881,2025-05-01,5.5,MEDIUM,3.1,0.00176,0.07417,,,,,False,Media,False,4 - Seguimiento normal,0.0097,0.0097
CVE-2022-49903,2025-05-01,5.5,MEDIUM,3.1,0.00192,0.09221,,,,,False,Media,False,4 - Seguimiento normal,0.0106,0.0106
CVE-2022-49914,2025-05-01,5.5,MEDIUM,3.1,0.00179,0.07721,,,,,False,Media,False,4 - Seguimiento normal,0.0098,0.0098
CVE-2025-44838,2025-05-01,6.3,MEDIUM,3.1,0.00885,0.5551,,,,,False,Media,False,4 - Seguimiento normal,0.0558,0.0558
CVE-2025-32882,2025-05-01,5.3,MEDIUM,3.1,0.00086,0.0042,,,,,False,Media,False,4 - Seguimiento normal,0.0046,0.0046
CVE-2025-4193,2025-05-02,6.9,MEDIUM,4.0,0.00513,0.40681,,,,,False,Media,False,4 - Seguimiento normal,0.0354,0.0354
CVE-2025-47201,2025-05-02,4.4,MEDIUM,3.1,0.00207,0.10934,,,,,False,Media,False,4 - Seguimiento normal,0.0091,0.0091
CVE-2023-53058,2025-05-02,5.5,MEDIUM,3.1,0.0019,0.08929,,,,,False,Media,False,4 - Seguimiento normal,0.0104,0.0104
CVE-2023-53062,2025-05-02,5.5,MEDIUM,3.1,0.00176,0.0741,,,,,False,Media,False,4 - Seguimiento normal,0.0097,0.0097
CVE-2023-53083,2025-05-02,5.5,MEDIUM,3.1,0.00176,0.07326,,,,,False,Media,False,4 - Seguimiento normal,0.0097,0.0097
CVE-2023-53116,2025-05-02,7.8,HIGH,3.1,0.00184,0.08305,,,,,False,Alta,False,4 - Seguimiento normal,0.0144,0.0144
CVE-2023-53143,2025-05-02,5.5,MEDIUM,3.1,0.00168,0.06386,,,,,False,Media,False,4 - Seguimiento normal,0.0092,0.0092
CVE-2025-4213,2025-05-02,6.9,MEDIUM,4.0,0.00302,0.22504,,,,,False,Media,False,4 - Seguimiento normal,0.0208,0.0208
CVE-2024-13738,2025-05-03,7.3,HIGH,3.1,0.00453,0.36967,,,,,False,Alta,False,4 - Seguimiento normal,0.0331,0.0331
CVE-2025-4270,2025-05-05,6.9,MEDIUM,4.0,0.10875,0.95392,,,,,False,Media,True,2 - Explotación probable,0.7504,0.7504
CVE-2025-4316,2025-05-05,4.3,MEDIUM,3.1,0.00333,0.25765,,,,,False,Media,False,4 - Seguimiento normal,0.0143,0.0143
CVE-2025-0217,2025-05-05,7.3,HIGH,4.0,0.00183,0.08192,,,,,False,Alta,False,4 - Seguimiento normal,0.0134,0.0134
CVE-2025-4286,2025-05-05,5.1,MEDIUM,4.0,0.0047,0.38067,,,,,False,Media,False,4 - Seguimiento normal,0.024,0.024
CVE-2025-4299,2025-05-06,8.7,HIGH,4.0,0.00727,0.50387,,,,,False,Alta,False,4 - Seguimiento normal,0.0632,0.0632
CVE-2025-21470,2025-05-06,7.8,HIGH,3.1,0.00079,0.002,,,,,False,Alta,False,4 - Seguimiento normal,0.0062,0.0062
CVE-2025-25052,2025-05-06,3.3,LOW,3.1,0.00123,0.02489,,,,,False,Baja,False,4 - Seguimiento normal,0.0041,0.0041
CVE-2025-27248,2025-05-06,3.3,LOW,3.1,0.00121,0.02292,,,,,False,Baja,False,4 - Seguimiento normal,0.004,0.004
CVE-2025-4342,2025-05-06,8.7,HIGH,4.0,0.01022,0.59918,,,,,False,Alta,False,4 - Seguimiento normal,0.0889,0.0889
CVE-2025-22477,2025-05-06,8.3,HIGH,3.1,0.00259,0.17506,,,,,False,Alta,False,4 - Seguimiento normal,0.0215,0.0215
CVE-2025-4384,2025-05-06,6.0,MEDIUM,4.0,0.00108,0.01418,,,,,False,Media,False,4 - Seguimiento normal,0.0065,0.0065
CVE-2025-45250,2025-05-06,5.5,MEDIUM,3.1,0.00245,0.15886,,,,,False,Media,False,4 - Seguimiento normal,0.0135,0.0135
CVE-2025-3844,2025-05-07,9.8,CRITICAL,3.1,0.00549,0.42688,,,,,False,Crítica,False,3 - Grave pero sin explotación conocida,0.0538,0.0538
CVE-2025-32404,2025-05-07,4.8,MEDIUM,3.1,0.00266,0.18629,,,,,False,Media,False,4 - Seguimiento normal,0.0128,0.0128
CVE-2025-47473,2025-05-07,5.4,MEDIUM,3.1,0.00136,0.0345,,,,,False,Media,False,4 - Seguimiento normal,0.0073,0.0073
CVE-2025-47503,2025-05-07,6.5,MEDIUM,3.1,0.00209,0.1119,,,,,False,Media,False,4 - Seguimiento normal,0.0136,0.0136
CVE-2025-47551,2025-05-07,4.3,MEDIUM,3.1,0.0014,0.03786,,,,,False,Media,False,4 - Seguimiento normal,0.006,0.006
CVE-2025-47621,2025-05-07,6.5,MEDIUM,3.1,0.00209,0.11195,,,,,False,Media,False,4 - Seguimiento normal,0.0136,0.0136
CVE-2025-47667,2025-05-07,5.4,MEDIUM,3.1,0.00124,0.02548,,,,,False,Media,False,4 - Seguimiento normal,0.0067,0.0067
CVE-2025-20198,2025-05-07,4.6,MEDIUM,3.1,0.00141,0.03847,,,,,False,Media,False,4 - Seguimiento normal,0.0065,0.0065
CVE-2025-46821,2025-05-07,5.3,MEDIUM,3.1,0.0022,0.12688,,,,,False,Media,False,4 - Seguimiento normal,0.0117,0.0117
CVE-2024-13793,2025-05-08,7.3,HIGH,3.1,0.00341,0.26613,,,,,False,Alta,False,4 - Seguimiento normal,0.0249,0.0249
CVE-2025-26842,2025-05-08,7.5,HIGH,3.1,0.00296,0.21825,,,,,False,Alta,False,4 - Seguimiento normal,0.0222,0.0222
CVE-2025-28073,2025-05-08,6.1,MEDIUM,3.1,0.00537,0.42025,,,,,False,Media,False,4 - Seguimiento normal,0.0328,0.0328
CVE-2025-3714,2025-05-09,9.3,CRITICAL,4.0,0.01424,0.70129,,,,,False,Crítica,False,3 - Grave pero sin explotación conocida,0.1324,0.1324
CVE-2025-4376,2025-05-09,5.3,MEDIUM,4.0,0.00559,0.43168,,,,,False,Media,False,4 - Seguimiento normal,0.0296,0.0296
CVE-2025-37851,2025-05-09,5.5,MEDIUM,3.1,0.00241,0.15412,,,,,False,Media,False,4 - Seguimiento normal,0.0133,0.0133
CVE-2025-37876,2025-05-09,5.5,MEDIUM,3.1,0.00226,0.13503,,,,,False,Media,False,4 - Seguimiento normal,0.0124,0.0124
CVE-2025-4555,2025-05-12,9.3,CRITICAL,4.0,0.00522,0.41224,,,,,False,Crítica,False,3 - Grave pero sin explotación conocida,0.0485,0.0485
CVE-2025-4558,2025-05-12,9.3,CRITICAL,4.0,0.00446,0.3652,,,,,False,Crítica,False,3 - Grave pero sin explotación conocida,0.0415,0.0415
CVE-2025-3632,2025-05-12,7.5,HIGH,3.1,0.00406,0.33273,,,,,False,Alta,False,4 - Seguimiento normal,0.0305,0.0305
CVE-2025-31207,2025-05-12,7.7,HIGH,3.1,0.00223,0.13057,,,,,False,Alta,False,4 - Seguimiento normal,0.0172,0.0172
CVE-2025-47204,2025-05-13,6.1,MEDIUM,3.1,0.00424,0.34784,,,,,False,Media,False,4 - Seguimiento normal,0.0259,0.0259
CVE-2024-36321,2025-05-13,7.3,HIGH,3.1,0.00183,0.08201,,,,,False,Alta,False,4 - Seguimiento normal,0.0134,0.0134
CVE-2025-24063,2025-05-13,7.8,HIGH,3.1,0.00587,0.44568,,,,,False,Alta,False,4 - Seguimiento normal,0.0458,0.0458
CVE-2025-26684,2025-05-13,6.7,MEDIUM,3.1,0.00398,0.32432,,,,,False,Media,False,4 - Seguimiento normal,0.0267,0.0267
CVE-2025-27488,2025-05-13,6.7,MEDIUM,3.1,0.00362,0.28816,,,,,False,Media,False,4 - Seguimiento normal,0.0243,0.0243
CVE-2025-29841,2025-05-13,7.0,HIGH,3.1,0.00327,0.25154,,,,,False,Alta,False,4 - Seguimiento normal,0.0229,0.0229
CVE-2025-29960,2025-05-13,6.5,MEDIUM,3.1,0.01259,0.66535,,,,,False,Media,False,4 - Seguimiento normal,0.0818,0.0818
CVE-2025-29962,2025-05-13,8.8,HIGH,3.1,0.09747,0.95016,,,,,False,Alta,False,4 - Seguimiento normal,0.8577,0.8577
CVE-2025-30378,2025-05-13,7.0,HIGH,3.1,0.00942,0.57366,,,,,False,Alta,False,4 - Seguimiento normal,0.0659,0.0659
CVE-2024-46895,2025-05-13,5.4,MEDIUM,4.0,0.00129,0.02966,,,,,False,Media,False,4 - Seguimiento normal,0.007,0.007
CVE-2024-48869,2025-05-13,5.6,MEDIUM,4.0,0.0012,0.0219,,,,,False,Media,False,4 - Seguimiento normal,0.0067,0.0067
CVE-2025-20006,2025-05-13,8.3,HIGH,4.0,0.00213,0.11707,,,,,False,Alta,False,4 - Seguimiento normal,0.0177,0.0177
CVE-2025-20031,2025-05-13,6.8,MEDIUM,4.0,0.00137,0.03535,,,,,False,Media,False,4 - Seguimiento normal,0.0093,0.0093
CVE-2024-13940,2025-05-14,5.5,MEDIUM,3.1,0.00213,0.11763,,,,,False,Media,False,4 - Seguimiento normal,0.0117,0.0117
CVE-2025-3931,2025-05-14,7.8,HIGH,3.1,0.00158,0.05372,,,,,False,Alta,False,4 - Seguimiento normal,0.0123,0.0123
CVE-2024-55569,2025-05-14,7.5,HIGH,3.1,0.00361,0.28671,,,,,False,Alta,False,4 - Seguimiento normal,0.0271,0.0271
CVE-2025-47886,2025-05-14,4.3,MEDIUM,3.1,0.00224,0.13192,,,,,False,Media,False,4 - Seguimiento normal,0.0096,0.0096
CVE-2025-29689,2025-05-14,6.1,MEDIUM,3.1,0.00228,0.13773,,,,,False,Media,False,4 - Seguimiento normal,0.0139,0.0139
CVE-2025-47285,2025-05-15,2.9,LOW,4.0,0.00386,0.31266,,,,,False,Baja,False,4 - Seguimiento normal,0.0112,0.0112
CVE-2025-4712,2025-05-15,6.9,MEDIUM,4.0,0.00546,0.4252,,,,,False,Media,False,4 - Seguimiento normal,0.0377,0.0377
CVE-2024-10098,2025-05-15,2.7,LOW,3.1,0.00342,0.26794,,,,,False,Baja,False,4 - Seguimiento normal,0.0092,0.0092
CVE-2024-8617,2025-05-15,4.8,MEDIUM,3.1,0.00266,0.18339,,,,,False,Media,False,4 - Seguimiento normal,0.0128,0.0128
CVE-2024-9879,2025-05-15,5.4,MEDIUM,3.1,0.00271,0.1912,,,,,False,Media,False,4 - Seguimiento normal,0.0146,0.0146
CVE-2025-4757,2025-05-16,6.9,MEDIUM,4.0,0.00438,0.35857,,,,,False,Media,False,4 - Seguimiento normal,0.0302,0.0302
CVE-2025-31639,2025-05-16,4.3,MEDIUM,3.1,0.00174,0.07156,,,,,False,Media,False,4 - Seguimiento normal,0.0075,0.0075
CVE-2025-31923,2025-05-16,5.4,MEDIUM,3.1,0.00273,0.194,,,,,False,Media,False,4 - Seguimiento normal,0.0147,0.0147
CVE-2025-32290,2025-05-16,8.5,HIGH,3.1,0.00267,0.18686,,,,,False,Alta,False,4 - Seguimiento normal,0.0227,0.0227
CVE-2025-32301,2025-05-16,8.5,HIGH,3.1,0.00267,0.18687,,,,,False,Alta,False,4 - Seguimiento normal,0.0227,0.0227
CVE-2025-4792,2025-05-16,6.9,MEDIUM,4.0,0.0062,0.46073,,,,,False,Media,False,4 - Seguimiento normal,0.0428,0.0428
CVE-2025-4807,2025-05-16,6.9,MEDIUM,4.0,0.0097,0.5825,,,,,False,Media,False,4 - Seguimiento normal,0.0669,0.0669
CVE-2025-3527,2025-05-17,6.4,MEDIUM,3.1,0.00179,0.07686,,,,,False,Media,False,4 - Seguimiento normal,0.0115,0.0115
CVE-2025-4827,2025-05-17,8.7,HIGH,4.0,0.00695,0.49194,,,,,False,Alta,False,4 - Seguimiento normal,0.0605,0.0605
CVE-2025-4831,2025-05-17,8.7,HIGH,4.0,0.00695,0.49221,,,,,False,Alta,False,4 - Seguimiento normal,0.0605,0.0605
CVE-2025-4838,2025-05-17,5.3,MEDIUM,4.0,0.00358,0.28415,,,,,False,Media,False,4 - Seguimiento normal,0.019,0.019
CVE-2025-4845,2025-05-18,6.9,MEDIUM,4.0,0.00612,0.45699,,,,,False,Media,False,4 - Seguimiento normal,0.0422,0.0422
CVE-2025-23165,2025-05-19,3.7,LOW,3.0,0.0048,0.38702,,,,,False,Baja,False,4 - Seguimiento normal,0.0178,0.0178
CVE-2025-4930,2025-05-19,6.9,MEDIUM,4.0,0.00414,0.33952,,,,,False,Media,False,4 - Seguimiento normal,0.0286,0.0286
CVE-2025-48235,2025-05-19,6.5,MEDIUM,3.1,0.00215,0.12044,,,,,False,Media,False,4 - Seguimiento normal,0.014,0.014
CVE-2025-48252,2025-05-19,6.5,MEDIUM,3.1,0.00216,0.12221,,,,,False,Media,False,4 - Seguimiento normal,0.014,0.014
CVE-2025-39353,2025-05-19,5.3,MEDIUM,3.1,0.00224,0.13188,,,,,False,Media,False,4 - Seguimiento normal,0.0119,0.0119
CVE-2025-39388,2025-05-19,5.3,MEDIUM,3.1,0.00224,0.1319,,,,,False,Media,False,4 - Seguimiento normal,0.0119,0.0119
CVE-2025-39355,2025-05-19,8.5,HIGH,3.1,0.00267,0.18686,,,,,False,Alta,False,4 - Seguimiento normal,0.0227,0.0227
CVE-2025-39393,2025-05-19,7.1,HIGH,3.1,0.00191,0.09021,,,,,False,Alta,False,4 - Seguimiento normal,0.0136,0.0136
CVE-2025-4951,2025-05-20,4.6,MEDIUM,3.1,0.00159,0.05488,,,,,False,Media,False,4 - Seguimiento normal,0.0073,0.0073
CVE-2025-37894,2025-05-20,5.5,MEDIUM,3.1,0.00164,0.05964,,,,,False,Media,False,4 - Seguimiento normal,0.009,0.009
CVE-2025-37895,2025-05-20,5.5,MEDIUM,3.1,0.00164,0.05963,,,,,False,Media,False,4 - Seguimiento normal,0.009,0.009
CVE-2025-37898,2025-05-20,5.5,MEDIUM,3.1,0.0014,0.03769,,,,,False,Media,False,4 - Seguimiento normal,0.0077,0.0077
CVE-2025-37931,2025-05-20,5.5,MEDIUM,3.1,0.0017,0.06612,,,,,False,Media,False,4 - Seguimiento normal,0.0093,0.0093
CVE-2025-37984,2025-05-20,5.5,MEDIUM,3.1,0.00154,0.05014,,,,,False,Media,False,4 - Seguimiento normal,0.0085,0.0085
CVE-2025-47852,2025-05-20,4.8,MEDIUM,3.1,0.00604,0.45317,,,,,False,Media,False,4 - Seguimiento normal,0.029,0.029
CVE-2025-44894,2025-05-20,9.8,CRITICAL,3.1,0.00453,0.36953,,,,,False,Crítica,False,3 - Grave pero sin explotación conocida,0.0444,0.0444
CVE-2021-25254,2025-05-21,8.2,HIGH,4.0,0.00461,0.37531,,,,,False,Alta,False,4 - Seguimiento normal,0.0378,0.0378
CVE-2025-27803,2025-05-21,6.5,MEDIUM,3.1,0.00425,0.34889,,,,,False,Media,False,4 - Seguimiento normal,0.0276,0.0276
CVE-2025-48012,2025-05-21,4.8,MEDIUM,3.1,0.00217,0.12255,,,,,False,Media,False,4 - Seguimiento normal,0.0104,0.0104
CVE-2025-4415,2025-05-21,4.8,MEDIUM,3.1,0.00189,0.08818,,,,,False,Media,False,4 - Seguimiento normal,0.0091,0.0091
CVE-2025-45752,2025-05-21,7.2,HIGH,3.1,0.00485,0.39011,,,,,False,Alta,False,4 - Seguimiento normal,0.0349,0.0349
CVE-2025-3481,2025-05-22,7.8,HIGH,3.1,0.00524,0.4133,,,,,False,Alta,False,4 - Seguimiento normal,0.0409,0.0409
CVE-2024-13930,2025-05-22,5.9,MEDIUM,4.0,0.0032,0.24386,,,,,False,Media,False,4 - Seguimiento normal,0.0189,0.0189
CVE-2024-40461,2025-05-22,7.8,HIGH,3.1,0.00179,0.07687,,,,,False,Alta,False,4 - Seguimiento normal,0.014,0.014
CVE-2024-41197,2025-05-22,9.8,CRITICAL,3.1,0.00516,0.40872,,,,,False,Crítica,False,3 - Grave pero sin explotación conocida,0.0506,0.0506
CVE-2025-39489,2025-05-23,9.8,CRITICAL,3.1,0.00421,0.34584,,,,,False,Crítica,False,3 - Grave pero sin explotación conocida,0.0413,0.0413
CVE-2025-46493,2025-05-23,6.5,MEDIUM,3.1,0.00209,0.11188,,,,,False,Media,False,4 - Seguimiento normal,0.0136,0.0136
CVE-2025-48756,2025-05-24,2.9,LOW,3.1,0.00276,0.19852,,,,,False,Baja,False,4 - Seguimiento normal,0.008,0.008
CVE-2025-5132,2025-05-24,5.3,MEDIUM,4.0,0.00274,0.1952,,,,,False,Media,False,4 - Seguimiento normal,0.0145,0.0145
CVE-2025-5186,2025-05-26,5.3,MEDIUM,4.0,0.00403,0.32941,,,,,False,Media,False,4 - Seguimiento normal,0.0214,0.0214
CVE-2025-5220,2025-05-27,6.9,MEDIUM,4.0,0.00588,0.44597,,,,,False,Media,False,4 - Seguimiento normal,0.0406,0.0406
CVE-2025-48797,2025-05-27,7.3,HIGH,3.1,0.00191,0.09095,,,,,False,Alta,False,4 - Seguimiento normal,0.0139,0.0139
CVE-2022-29896,2025-05-28,,,,0.0,0.0,,,,,False,Sin puntaje,False,4 - Seguimiento normal,0.0,0.0
CVE-2025-47288,2025-05-29,3.5,LOW,3.1,0.00217,0.12271,,,,,False,Baja,False,4 - Seguimiento normal,0.0076,0.0076
CVE-2025-31263,2025-05-29,9.1,CRITICAL,3.1,0.00326,0.25012,,,,,False,Crítica,False,3 - Grave pero sin explotación conocida,0.0297,0.0297
CVE-2025-5332,2025-05-29,6.9,MEDIUM,4.0,0.00472,0.38201,,,,,False,Media,False,4 - Seguimiento normal,0.0326,0.0326
CVE-2025-46352,2025-05-30,9.3,CRITICAL,4.0,0.00714,0.49911,,,,,False,Crítica,False,3 - Grave pero sin explotación conocida,0.0664,0.0664
CVE-2025-48478,2025-05-30,7.0,HIGH,4.0,0.00393,0.31978,,,,,False,Alta,False,4 - Seguimiento normal,0.0275,0.0275
CVE-2025-48489,2025-05-30,4.6,MEDIUM,4.0,0.00187,0.08619,,,,,False,Media,False,4 - Seguimiento normal,0.0086,0.0086
CVE-2025-4943,2025-05-30,6.4,MEDIUM,3.1,0.00231,0.14048,,,,,False,Media,False,4 - Seguimiento normal,0.0148,0.0148
CVE-2025-4634,2025-05-30,4.1,MEDIUM,3.1,0.00238,0.14938,,,,,False,Media,False,4 - Seguimiento normal,0.0098,0.0098
CVE-2025-5290,2025-05-31,6.4,MEDIUM,3.1,0.00246,0.15901,,,,,False,Media,False,4 - Seguimiento normal,0.0157,0.0157
CVE-2025-0073,2025-06-02,7.8,HIGH,3.1,0.00134,0.03322,,,,,False,Alta,False,4 - Seguimiento normal,0.0105,0.0105
CVE-2025-48941,2025-06-02,5.3,MEDIUM,3.1,0.00284,0.20627,,,,,False,Media,False,4 - Seguimiento normal,0.0151,0.0151
CVE-2025-23104,2025-06-02,6.5,MEDIUM,3.1,0.00213,0.11803,,,,,False,Media,False,4 - Seguimiento normal,0.0138,0.0138
CVE-2025-4047,2025-06-03,4.3,MEDIUM,3.1,0.00237,0.14839,,,,,False,Media,False,4 - Seguimiento normal,0.0102,0.0102
CVE-2025-46548,2025-06-03,6.5,MEDIUM,3.1,0.00655,0.47614,,,,,False,Media,False,4 - Seguimiento normal,0.0426,0.0426
CVE-2025-5599,2025-06-04,6.9,MEDIUM,4.0,0.00394,0.32057,,,,,False,Media,False,4 - Seguimiento normal,0.0272,0.0272
CVE-2025-5602,2025-06-04,6.9,MEDIUM,4.0,0.00448,0.36629,,,,,False,Media,False,4 - Seguimiento normal,0.0309,0.0309
CVE-2025-5635,2025-06-05,6.9,MEDIUM,4.0,0.00596,0.44918,,,,,False,Media,False,4 - Seguimiento normal,0.0411,0.0411
CVE-2025-3055,2025-06-05,8.1,HIGH,3.1,0.00703,0.49505,,,,,False,Alta,False,4 - Seguimiento normal,0.0569,0.0569
CVE-2025-27753,2025-06-05,6.5,MEDIUM,3.1,0.00202,0.10362,,,,,False,Media,False,4 - Seguimiento normal,0.0131,0.0131
CVE-2025-46257,2025-06-05,4.3,MEDIUM,3.1,0.00127,0.02723,,,,,False,Media,False,4 - Seguimiento normal,0.0055,0.0055
CVE-2025-5698,2025-06-05,5.3,MEDIUM,4.0,0.00309,0.23127,,,,,False,Media,False,4 - Seguimiento normal,0.0164,0.0164
CVE-2025-5712,2025-06-06,5.5,MEDIUM,4.0,0.00364,0.29029,,,,,False,Media,False,4 - Seguimiento normal,0.02,0.02
CVE-2025-2935,2025-06-06,5.4,MEDIUM,3.1,0.00166,0.06216,,,,,False,Media,False,4 - Seguimiento normal,0.009,0.009
CVE-2025-48903,2025-06-06,7.8,HIGH,3.1,0.0011,0.01513,,,,,False,Alta,False,4 - Seguimiento normal,0.0086,0.0086
CVE-2025-5699,2025-06-06,5.5,MEDIUM,3.1,0.00248,0.16263,,,,,False,Media,False,4 - Seguimiento normal,0.0136,0.0136
CVE-2025-28950,2025-06-06,7.1,HIGH,3.1,0.00135,0.03348,,,,,False,Alta,False,4 - Seguimiento normal,0.0096,0.0096
CVE-2025-28984,2025-06-06,4.3,MEDIUM,3.1,0.0014,0.03794,,,,,False,Media,False,4 - Seguimiento normal,0.006,0.006
CVE-2025-28996,2025-06-06,4.3,MEDIUM,3.1,0.00241,0.15395,,,,,False,Media,False,4 - Seguimiento normal,0.0104,0.0104
CVE-2025-49320,2025-06-06,5.3,MEDIUM,3.1,0.00273,0.19415,,,,,False,Media,False,4 - Seguimiento normal,0.0145,0.0145
CVE-2025-49446,2025-06-06,4.3,MEDIUM,3.1,0.00136,0.0345,,,,,False,Media,False,4 - Seguimiento normal,0.0058,0.0058
CVE-2025-49450,2025-06-06,6.5,MEDIUM,3.1,0.00174,0.0714,,,,,False,Media,False,4 - Seguimiento normal,0.0113,0.0113
CVE-2025-5764,2025-06-06,2.0,LOW,4.0,0.00252,0.16711,,,,,False,Baja,False,4 - Seguimiento normal,0.005,0.005
CVE-2025-5914,2025-06-09,7.8,HIGH,3.1,0.00326,0.24996,,,,,False,Alta,False,4 - Seguimiento normal,0.0254,0.0254
CVE-2025-49141,2025-06-09,8.5,HIGH,3.1,0.01496,0.71504,,,,,False,Alta,False,4 - Seguimiento normal,0.1272,0.1272
CVE-2025-5909,2025-06-10,7.4,HIGH,4.0,0.01111,0.6256,,,,,False,Alta,False,4 - Seguimiento normal,0.0822,0.0822
CVE-2025-5952,2025-06-10,5.5,MEDIUM,4.0,0.01694,0.74737,,,,,False,Media,False,4 - Seguimiento normal,0.0932,0.0932
CVE-2024-41797,2025-06-10,5.3,MEDIUM,4.0,0.00317,0.24079,,,,,False,Media,False,4 - Seguimiento normal,0.0168,0.0168
CVE-2025-29828,2025-06-10,8.1,HIGH,3.1,0.01151,0.63643,,,,,False,Alta,False,4 - Seguimiento normal,0.0932,0.0932
CVE-2025-33050,2025-06-10,7.5,HIGH,3.1,0.01594,0.73174,,,,,False,Alta,False,4 - Seguimiento normal,0.1195,0.1195
CVE-2025-36576,2025-06-10,2.7,LOW,3.1,0.00164,0.0604,,,,,False,Baja,False,4 - Seguimiento normal,0.0044,0.0044
CVE-2025-5971,2025-06-10,2.1,LOW,4.0,0.0049,0.39323,,,,,False,Baja,False,4 - Seguimiento normal,0.0103,0.0103
CVE-2025-43550,2025-06-10,7.8,HIGH,3.1,0.00355,0.28084,,,,,False,Alta,False,4 - Seguimiento normal,0.0277,0.0277
CVE-2025-46889,2025-06-10,5.4,MEDIUM,3.1,0.00319,0.24218,,,,,False,Media,False,4 - Seguimiento normal,0.0172,0.0172
CVE-2025-46934,2025-06-10,5.4,MEDIUM,3.1,0.0029,0.21229,,,,,False,Media,False,4 - Seguimiento normal,0.0157,0.0157
CVE-2025-46965,2025-06-10,5.4,MEDIUM,3.1,0.0029,0.21227,,,,,False,Media,False,4 - Seguimiento normal,0.0157,0.0157
CVE-2025-46991,2025-06-10,5.4,MEDIUM,3.1,0.00295,0.21725,,,,,False,Media,False,4 - Seguimiento normal,0.0159,0.0159
CVE-2025-47005,2025-06-10,5.4,MEDIUM,3.1,0.00271,0.19057,,,,,False,Media,False,4 - Seguimiento normal,0.0146,0.0146
CVE-2025-47026,2025-06-10,5.4,MEDIUM,3.1,0.00271,0.19063,,,,,False,Media,False,4 - Seguimiento normal,0.0146,0.0146
CVE-2025-47050,2025-06-10,5.4,MEDIUM,3.1,0.00271,0.19059,,,,,False,Media,False,4 - Seguimiento normal,0.0146,0.0146
CVE-2023-36636,2025-06-12,,,,0.0,0.0,,,,,False,Sin puntaje,False,4 - Seguimiento normal,0.0,0.0
CVE-2025-49815,2025-06-12,,,,0.0,0.0,,,,,False,Sin puntaje,False,4 - Seguimiento normal,0.0,0.0
CVE-2025-49200,2025-06-12,6.5,MEDIUM,3.1,0.00388,0.31468,,,,,False,Media,False,4 - Seguimiento normal,0.0252,0.0252
CVE-2024-38825,2025-06-13,6.4,MEDIUM,3.1,0.00132,0.03151,,,,,False,Media,False,4 - Seguimiento normal,0.0084,0.0084
CVE-2025-5923,2025-06-13,6.4,MEDIUM,3.1,0.0023,0.14013,,,,,False,Media,False,4 - Seguimiento normal,0.0147,0.0147
CVE-2025-45984,2025-06-13,9.8,CRITICAL,3.1,0.0179,0.76069,,,,,False,Crítica,False,3 - Grave pero sin explotación conocida,0.1754,0.1754
CVE-2025-48919,2025-06-13,5.0,MEDIUM,3.1,0.00187,0.08548,,,,,False,Media,False,4 - Seguimiento normal,0.0093,0.0093
CVE-2025-6059,2025-06-14,4.3,MEDIUM,3.1,0.0015,0.04679,,,,,False,Media,False,4 - Seguimiento normal,0.0065,0.0065
CVE-2025-4775,2025-06-17,6.4,MEDIUM,3.1,0.00186,0.08483,,,,,False,Media,False,4 - Seguimiento normal,0.0119,0.0119
CVE-2025-6162,2025-06-17,7.4,HIGH,4.0,0.00779,0.52127,,,,,False,Alta,False,4 - Seguimiento normal,0.0576,0.0576
CVE-2025-5700,2025-06-17,6.4,MEDIUM,3.1,0.0023,0.14012,,,,,False,Media,False,4 - Seguimiento normal,0.0147,0.0147
CVE-2025-6020,2025-06-17,7.8,HIGH,3.1,0.00399,0.3261,,,,,False,Alta,False,4 - Seguimiento normal,0.0311,0.0311
CVE-2025-49255,2025-06-17,8.1,HIGH,3.1,0.00496,0.397,,,,,False,Alta,False,4 - Seguimiento normal,0.0402,0.0402
CVE-2025-47866,2025-06-17,4.3,MEDIUM,3.1,0.00247,0.16103,,,,,False,Media,False,4 - Seguimiento normal,0.0106,0.0106
CVE-2025-30640,2025-06-17,7.8,HIGH,3.1,0.00156,0.05175,,,,,False,Alta,False,4 - Seguimiento normal,0.0122,0.0122
CVE-2025-49214,2025-06-17,8.8,HIGH,3.1,0.00772,0.51932,,,,,False,Alta,False,4 - Seguimiento normal,0.0679,0.0679
CVE-2025-49824,2025-06-17,1.7,LOW,4.0,0.00244,0.15765,,,,,False,Baja,False,4 - Seguimiento normal,0.0041,0.0041
CVE-2025-38006,2025-06-18,5.5,MEDIUM,3.1,0.00159,0.05478,,,,,False,Media,False,4 - Seguimiento normal,0.0087,0.0087
CVE-2025-38059,2025-06-18,5.5,MEDIUM,3.1,0.00159,0.05479,,,,,False,Media,False,4 - Seguimiento normal,0.0087,0.0087
CVE-2022-49940,2025-06-18,5.5,MEDIUM,3.1,0.0019,0.08985,,,,,False,Media,False,4 - Seguimiento normal,0.0104,0.0104
CVE-2022-49981,2025-06-18,5.5,MEDIUM,3.1,0.0021,0.11395,,,,,False,Media,False,4 - Seguimiento normal,0.0115,0.0115
CVE-2022-49991,2025-06-18,5.5,MEDIUM,3.1,0.00205,0.10753,,,,,False,Media,False,4 - Seguimiento normal,0.0113,0.0113
CVE-2022-50084,2025-06-18,7.1,HIGH,3.1,0.00168,0.06452,,,,,False,Alta,False,4 - Seguimiento normal,0.0119,0.0119
CVE-2025-6276,2025-06-19,2.1,LOW,4.0,0.00399,0.32633,,,,,False,Baja,False,4 - Seguimiento normal,0.0084,0.0084
CVE-2025-6264,2025-06-20,5.5,MEDIUM,3.1,0.00963,0.58009,,,,,False,Media,False,4 - Seguimiento normal,0.053,0.053
CVE-2025-6301,2025-06-20,1.9,LOW,4.0,0.00222,0.12995,,,,,False,Baja,False,4 - Seguimiento normal,0.0042,0.0042
CVE-2025-50011,2025-06-20,5.9,MEDIUM,3.1,0.0022,0.12682,,,,,False,Media,False,4 - Seguimiento normal,0.013,0.013
CVE-2025-50026,2025-06-20,5.9,MEDIUM,3.1,0.00218,0.12453,,,,,False,Media,False,4 - Seguimiento normal,0.0129,0.0129
CVE-2025-50046,2025-06-20,6.5,MEDIUM,3.1,0.00197,0.09679,,,,,False,Media,False,4 - Seguimiento normal,0.0128,0.0128
CVE-2025-50047,2025-06-20,6.5,MEDIUM,3.1,0.00197,0.09683,,,,,False,Media,False,4 - Seguimiento normal,0.0128,0.0128
CVE-2025-52772,2025-06-20,7.1,HIGH,3.1,0.00109,0.0146,,,,,False,Alta,False,4 - Seguimiento normal,0.0077,0.0077
CVE-2025-52782,2025-06-20,7.1,HIGH,3.1,0.00185,0.08385,,,,,False,Alta,False,4 - Seguimiento normal,0.0131,0.0131
CVE-2025-48059,2025-06-20,2.7,LOW,4.0,0.00485,0.39016,,,,,False,Baja,False,4 - Seguimiento normal,0.0131,0.0131
CVE-2025-48945,2025-06-20,8.2,HIGH,4.0,0.00389,0.31563,,,,,False,Alta,False,4 - Seguimiento normal,0.0319,0.0319
CVE-2025-6372,2025-06-20,7.4,HIGH,4.0,0.00839,0.54052,,,,,False,Alta,False,4 - Seguimiento normal,0.0621,0.0621
CVE-2025-6373,2025-06-21,7.4,HIGH,4.0,0.00762,0.51597,,,,,False,Alta,False,4 - Seguimiento normal,0.0564,0.0564
CVE-2025-6474,2025-06-22,5.5,MEDIUM,4.0,0.00394,0.32047,,,,,False,Media,False,4 - Seguimiento normal,0.0217,0.0217
CVE-2025-6486,2025-06-22,7.4,HIGH,4.0,0.00776,0.5206,,,,,False,Alta,False,4 - Seguimiento normal,0.0574,0.0574
CVE-2025-52936,2025-06-23,9.3,CRITICAL,4.0,0.00163,0.05897,,,,,False,Crítica,False,3 - Grave pero sin explotación conocida,0.0152,0.0152
CVE-2025-34039,2025-06-24,10.0,CRITICAL,4.0,0.00501,0.39985,,,,,False,Crítica,False,3 - Grave pero sin explotación conocida,0.0501,0.0501
CVE-2025-48467,2025-06-24,6.5,MEDIUM,3.1,0.00215,0.12071,,,,,False,Media,False,4 - Seguimiento normal,0.014,0.014
CVE-2025-6552,2025-06-24,2.1,LOW,4.0,0.0035,0.27593,,,,,False,Baja,False,4 - Seguimiento normal,0.0074,0.0074
CVE-2025-6432,2025-06-24,8.6,HIGH,3.1,0.00287,0.20951,,,,,False,Alta,False,4 - Seguimiento normal,0.0247,0.0247
CVE-2025-32978,2025-06-24,7.5,HIGH,3.1,0.00906,0.56171,,,,,False,Alta,False,4 - Seguimiento normal,0.0679,0.0679
CVE-2024-56918,2025-06-24,6.1,MEDIUM,3.1,0.00281,0.2034,,,,,False,Media,False,4 - Seguimiento normal,0.0171,0.0171
CVE-2024-51979,2025-06-25,7.2,HIGH,3.1,0.01056,0.60912,,,,,False,Alta,False,4 - Seguimiento normal,0.076,0.076
CVE-2024-51984,2025-06-25,6.8,MEDIUM,3.1,0.00846,0.54267,,,,,False,Media,False,4 - Seguimiento normal,0.0575,0.0575
CVE-2025-49797,2025-06-25,8.5,HIGH,4.0,0.0015,0.0469,,,,,False,Alta,False,4 - Seguimiento normal,0.0128,0.0128
CVE-2025-6604,2025-06-25,2.1,LOW,4.0,0.0037,0.29602,,,,,False,Baja,False,4 - Seguimiento normal,0.0078,0.0078
CVE-2025-49153,2025-06-25,9.3,CRITICAL,4.0,0.00662,0.47911,,,,,False,Crítica,False,3 - Grave pero sin explotación conocida,0.0616,0.0616
CVE-2025-6619,2025-06-25,2.1,LOW,4.0,0.02687,0.84288,,,,,False,Baja,False,4 - Seguimiento normal,0.0564,0.0564
CVE-2025-6537,2025-06-26,6.4,MEDIUM,3.1,0.00209,0.11255,,,,,False,Media,False,4 - Seguimiento normal,0.0134,0.0134
CVE-2025-5459,2025-06-26,8.6,HIGH,4.0,0.00425,0.34836,,,,,False,Alta,False,4 - Seguimiento normal,0.0365,0.0365
CVE-2025-48921,2025-06-26,8.8,HIGH,3.1,0.00161,0.05639,,,,,False,Alta,False,4 - Seguimiento normal,0.0142,0.0142
CVE-2025-52887,2025-06-26,7.5,HIGH,3.1,0.0043,0.35219,,,,,False,Alta,False,4 - Seguimiento normal,0.0323,0.0323
CVE-2025-52477,2025-06-26,8.6,HIGH,3.1,0.0041,0.33571,,,,,False,Alta,False,4 - Seguimiento normal,0.0353,0.0353
CVE-2025-49603,2025-06-26,9.1,CRITICAL,3.1,0.00335,0.25971,,,,,False,Crítica,False,3 - Grave pero sin explotación conocida,0.0305,0.0305
CVE-2013-1440,2025-06-26,,,,0.0,0.0,,,,,False,Sin puntaje,False,4 - Seguimiento normal,0.0,0.0
CVE-2025-6736,2025-06-27,2.1,LOW,4.0,0.00415,0.3407,,,,,False,Baja,False,4 - Seguimiento normal,0.0087,0.0087
CVE-2025-53159,2025-06-27,,,,0.0,0.0,,,,,False,Sin puntaje,False,4 - Seguimiento normal,0.0,0.0
CVE-2025-53165,2025-06-27,,,,0.0,0.0,,,,,False,Sin puntaje,False,4 - Seguimiento normal,0.0,0.0
CVE-2025-5398,2025-06-27,6.4,MEDIUM,3.1,0.00203,0.10445,,,,,False,Media,False,4 - Seguimiento normal,0.013,0.013
CVE-2025-47654,2025-06-27,7.1,HIGH,3.1,0.00215,0.12083,,,,,False,Alta,False,4 - Seguimiento normal,0.0153,0.0153
CVE-2025-53263,2025-06-27,5.4,MEDIUM,3.1,0.00136,0.03452,,,,,False,Media,False,4 - Seguimiento normal,0.0073,0.0073
CVE-2025-53311,2025-06-27,7.1,HIGH,3.1,0.00109,0.01459,,,,,False,Alta,False,4 - Seguimiento normal,0.0077,0.0077
CVE-2025-53323,2025-06-27,4.3,MEDIUM,3.1,0.00187,0.08558,,,,,False,Media,False,4 - Seguimiento normal,0.008,0.008
CVE-2025-50367,2025-06-27,6.1,MEDIUM,3.1,0.00206,0.10908,,,,,False,Media,False,4 - Seguimiento normal,0.0126,0.0126
CVE-2025-5310,2025-06-27,9.3,CRITICAL,4.0,0.00727,0.5039,,,,,False,Crítica,False,3 - Grave pero sin explotación conocida,0.0676,0.0676
CVE-2025-6772,2025-06-27,5.5,MEDIUM,4.0,0.00523,0.41265,,,,,False,Media,False,4 - Seguimiento normal,0.0288,0.0288
CVE-2025-53416,2025-06-30,7.8,HIGH,3.1,0.0026,0.17618,,,,,False,Alta,False,4 - Seguimiento normal,0.0203,0.0203
CVE-2025-52995,2025-06-30,8.0,HIGH,3.1,0.00513,0.40685,,,,,False,Alta,False,4 - Seguimiento normal,0.041,0.041
CVE-2025-41656,2025-07-01,10.0,CRITICAL,3.1,0.10521,0.95286,,,,,False,Crítica,True,2 - Explotación probable,1.0521,1.0521
CVE-2025-34063,2025-07-01,10.0,CRITICAL,4.0,0.00535,0.41927,,,,,False,Crítica,False,3 - Grave pero sin explotación conocida,0.0535,0.0535
CVE-2025-34066,2025-07-01,8.3,HIGH,4.0,0.00269,0.18864,,,,,False,Alta,False,4 - Seguimiento normal,0.0223,0.0223
CVE-2025-2330,2025-07-02,6.4,MEDIUM,3.1,0.00221,0.12806,,,,,False,Media,False,4 - Seguimiento normal,0.0141,0.0141
CVE-2025-38101,2025-07-03,7.8,HIGH,3.1,0.00167,0.0634,,,,,False,Alta,False,4 - Seguimiento normal,0.013,0.013
CVE-2025-38157,2025-07-03,7.8,HIGH,3.1,0.00162,0.05807,,,,,False,Alta,False,4 - Seguimiento normal,0.0126,0.0126
CVE-2025-38167,2025-07-03,5.5,MEDIUM,3.1,0.00141,0.03882,,,,,False,Media,False,4 - Seguimiento normal,0.0078,0.0078
CVE-2025-27460,2025-07-03,7.6,HIGH,3.1,0.00105,0.01272,,,,,False,Alta,False,4 - Seguimiento normal,0.008,0.008
CVE-2025-5961,2025-07-03,7.2,HIGH,3.1,0.48659,0.98752,,,,,False,Alta,True,2 - Explotación probable,3.5034,3.5034
CVE-2025-6238,2025-07-04,8.0,HIGH,3.1,0.0031,0.23277,,,,,False,Alta,False,4 - Seguimiento normal,0.0248,0.0248
CVE-2025-7060,2025-07-04,1.2,LOW,4.0,0.00437,0.35826,,,,,False,Baja,False,4 - Seguimiento normal,0.0052,0.0052
CVE-2025-39487,2025-07-04,7.1,HIGH,3.1,0.00222,0.12848,,,,,False,Alta,False,4 - Seguimiento normal,0.0158,0.0158
CVE-2025-38226,2025-07-04,7.8,HIGH,3.1,0.00161,0.05638,,,,,False,Alta,False,4 - Seguimiento normal,0.0126,0.0126
CVE-2025-38228,2025-07-04,5.5,MEDIUM,3.1,0.00138,0.03609,,,,,False,Media,False,4 - Seguimiento normal,0.0076,0.0076
CVE-2025-38232,2025-07-04,4.7,MEDIUM,3.1,0.00133,0.03229,,,,,False,Media,False,4 - Seguimiento normal,0.0063,0.0063
CVE-2025-43711,2025-07-05,8.1,HIGH,3.1,0.00153,0.04941,,,,,False,Alta,False,4 - Seguimiento normal,0.0124,0.0124
CVE-2024-11105,2025-07-05,,,,0.0,0.0,,,,,False,Sin puntaje,False,4 - Seguimiento normal,0.0,0.0
CVE-2025-5333,2025-07-06,9.5,CRITICAL,4.0,0.00686,0.48903,,,,,False,Crítica,False,3 - Grave pero sin explotación conocida,0.0652,0.0652
CVE-2025-6810,2025-07-07,9.8,CRITICAL,3.0,0.00738,0.50788,,,,,False,Crítica,False,3 - Grave pero sin explotación conocida,0.0723,0.0723
CVE-2025-26780,2025-07-07,7.5,HIGH,3.1,0.00343,0.26819,,,,,False,Alta,False,4 - Seguimiento normal,0.0257,0.0257
CVE-2025-53487,2025-07-07,5.4,MEDIUM,3.1,0.0017,0.06657,,,,,False,Media,False,4 - Seguimiento normal,0.0092,0.0092
CVE-2025-7136,2025-07-07,5.5,MEDIUM,4.0,0.00399,0.3258,,,,,False,Media,False,4 - Seguimiento normal,0.0219,0.0219
CVE-2025-42959,2025-07-08,8.1,HIGH,3.1,0.00488,0.39214,,,,,False,Alta,False,4 - Seguimiento normal,0.0395,0.0395
CVE-2025-42963,2025-07-08,9.1,CRITICAL,3.1,0.00715,0.49937,,,,,False,Crítica,False,3 - Grave pero sin explotación conocida,0.0651,0.0651
CVE-2025-42985,2025-07-08,6.1,MEDIUM,3.1,0.00223,0.13113,,,,,False,Media,False,4 - Seguimiento normal,0.0136,0.0136
CVE-2025-5570,2025-07-08,5.4,MEDIUM,3.1,0.0017,0.06656,,,,,False,Media,False,4 - Seguimiento normal,0.0092,0.0092
CVE-2025-7165,2025-07-08,5.5,MEDIUM,4.0,0.00454,0.37022,,,,,False,Media,False,4 - Seguimiento normal,0.025,0.025
CVE-2025-24004,2025-07-08,5.2,MEDIUM,3.1,0.00162,0.05842,,,,,False,Media,False,4 - Seguimiento normal,0.0084,0.0084
CVE-2025-6743,2025-07-08,6.4,MEDIUM,3.1,0.0017,0.06659,,,,,False,Media,False,4 - Seguimiento normal,0.0109,0.0109
CVE-2025-40736,2025-07-08,9.3,CRITICAL,4.0,0.00401,0.32798,,,,,False,Crítica,False,3 - Grave pero sin explotación conocida,0.0373,0.0373
CVE-2025-47422,2025-07-08,7.5,HIGH,3.1,0.00441,0.36151,,,,,False,Alta,False,4 - Seguimiento normal,0.0331,0.0331
CVE-2025-36600,2025-07-08,8.2,HIGH,3.1,0.00172,0.06861,,,,,False,Alta,False,4 - Seguimiento normal,0.0141,0.0141
CVE-2024-36348,2025-07-08,3.8,LOW,3.1,0.00281,0.20352,,,,,False,Baja,False,4 - Seguimiento normal,0.0107,0.0107
CVE-2024-36349,2025-07-08,3.8,LOW,3.1,0.00173,0.06948,,,,,False,Baja,False,4 - Seguimiento normal,0.0066,0.0066
CVE-2025-49733,2025-07-08,7.8,HIGH,3.1,0.00273,0.19494,,,,,False,Alta,False,4 - Seguimiento normal,0.0213,0.0213
CVE-2025-49756,2025-07-08,3.3,LOW,3.1,0.0018,0.079,,,,,False,Baja,False,4 - Seguimiento normal,0.0059,0.0059
CVE-2025-53513,2025-07-08,8.8,HIGH,3.1,0.00647,0.47263,,,,,False,Alta,False,4 - Seguimiento normal,0.0569,0.0569
CVE-2025-49543,2025-07-08,4.3,MEDIUM,3.1,0.00719,0.50111,,,,,False,Media,False,4 - Seguimiento normal,0.0309,0.0309
CVE-2025-4828,2025-07-09,9.8,CRITICAL,3.1,0.00832,0.53863,,,,,False,Crítica,False,3 - Grave pero sin explotación conocida,0.0815,0.0815
CVE-2025-7059,2025-07-09,6.4,MEDIUM,3.1,0.00224,0.13223,,,,,False,Media,False,4 - Seguimiento normal,0.0143,0.0143
CVE-2025-6742,2025-07-09,7.5,HIGH,3.1,0.00465,0.37767,,,,,False,Alta,False,4 - Seguimiento normal,0.0349,0.0349
CVE-2023-50458,2025-07-10,3.5,LOW,3.1,0.00186,0.08531,,,,,False,Baja,False,4 - Seguimiento normal,0.0065,0.0065
CVE-2025-38286,2025-07-10,7.1,HIGH,3.1,0.00174,0.0711,,,,,False,Alta,False,4 - Seguimiento normal,0.0124,0.0124
CVE-2025-38291,2025-07-10,5.5,MEDIUM,3.1,0.00137,0.0351,,,,,False,Media,False,4 - Seguimiento normal,0.0075,0.0075
CVE-2025-7424,2025-07-10,7.5,HIGH,3.1,0.012,0.64964,,,,,False,Alta,False,4 - Seguimiento normal,0.09,0.09
CVE-2025-46835,2025-07-10,8.5,HIGH,3.1,0.00296,0.21863,,,,,False,Alta,False,4 - Seguimiento normal,0.0252,0.0252
CVE-2025-23048,2025-07-10,9.1,CRITICAL,3.1,0.0097,0.58267,,,,,False,Crítica,False,3 - Grave pero sin explotación conocida,0.0883,0.0883
CVE-2025-28245,2025-07-10,6.1,MEDIUM,3.1,0.00273,0.19425,,,,,False,Media,False,4 - Seguimiento normal,0.0167,0.0167
CVE-2025-52434,2025-07-10,7.5,HIGH,3.1,0.01819,0.76486,,,,,False,Alta,False,4 - Seguimiento normal,0.1364,0.1364
CVE-2025-52520,2025-07-10,7.5,HIGH,3.1,0.0196,0.7823,,,,,False,Alta,False,4 - Seguimiento normal,0.147,0.147
CVE-2025-24798,2025-07-10,4.3,MEDIUM,3.1,0.00375,0.30081,,,,,False,Media,False,4 - Seguimiento normal,0.0161,0.0161
CVE-2025-6200,2025-07-11,5.9,MEDIUM,3.1,0.00209,0.11234,,,,,False,Media,False,4 - Seguimiento normal,0.0123,0.0123
CVE-2025-6068,2025-07-11,6.4,MEDIUM,3.1,0.00204,0.10556,,,,,False,Media,False,4 - Seguimiento normal,0.0131,0.0131
CVE-2025-30402,2025-07-11,8.1,HIGH,3.1,0.00351,0.27698,,,,,False,Alta,False,4 - Seguimiento normal,0.0284,0.0284
CVE-2025-53641,2025-07-11,8.2,HIGH,3.1,0.00247,0.16043,,,,,False,Alta,False,4 - Seguimiento normal,0.0203,0.0203
CVE-2025-7456,2025-07-11,5.5,MEDIUM,4.0,0.00399,0.3259,,,,,False,Media,False,4 - Seguimiento normal,0.0219,0.0219
CVE-2025-53878,2025-07-12,,,,0.0,0.0,,,,,False,Sin puntaje,False,4 - Seguimiento normal,0.0,0.0
CVE-2025-53879,2025-07-12,,,,0.0,0.0,,,,,False,Sin puntaje,False,4 - Seguimiento normal,0.0,0.0
CVE-2025-7468,2025-07-12,7.4,HIGH,4.0,0.00758,0.51429,,,,,False,Alta,False,4 - Seguimiento normal,0.0561,0.0561
CVE-2025-7508,2025-07-13,5.5,MEDIUM,4.0,0.00394,0.3205,,,,,False,Media,False,4 - Seguimiento normal,0.0217,0.0217
CVE-2025-7590,2025-07-14,2.1,LOW,4.0,0.00315,0.23811,,,,,False,Baja,False,4 - Seguimiento normal,0.0066,0.0066
CVE-2024-42649,2025-07-14,6.5,MEDIUM,3.1,0.00313,0.23605,,,,,False,Media,False,4 - Seguimiento normal,0.0203,0.0203
CVE-2025-50107,2025-07-15,6.1,MEDIUM,3.1,0.00283,0.20549,,,,,False,Media,False,4 - Seguimiento normal,0.0173,0.0173
CVE-2025-48150,2025-07-16,4.3,MEDIUM,3.1,0.00236,0.14708,,,,,False,Media,False,4 - Seguimiento normal,0.0101,0.0101
CVE-2025-30973,2025-07-16,9.8,CRITICAL,3.1,0.00503,0.40101,,,,,False,Crítica,False,3 - Grave pero sin explotación conocida,0.0493,0.0493
CVE-2025-31427,2025-07-16,7.1,HIGH,3.1,0.00235,0.14614,,,,,False,Alta,False,4 - Seguimiento normal,0.0167,0.0167
CVE-2025-46500,2025-07-16,7.1,HIGH,3.1,0.00235,0.14616,,,,,False,Alta,False,4 - Seguimiento normal,0.0167,0.0167
CVE-2025-34117,2025-07-16,9.3,CRITICAL,4.0,0.20075,0.97174,,,,,False,Crítica,True,2 - Explotación probable,1.867,1.867
CVE-2025-7751,2025-07-17,5.5,MEDIUM,4.0,0.00396,0.32232,,,,,False,Media,False,4 - Seguimiento normal,0.0218,0.0218
CVE-2025-7759,2025-07-17,2.1,LOW,4.0,0.00309,0.23202,,,,,False,Baja,False,4 - Seguimiento normal,0.0065,0.0065
CVE-2025-7643,2025-07-18,9.1,CRITICAL,3.1,0.00722,0.50179,,,,,False,Crítica,False,3 - Grave pero sin explotación conocida,0.0657,0.0657
CVE-2025-38349,2025-07-18,7.8,HIGH,3.1,0.00153,0.04897,,,,,False,Alta,False,4 - Seguimiento normal,0.0119,0.0119
CVE-2025-53888,2025-07-18,6.6,MEDIUM,4.0,0.00714,0.49901,,,,,False,Media,False,4 - Seguimiento normal,0.0471,0.0471
CVE-2025-49746,2025-07-18,9.9,CRITICAL,3.1,0.00692,0.49099,,,,,False,Crítica,False,3 - Grave pero sin explotación conocida,0.0685,0.0685
CVE-2025-50584,2025-07-18,4.8,MEDIUM,3.1,0.00188,0.08696,,,,,False,Media,False,4 - Seguimiento normal,0.009,0.009
CVE-2025-27210,2025-07-18,7.5,HIGH,3.0,0.09752,0.95019,,,,,False,Alta,False,4 - Seguimiento normal,0.7314,0.7314
CVE-2025-7864,2025-07-20,2.1,LOW,4.0,0.00303,0.22532,,,,,False,Baja,False,4 - Seguimiento normal,0.0064,0.0064
CVE-2025-7873,2025-07-20,2.1,LOW,4.0,0.00391,0.31766,,,,,False,Baja,False,4 - Seguimiento normal,0.0082,0.0082
CVE-2025-7878,2025-07-20,2.1,LOW,4.0,0.00481,0.38778,,,,,False,Baja,False,4 - Seguimiento normal,0.0101,0.0101
CVE-2025-7898,2025-07-20,2.0,LOW,4.0,0.004,0.32688,,,,,False,Baja,False,4 - Seguimiento normal,0.008,0.008
CVE-2025-7918,2025-07-21,9.3,CRITICAL,4.0,0.0043,0.35214,,,,,False,Crítica,False,3 - Grave pero sin explotación conocida,0.04,0.04
CVE-2025-24938,2025-07-21,8.4,HIGH,3.1,0.00303,0.2263,,,,,False,Alta,False,4 - Seguimiento normal,0.0255,0.0255
CVE-2025-7344,2025-07-21,8.7,HIGH,4.0,0.00516,0.40906,,,,,False,Alta,False,4 - Seguimiento normal,0.0449,0.0449
CVE-2025-4129,2025-07-21,7.5,HIGH,3.1,0.0038,0.30581,,,,,False,Alta,False,4 - Seguimiento normal,0.0285,0.0285
CVE-2025-44654,2025-07-21,9.8,CRITICAL,3.1,0.01018,0.59765,,,,,False,Crítica,False,3 - Grave pero sin explotación conocida,0.0998,0.0998
CVE-2025-7233,2025-07-21,5.5,MEDIUM,3.1,0.00209,0.11229,,,,,False,Media,False,4 - Seguimiento normal,0.0115,0.0115
CVE-2025-7235,2025-07-21,7.8,HIGH,3.0,0.0022,0.12705,,,,,False,Alta,False,4 - Seguimiento normal,0.0172,0.0172
CVE-2025-7269,2025-07-21,7.8,HIGH,3.0,0.0022,0.12696,,,,,False,Alta,False,4 - Seguimiento normal,0.0172,0.0172
CVE-2025-7271,2025-07-21,7.8,HIGH,3.0,0.0022,0.12701,,,,,False,Alta,False,4 - Seguimiento normal,0.0172,0.0172
CVE-2025-7281,2025-07-21,7.8,HIGH,3.0,0.0022,0.12699,,,,,False,Alta,False,4 - Seguimiento normal,0.0172,0.0172
CVE-2025-7293,2025-07-21,7.8,HIGH,3.0,0.00225,0.13285,,,,,False,Alta,False,4 - Seguimiento normal,0.0175,0.0175
CVE-2025-7295,2025-07-21,7.8,HIGH,3.0,0.00225,0.13284,,,,,False,Alta,False,4 - Seguimiento normal,0.0175,0.0175
CVE-2025-6082,2025-07-22,5.3,MEDIUM,3.1,0.01567,0.72751,,,,,False,Media,False,4 - Seguimiento normal,0.0831,0.0831
CVE-2025-34140,2025-07-22,8.7,HIGH,4.0,0.00641,0.47018,,,,,False,Alta,False,4 - Seguimiento normal,0.0558,0.0558
CVE-2025-51862,2025-07-22,6.1,MEDIUM,3.1,0.00234,0.145,,,,,False,Media,False,4 - Seguimiento normal,0.0143,0.0143
CVE-2025-51482,2025-07-22,8.8,HIGH,3.1,0.01862,0.77064,,,,,False,Alta,False,4 - Seguimiento normal,0.1639,0.1639
CVE-2025-48964,2025-07-22,6.5,MEDIUM,3.1,0.00324,0.24837,,,,,False,Media,False,4 - Seguimiento normal,0.0211,0.0211
CVE-2025-54452,2025-07-23,7.3,HIGH,3.1,0.00389,0.31565,,,,,False,Alta,False,4 - Seguimiento normal,0.0284,0.0284
CVE-2025-33020,2025-07-23,5.9,MEDIUM,3.1,0.00101,0.01062,,,,,False,Media,False,4 - Seguimiento normal,0.006,0.006
CVE-2025-50477,2025-07-23,5.4,MEDIUM,3.1,0.00304,0.22694,,,,,False,Media,False,4 - Seguimiento normal,0.0164,0.0164
CVE-2025-41420,2025-07-24,9.6,CRITICAL,3.1,0.01124,0.62914,,,,,False,Crítica,False,3 - Grave pero sin explotación conocida,0.1079,0.1079
CVE-2025-45702,2025-07-24,6.5,MEDIUM,3.1,0.00242,0.15471,,,,,False,Media,False,4 - Seguimiento normal,0.0157,0.0157
CVE-2025-8123,2025-07-24,2.1,LOW,4.0,0.00416,0.34099,,,,,False,Baja,False,4 - Seguimiento normal,0.0087,0.0087
CVE-2025-38413,2025-07-25,5.5,MEDIUM,3.1,0.00154,0.04985,,,,,False,Media,False,4 - Seguimiento normal,0.0085,0.0085
CVE-2025-38436,2025-07-25,5.5,MEDIUM,3.1,0.00126,0.02683,,,,,False,Media,False,4 - Seguimiento normal,0.0069,0.0069
CVE-2025-44608,2025-07-25,6.5,MEDIUM,3.1,0.00297,0.21902,,,,,False,Media,False,4 - Seguimiento normal,0.0193,0.0193
CVE-2025-38439,2025-07-25,5.5,MEDIUM,3.1,0.0017,0.06695,,,,,False,Media,False,4 - Seguimiento normal,0.0093,0.0093
CVE-2023-53155,2025-07-25,7.2,HIGH,3.1,0.00524,0.41328,,,,,False,Alta,False,4 - Seguimiento normal,0.0377,0.0377
CVE-2025-36727,2025-07-25,8.3,HIGH,3.1,0.00423,0.34695,,,,,False,Alta,False,4 - Seguimiento normal,0.0351,0.0351
CVE-2025-50184,2025-07-26,7.1,HIGH,4.0,0.00605,0.45371,,,,,False,Alta,False,4 - Seguimiento normal,0.043,0.043
CVE-2025-7501,2025-07-26,6.4,MEDIUM,3.1,0.00274,0.19538,,,,,False,Media,False,4 - Seguimiento normal,0.0175,0.0175
CVE-2025-8097,2025-07-26,5.3,MEDIUM,3.1,0.00319,0.24301,,,,,False,Media,False,4 - Seguimiento normal,0.0169,0.0169
CVE-2025-8182,2025-07-26,2.9,LOW,4.0,0.00427,0.34981,,,,,False,Baja,False,4 - Seguimiento normal,0.0124,0.0124
CVE-2025-6241,2025-07-27,4.4,MEDIUM,3.1,0.00164,0.06036,,,,,False,Media,False,4 - Seguimiento normal,0.0072,0.0072
CVE-2025-8104,2025-07-27,4.3,MEDIUM,3.1,0.00176,0.07344,,,,,False,Media,False,4 - Seguimiento normal,0.0076,0.0076
CVE-2025-8223,2025-07-27,2.1,LOW,4.0,0.0027,0.18928,,,,,False,Baja,False,4 - Seguimiento normal,0.0057,0.0057
CVE-2025-8240,2025-07-27,5.5,MEDIUM,4.0,0.00498,0.39788,,,,,False,Media,False,4 - Seguimiento normal,0.0274,0.0274
CVE-2025-8265,2025-07-28,2.0,LOW,4.0,0.0034,0.26475,,,,,False,Baja,False,4 - Seguimiento normal,0.0068,0.0068
CVE-2025-38480,2025-07-28,5.5,MEDIUM,3.1,0.00156,0.05233,,,,,False,Media,False,4 - Seguimiento normal,0.0086,0.0086
CVE-2025-38493,2025-07-28,5.5,MEDIUM,3.1,0.00151,0.04706,,,,,False,Media,False,4 - Seguimiento normal,0.0083,0.0083
CVE-2025-54529,2025-07-28,3.7,LOW,3.1,0.00118,0.01987,,,,,False,Baja,False,4 - Seguimiento normal,0.0044,0.0044
CVE-2025-54299,2025-07-28,9.4,CRITICAL,4.0,0.00407,0.33315,,,,,False,Crítica,False,3 - Grave pero sin explotación conocida,0.0383,0.0383
CVE-2025-50487,2025-07-28,7.1,HIGH,3.1,0.00261,0.17715,,,,,False,Alta,False,4 - Seguimiento normal,0.0185,0.0185
CVE-2025-54767,2025-07-29,6.5,MEDIUM,3.1,0.05296,0.91727,,,,,False,Media,False,4 - Seguimiento normal,0.3442,0.3442
CVE-2025-54666,2025-07-29,,,,0.0,0.0,,,,,False,Sin puntaje,False,4 - Seguimiento normal,0.0,0.0
CVE-2025-40682,2025-07-29,8.7,HIGH,4.0,0.0029,0.21168,,,,,False,Alta,False,4 - Seguimiento normal,0.0252,0.0252
CVE-2025-40686,2025-07-29,4.8,MEDIUM,4.0,0.00167,0.06274,,,,,False,Media,False,4 - Seguimiento normal,0.008,0.008
CVE-2025-54432,2025-07-29,,,,0.0,0.0,,,,,False,Sin puntaje,False,4 - Seguimiento normal,0.0,0.0
CVE-2025-33114,2025-07-29,5.3,MEDIUM,3.1,0.00299,0.22158,,,,,False,Media,False,4 - Seguimiento normal,0.0158,0.0158
CVE-2025-45346,2025-07-29,8.1,HIGH,3.1,0.00706,0.49589,,,,,False,Alta,False,4 - Seguimiento normal,0.0572,0.0572
CVE-2025-4424,2025-07-30,6.0,MEDIUM,3.1,0.00164,0.06039,,,,,False,Media,False,4 - Seguimiento normal,0.0098,0.0098
CVE-2025-54823,2025-07-31,,,,0.0,0.0,,,,,False,Sin puntaje,False,4 - Seguimiento normal,0.0,0.0
CVE-2025-8365,2025-07-31,2.0,LOW,4.0,0.00278,0.20057,,,,,False,Baja,False,4 - Seguimiento normal,0.0056,0.0056
CVE-2025-8368,2025-07-31,2.1,LOW,4.0,0.00491,0.39397,,,,,False,Baja,False,4 - Seguimiento normal,0.0103,0.0103
CVE-2025-8369,2025-07-31,2.1,LOW,4.0,0.00491,0.39396,,,,,False,Baja,False,4 - Seguimiento normal,0.0103,0.0103
CVE-2025-54757,2025-07-31,5.1,MEDIUM,4.0,0.00211,0.11591,,,,,False,Media,False,4 - Seguimiento normal,0.0108,0.0108
CVE-2025-8192,2025-07-31,6.9,MEDIUM,4.0,0.00094,0.00714,,,,,False,Media,False,4 - Seguimiento normal,0.0065,0.0065
CVE-2025-50866,2025-07-31,6.1,MEDIUM,3.1,0.00273,0.19465,,,,,False,Media,False,4 - Seguimiento normal,0.0167,0.0167
CVE-2025-48071,2025-07-31,8.4,HIGH,4.0,0.00312,0.23565,,,,,False,Alta,False,4 - Seguimiento normal,0.0262,0.0262
CVE-2025-54846,2025-08-01,,,,0.0,0.0,,,,,False,Sin puntaje,False,4 - Seguimiento normal,0.0,0.0
CVE-2025-41370,2025-08-01,9.3,CRITICAL,4.0,0.00583,0.44351,,,,,False,Crítica,False,3 - Grave pero sin explotación conocida,0.0542,0.0542
CVE-2025-45767,2025-08-01,7.0,HIGH,3.1,0.00145,0.04246,,,,,False,Alta,False,4 - Seguimiento normal,0.0101,0.0101
CVE-2012-10022,2025-08-01,8.5,HIGH,4.0,0.0035,0.27556,,,,,False,Alta,False,4 - Seguimiento normal,0.0298,0.0298
CVE-2025-6077,2025-08-02,9.8,CRITICAL,3.1,0.0069,0.49035,,,,,False,Crítica,False,3 - Grave pero sin explotación conocida,0.0676,0.0676
CVE-2023-32255,2025-08-02,5.3,MEDIUM,3.1,0.00473,0.38302,,,,,False,Media,False,4 - Seguimiento normal,0.0251,0.0251
CVE-2025-8509,2025-08-03,2.0,LOW,4.0,0.00272,0.19385,,,,,False,Baja,False,4 - Seguimiento normal,0.0054,0.0054
CVE-2025-54962,2025-08-04,6.4,MEDIUM,3.1,0.00233,0.14378,,,,,False,Media,False,4 - Seguimiento normal,0.0149,0.0149
CVE-2025-36607,2025-08-04,7.8,HIGH,3.1,0.00474,0.38362,,,,,False,Alta,False,4 - Seguimiento normal,0.037,0.037
CVE-2025-8534,2025-08-05,1.1,LOW,4.0,0.00182,0.08051,,,,,False,Baja,False,4 - Seguimiento normal,0.002,0.002
CVE-2025-54977,2025-08-05,,,,0.0,0.0,,,,,False,Sin puntaje,False,4 - Seguimiento normal,0.0,0.0
CVE-2025-8546,2025-08-05,5.5,MEDIUM,4.0,0.00454,0.37034,,,,,False,Media,False,4 - Seguimiento normal,0.025,0.025
CVE-2025-8550,2025-08-05,1.9,LOW,4.0,0.00625,0.46337,,,,,False,Baja,False,4 - Seguimiento normal,0.0119,0.0119
CVE-2025-8551,2025-08-05,2.0,LOW,4.0,0.00251,0.16637,,,,,False,Baja,False,4 - Seguimiento normal,0.005,0.005
CVE-2025-27931,2025-08-05,6.5,MEDIUM,3.1,0.00525,0.41389,,,,,False,Media,False,4 - Seguimiento normal,0.0341,0.0341
CVE-2013-10067,2025-08-05,9.4,CRITICAL,4.0,0.01029,0.60136,,,,,False,Crítica,False,3 - Grave pero sin explotación conocida,0.0967,0.0967
CVE-2025-54125,2025-08-06,8.7,HIGH,4.0,0.01285,0.67149,,,,,False,Alta,False,4 - Seguimiento normal,0.1118,0.1118
CVE-2025-54643,2025-08-06,6.6,MEDIUM,3.1,0.00096,0.00854,,,,,False,Media,False,4 - Seguimiento normal,0.0063,0.0063
CVE-2025-21016,2025-08-06,4.3,MEDIUM,3.1,0.00157,0.05257,,,,,False,Media,False,4 - Seguimiento normal,0.0068,0.0068
CVE-2025-47324,2025-08-06,7.5,HIGH,3.1,0.00186,0.08489,,,,,False,Alta,False,4 - Seguimiento normal,0.014,0.014
CVE-2025-7954,2025-08-06,6.0,MEDIUM,4.0,0.00379,0.30554,,,,,False,Media,False,4 - Seguimiento normal,0.0227,0.0227
CVE-2025-23333,2025-08-06,5.9,MEDIUM,3.1,0.00472,0.382,,,,,False,Media,False,4 - Seguimiento normal,0.0278,0.0278
CVE-2025-34149,2025-08-07,9.4,CRITICAL,4.0,0.01424,0.70136,,,,,False,Crítica,False,3 - Grave pero sin explotación conocida,0.1339,0.1339
CVE-2025-34151,2025-08-07,9.4,CRITICAL,4.0,0.0373,0.88671,,,,,False,Crítica,False,3 - Grave pero sin explotación conocida,0.3506,0.3506
CVE-2025-55137,2025-08-07,7.4,HIGH,3.1,0.00327,0.25128,,,,,False,Alta,False,4 - Seguimiento normal,0.0242,0.0242
CVE-2023-41532,2025-08-07,8.8,HIGH,3.1,0.00302,0.2241,,,,,False,Alta,False,4 - Seguimiento normal,0.0266,0.0266
CVE-2025-52586,2025-08-08,7.5,HIGH,4.0,0.0008,0.00214,,,,,False,Alta,False,4 - Seguimiento normal,0.006,0.006
CVE-2010-10013,2025-08-08,9.3,CRITICAL,4.0,0.01163,0.63972,,,,,False,Crítica,False,3 - Grave pero sin explotación conocida,0.1082,0.1082
CVE-2012-10046,2025-08-08,9.3,CRITICAL,4.0,0.02929,0.85631,,,,,False,Crítica,False,3 - Grave pero sin explotación conocida,0.2724,0.2724
CVE-2012-10049,2025-08-08,9.3,CRITICAL,4.0,0.01141,0.63329,,,,,False,Crítica,False,3 - Grave pero sin explotación conocida,0.1061,0.1061
CVE-2025-55009,2025-08-09,7.1,HIGH,3.1,0.00364,0.29032,,,,,False,Alta,False,4 - Seguimiento normal,0.0258,0.0258
CVE-2025-8839,2025-08-11,2.1,LOW,4.0,0.00328,0.25209,,,,,False,Baja,False,4 - Seguimiento normal,0.0069,0.0069
CVE-2025-53857,2025-08-11,3.7,LOW,3.1,0.00206,0.10896,,,,,False,Baja,False,4 - Seguimiento normal,0.0076,0.0076
CVE-2025-25235,2025-08-11,8.6,HIGH,3.1,0.00296,0.21794,,,,,False,Alta,False,4 - Seguimiento normal,0.0255,0.0255
CVE-2025-43736,2025-08-12,6.9,MEDIUM,4.0,0.00279,0.20129,,,,,False,Media,False,4 - Seguimiento normal,0.0193,0.0193
CVE-2025-30034,2025-08-12,6.9,MEDIUM,4.0,0.00122,0.02319,,,,,False,Media,False,4 - Seguimiento normal,0.0084,0.0084
CVE-2025-20625,2025-08-12,7.1,HIGH,4.0,0.00213,0.11707,,,,,False,Alta,False,4 - Seguimiento normal,0.0151,0.0151
CVE-2025-22840,2025-08-12,5.3,MEDIUM,4.0,0.00134,0.03317,,,,,False,Media,False,4 - Seguimiento normal,0.0071,0.0071
CVE-2025-33051,2025-08-12,7.5,HIGH,3.1,0.01215,0.65391,,,,,False,Alta,False,4 - Seguimiento normal,0.0911,0.0911
CVE-2025-50176,2025-08-12,7.8,HIGH,3.1,0.0048,0.38738,,,,,False,Alta,False,4 - Seguimiento normal,0.0374,0.0374
CVE-2025-43734,2025-08-12,5.1,MEDIUM,4.0,0.00214,0.11864,,,,,False,Media,False,4 - Seguimiento normal,0.0109,0.0109
CVE-2025-54201,2025-08-12,5.5,MEDIUM,3.1,0.00202,0.10403,,,,,False,Media,False,4 - Seguimiento normal,0.0111,0.0111
CVE-2025-55170,2025-08-12,6.5,MEDIUM,3.1,0.00437,0.35797,,,,,False,Media,False,4 - Seguimiento normal,0.0284,0.0284
CVE-2025-4410,2025-08-13,7.5,HIGH,3.1,0.00128,0.02856,,,,,False,Alta,False,4 - Seguimiento normal,0.0096,0.0096
CVE-2025-54465,2025-08-13,6.8,MEDIUM,4.0,0.00188,0.08749,,,,,False,Media,False,4 - Seguimiento normal,0.0128,0.0128
CVE-2025-54500,2025-08-13,6.9,MEDIUM,4.0,0.00475,0.38398,,,,,False,Media,False,4 - Seguimiento normal,0.0328,0.0328
CVE-2025-45316,2025-08-13,6.1,MEDIUM,3.1,0.00299,0.22094,,,,,False,Media,False,4 - Seguimiento normal,0.0182,0.0182
CVE-2025-8946,2025-08-14,5.5,MEDIUM,4.0,0.00421,0.34508,,,,,False,Media,False,4 - Seguimiento normal,0.0232,0.0232
CVE-2025-39483,2025-08-14,6.5,MEDIUM,3.1,0.00264,0.18183,,,,,False,Media,False,4 - Seguimiento normal,0.0172,0.0172
CVE-2025-52788,2025-08-14,7.1,HIGH,3.1,0.00228,0.13748,,,,,False,Alta,False,4 - Seguimiento normal,0.0162,0.0162
CVE-2025-20254,2025-08-14,5.8,MEDIUM,3.1,0.00409,0.33528,,,,,False,Media,False,4 - Seguimiento normal,0.0237,0.0237
CVE-2025-20265,2025-08-14,10.0,CRITICAL,3.1,0.14777,0.96322,,,,,False,Crítica,True,2 - Explotación probable,1.4777,1.4777
CVE-2025-8972,2025-08-14,5.5,MEDIUM,4.0,0.00421,0.34497,,,,,False,Media,False,4 - Seguimiento normal,0.0232,0.0232
CVE-2025-9000,2025-08-15,6.4,MEDIUM,4.0,0.00164,0.0599,,,,,False,Media,False,4 - Seguimiento normal,0.0105,0.0105
CVE-2025-9021,2025-08-15,5.5,MEDIUM,4.0,0.00503,0.40072,,,,,False,Media,False,4 - Seguimiento normal,0.0277,0.0277
CVE-2025-8080,2025-08-15,4.4,MEDIUM,3.1,0.00249,0.1629,,,,,False,Media,False,4 - Seguimiento normal,0.011,0.011
CVE-2025-9028,2025-08-15,5.5,MEDIUM,4.0,0.00421,0.345,,,,,False,Media,False,4 - Seguimiento normal,0.0232,0.0232
CVE-2025-38503,2025-08-16,5.5,MEDIUM,3.1,0.00145,0.04234,,,,,False,Media,False,4 - Seguimiento normal,0.008,0.008
CVE-2025-38505,2025-08-16,5.5,MEDIUM,3.1,0.00144,0.04137,,,,,False,Media,False,4 - Seguimiento normal,0.0079,0.0079
CVE-2025-38511,2025-08-16,5.5,MEDIUM,3.1,0.00144,0.04136,,,,,False,Media,False,4 - Seguimiento normal,0.0079,0.0079
CVE-2025-38524,2025-08-16,4.7,MEDIUM,3.1,0.00111,0.01553,,,,,False,Media,False,4 - Seguimiento normal,0.0052,0.0052
CVE-2025-9104,2025-08-18,2.0,LOW,4.0,0.00287,0.20897,,,,,False,Baja,False,4 - Seguimiento normal,0.0057,0.0057
CVE-2025-9135,2025-08-19,1.9,LOW,4.0,0.00279,0.2015,,,,,False,Baja,False,4 - Seguimiento normal,0.0053,0.0053
CVE-2025-38588,2025-08-19,5.5,MEDIUM,3.1,0.00157,0.05327,,,,,False,Media,False,4 - Seguimiento normal,0.0086,0.0086
CVE-2025-38598,2025-08-19,7.8,HIGH,3.1,0.00143,0.04002,,,,,False,Alta,False,4 - Seguimiento normal,0.0112,0.0112
CVE-2025-54143,2025-08-19,9.8,CRITICAL,3.1,0.00481,0.38768,,,,,False,Crítica,False,3 - Grave pero sin explotación conocida,0.0471,0.0471
CVE-2025-57748,2025-08-20,,,,0.0,0.0,,,,,False,Sin puntaje,False,4 - Seguimiento normal,0.0,0.0
CVE-2025-49891,2025-08-20,8.5,HIGH,3.1,0.00331,0.256,,,,,False,Alta,False,4 - Seguimiento normal,0.0281,0.0281
CVE-2025-54031,2025-08-20,8.1,HIGH,3.1,0.00526,0.41464,,,,,False,Alta,False,4 - Seguimiento normal,0.0426,0.0426
CVE-2025-54053,2025-08-20,6.6,MEDIUM,3.1,0.00359,0.28499,,,,,False,Media,False,4 - Seguimiento normal,0.0237,0.0237
CVE-2025-55715,2025-08-20,7.5,HIGH,3.1,0.00374,0.30045,,,,,False,Alta,False,4 - Seguimiento normal,0.028,0.028
CVE-2025-4437,2025-08-20,5.7,MEDIUM,3.1,0.0024,0.15295,,,,,False,Media,False,4 - Seguimiento normal,0.0137,0.0137
CVE-2010-20045,2025-08-20,8.5,HIGH,4.0,0.00343,0.26822,,,,,False,Alta,False,4 - Seguimiento normal,0.0292,0.0292
CVE-2025-20345,2025-08-20,4.9,MEDIUM,3.1,0.00476,0.38504,,,,,False,Media,False,4 - Seguimiento normal,0.0233,0.0233
CVE-2025-46932,2025-08-20,5.4,MEDIUM,3.1,0.00238,0.14954,,,,,False,Media,False,4 - Seguimiento normal,0.0129,0.0129
CVE-2025-43757,2025-08-20,4.8,MEDIUM,4.0,0.00215,0.12064,,,,,False,Media,False,4 - Seguimiento normal,0.0103,0.0103
CVE-2025-27217,2025-08-21,9.1,CRITICAL,3.1,0.004,0.32643,,,,,False,Crítica,False,3 - Grave pero sin explotación conocida,0.0364,0.0364
CVE-2025-9300,2025-08-21,1.9,LOW,4.0,0.00244,0.15733,,,,,False,Baja,False,4 - Seguimiento normal,0.0046,0.0046
CVE-2025-52351,2025-08-21,8.8,HIGH,3.1,0.00231,0.14093,,,,,False,Alta,False,4 - Seguimiento normal,0.0203,0.0203
CVE-2009-20002,2025-08-21,8.4,HIGH,4.0,0.0049,0.39321,,,,,False,Alta,False,4 - Seguimiento normal,0.0412,0.0412
CVE-2025-38643,2025-08-22,5.5,MEDIUM,3.1,0.00119,0.02104,,,,,False,Media,False,4 - Seguimiento normal,0.0065,0.0065
CVE-2025-55606,2025-08-22,7.5,HIGH,3.1,0.00412,0.33738,,,,,False,Alta,False,4 - Seguimiento normal,0.0309,0.0309
CVE-2025-50858,2025-08-22,6.1,MEDIUM,3.1,0.0024,0.15222,,,,,False,Media,False,4 - Seguimiento normal,0.0146,0.0146
CVE-2025-9399,2025-08-25,2.1,LOW,4.0,0.00329,0.2533,,,,,False,Baja,False,4 - Seguimiento normal,0.0069,0.0069
CVE-2025-8997,2025-08-25,5.7,MEDIUM,4.0,0.00287,0.20952,,,,,False,Media,False,4 - Seguimiento normal,0.0164,0.0164
CVE-2025-54491,2025-08-25,9.8,CRITICAL,3.1,0.00682,0.48736,,,,,False,Crítica,False,3 - Grave pero sin explotación conocida,0.0668,0.0668
CVE-2025-55409,2025-08-25,8.8,HIGH,3.1,0.00493,0.39473,,,,,False,Alta,False,4 - Seguimiento normal,0.0434,0.0434
CVE-2023-21125,2025-08-26,8.0,HIGH,3.1,0.00186,0.08518,,,,,False,Alta,False,4 - Seguimiento normal,0.0149,0.0149
CVE-2025-7732,2025-08-27,6.4,MEDIUM,3.1,0.00225,0.1327,,,,,False,Media,False,4 - Seguimiento normal,0.0144,0.0144
CVE-2025-9504,2025-08-27,5.5,MEDIUM,4.0,0.00387,0.31381,,,,,False,Media,False,4 - Seguimiento normal,0.0213,0.0213
CVE-2025-9527,2025-08-27,7.4,HIGH,4.0,0.01322,0.67921,,,,,False,Alta,False,4 - Seguimiento normal,0.0978,0.0978
CVE-2025-20241,2025-08-27,7.4,HIGH,3.1,0.00266,0.1833,,,,,False,Alta,False,4 - Seguimiento normal,0.0197,0.0197
CVE-2025-48349,2025-08-28,6.5,MEDIUM,3.1,0.00196,0.09593,,,,,False,Media,False,4 - Seguimiento normal,0.0127,0.0127
CVE-2025-53227,2025-08-28,8.1,HIGH,3.1,0.00393,0.31915,,,,,False,Alta,False,4 - Seguimiento normal,0.0318,0.0318
CVE-2025-53248,2025-08-28,8.1,HIGH,3.1,0.00404,0.3312,,,,,False,Alta,False,4 - Seguimiento normal,0.0327,0.0327
CVE-2025-53326,2025-08-28,7.5,HIGH,3.1,0.00445,0.36384,,,,,False,Alta,False,4 - Seguimiento normal,0.0334,0.0334
CVE-2025-54995,2025-08-28,6.5,MEDIUM,3.1,0.00449,0.36715,,,,,False,Media,False,4 - Seguimiento normal,0.0292,0.0292
CVE-2025-57757,2025-08-28,5.3,MEDIUM,3.1,0.00281,0.20338,,,,,False,Media,False,4 - Seguimiento normal,0.0149,0.0149
CVE-2025-9580,2025-08-28,2.1,LOW,4.0,0.06729,0.9324,,,,,False,Baja,False,4 - Seguimiento normal,0.1413,0.1413
CVE-2024-54568,2025-08-29,4.3,MEDIUM,3.1,0.00219,0.12482,,,,,False,Media,False,4 - Seguimiento normal,0.0094,0.0094
CVE-2025-9604,2025-08-29,6.3,MEDIUM,4.0,0.00223,0.13068,,,,,False,Media,False,4 - Seguimiento normal,0.014,0.014
CVE-2025-9658,2025-08-29,2.0,LOW,4.0,0.00245,0.15878,,,,,False,Baja,False,4 - Seguimiento normal,0.0049,0.0049
CVE-2025-29874,2025-08-29,5.3,MEDIUM,4.0,0.00419,0.34375,,,,,False,Media,False,4 - Seguimiento normal,0.0222,0.0222
CVE-2025-29886,2025-08-29,5.3,MEDIUM,4.0,0.00419,0.34371,,,,,False,Media,False,4 - Seguimiento normal,0.0222,0.0222
CVE-2025-43773,2025-08-29,4.6,MEDIUM,4.0,0.00267,0.18654,,,,,False,Media,False,4 - Seguimiento normal,0.0123,0.0123
CVE-2025-34165,2025-08-30,8.8,HIGH,4.0,0.00463,0.37678,,,,,False,Alta,False,4 - Seguimiento normal,0.0407,0.0407
CVE-2025-20704,2025-09-01,8.0,HIGH,3.1,0.00285,0.20682,,,,,False,Alta,False,4 - Seguimiento normal,0.0228,0.0228
CVE-2022-38694,2025-09-01,7.8,HIGH,3.1,0.00565,0.43522,,,,,False,Alta,False,4 - Seguimiento normal,0.0441,0.0441
CVE-2025-9780,2025-09-01,7.4,HIGH,4.0,0.00598,0.45053,,,,,False,Alta,False,4 - Seguimiento normal,0.0443,0.0443
CVE-2025-8302,2025-09-02,8.8,HIGH,3.0,0.00137,0.03548,,,,,False,Alta,False,4 - Seguimiento normal,0.0121,0.0121
CVE-2025-22421,2025-09-02,5.5,MEDIUM,3.1,0.00098,0.00909,,,,,False,Media,False,4 - Seguimiento normal,0.0054,0.0054
CVE-2025-22430,2025-09-02,5.5,MEDIUM,3.1,0.00093,0.0069,,,,,False,Media,False,4 - Seguimiento normal,0.0051,0.0051
CVE-2023-21473,2025-09-03,6.8,MEDIUM,3.1,0.00211,0.11443,,,,,False,Media,False,4 - Seguimiento normal,0.0143,0.0143
CVE-2025-58593,2025-09-03,6.5,MEDIUM,3.1,0.0019,0.08952,,,,,False,Media,False,4 - Seguimiento normal,0.0123,0.0123
CVE-2025-58610,2025-09-03,6.5,MEDIUM,3.1,0.0019,0.08956,,,,,False,Media,False,4 - Seguimiento normal,0.0123,0.0123
CVE-2025-58616,2025-09-03,6.5,MEDIUM,3.1,0.00308,0.23031,,,,,False,Media,False,4 - Seguimiento normal,0.02,0.02
CVE-2025-9865,2025-09-03,5.4,MEDIUM,3.1,0.00247,0.16115,,,,,False,Media,False,4 - Seguimiento normal,0.0133,0.0133
CVE-2025-9925,2025-09-03,5.5,MEDIUM,4.0,0.00409,0.33476,,,,,False,Media,False,4 - Seguimiento normal,0.0225,0.0225
CVE-2025-41059,2025-09-04,5.1,MEDIUM,4.0,0.00162,0.05805,,,,,False,Media,False,4 - Seguimiento normal,0.0083,0.0083
CVE-2025-38683,2025-09-04,5.5,MEDIUM,3.1,0.00159,0.05474,,,,,False,Media,False,4 - Seguimiento normal,0.0087,0.0087
CVE-2025-38684,2025-09-04,5.5,MEDIUM,3.1,0.0016,0.05619,,,,,False,Media,False,4 - Seguimiento normal,0.0088,0.0088
CVE-2025-26435,2025-09-04,7.8,HIGH,3.1,0.00079,0.00202,,,,,False,Alta,False,4 - Seguimiento normal,0.0062,0.0062
CVE-2025-48559,2025-09-04,5.5,MEDIUM,3.1,0.00085,0.00366,,,,,False,Media,False,4 - Seguimiento normal,0.0047,0.0047
CVE-2025-22414,2025-09-04,7.8,HIGH,3.1,0.00076,0.00127,,,,,False,Alta,False,4 - Seguimiento normal,0.0059,0.0059
CVE-2025-22415,2025-09-04,4.0,MEDIUM,3.1,0.00076,0.00129,,,,,False,Media,False,4 - Seguimiento normal,0.003,0.003
CVE-2025-58787,2025-09-05,6.5,MEDIUM,3.1,0.0019,0.08957,,,,,False,Media,False,4 - Seguimiento normal,0.0123,0.0123
CVE-2025-58792,2025-09-05,4.3,MEDIUM,3.1,0.00131,0.03055,,,,,False,Media,False,4 - Seguimiento normal,0.0056,0.0056
CVE-2025-58805,2025-09-05,5.9,MEDIUM,3.1,0.0021,0.11361,,,,,False,Media,False,4 - Seguimiento normal,0.0124,0.0124
CVE-2025-58813,2025-09-05,4.3,MEDIUM,3.1,0.0022,0.12624,,,,,False,Media,False,4 - Seguimiento normal,0.0095,0.0095
CVE-2025-58819,2025-09-05,9.1,CRITICAL,3.1,0.0032,0.24393,,,,,False,Crítica,False,3 - Grave pero sin explotación conocida,0.0291,0.0291
CVE-2025-58831,2025-09-05,4.3,MEDIUM,3.1,0.00139,0.03676,,,,,False,Media,False,4 - Seguimiento normal,0.006,0.006
CVE-2025-58864,2025-09-05,6.5,MEDIUM,3.1,0.00154,0.05035,,,,,False,Media,False,4 - Seguimiento normal,0.01,0.01
CVE-2025-58874,2025-09-05,6.5,MEDIUM,3.1,0.00154,0.05038,,,,,False,Media,False,4 - Seguimiento normal,0.01,0.01
CVE-2025-39704,2025-09-05,5.5,MEDIUM,3.1,0.00131,0.03093,,,,,False,Media,False,4 - Seguimiento normal,0.0072,0.0072
CVE-2022-50238,2025-09-08,7.4,HIGH,3.1,0.00221,0.1279,,,,,False,Alta,False,4 - Seguimiento normal,0.0164,0.0164
CVE-2025-9061,2025-09-09,6.4,MEDIUM,3.1,0.00219,0.12524,,,,,False,Media,False,4 - Seguimiento normal,0.014,0.014
CVE-2025-40803,2025-09-09,2.3,LOW,4.0,0.00163,0.05931,,,,,False,Baja,False,4 - Seguimiento normal,0.0037,0.0037
CVE-2025-9065,2025-09-09,8.6,HIGH,4.0,0.00431,0.35318,,,,,False,Alta,False,4 - Seguimiento normal,0.0371,0.0371
CVE-2025-47571,2025-09-09,7.5,HIGH,3.1,0.0043,0.352,,,,,False,Alta,False,4 - Seguimiento normal,0.0323,0.0323
CVE-2025-49430,2025-09-09,7.2,HIGH,3.1,0.0023,0.14009,,,,,False,Alta,False,4 - Seguimiento normal,0.0166,0.0166
CVE-2025-53806,2025-09-09,6.5,MEDIUM,3.1,0.01079,0.61614,,,,,False,Media,False,4 - Seguimiento normal,0.0701,0.0701
CVE-2025-54103,2025-09-09,7.4,HIGH,3.1,0.00382,0.30827,,,,,False,Alta,False,4 - Seguimiento normal,0.0283,0.0283
CVE-2025-54248,2025-09-09,7.7,HIGH,3.1,0.05247,0.91674,,,,,False,Alta,False,4 - Seguimiento normal,0.404,0.404
CVE-2025-54250,2025-09-09,4.9,MEDIUM,3.1,0.00404,0.33068,,,,,False,Media,False,4 - Seguimiento normal,0.0198,0.0198
CVE-2025-54919,2025-09-09,7.5,HIGH,3.1,0.00357,0.28339,,,,,False,Alta,False,4 - Seguimiento normal,0.0268,0.0268
CVE-2025-55052,2025-09-09,4.3,MEDIUM,3.1,0.0026,0.17672,,,,,False,Media,False,4 - Seguimiento normal,0.0112,0.0112
CVE-2025-34172,2025-09-09,4.8,MEDIUM,4.0,0.00963,0.58006,,,,,False,Media,False,4 - Seguimiento normal,0.0462,0.0462
CVE-2025-10049,2025-09-10,7.2,HIGH,3.1,0.00526,0.41425,,,,,False,Alta,False,4 - Seguimiento normal,0.0379,0.0379
CVE-2025-10142,2025-09-10,4.9,MEDIUM,3.1,0.00384,0.3108,,,,,False,Media,False,4 - Seguimiento normal,0.0188,0.0188
CVE-2025-56413,2025-09-10,8.8,HIGH,3.1,0.0123,0.65821,,,,,False,Alta,False,4 - Seguimiento normal,0.1082,0.1082
CVE-2025-10211,2025-09-10,2.1,LOW,4.0,0.00649,0.47384,,,,,False,Baja,False,4 - Seguimiento normal,0.0136,0.0136
CVE-2025-9855,2025-09-11,6.4,MEDIUM,3.1,0.0018,0.07842,,,,,False,Media,False,4 - Seguimiento normal,0.0115,0.0115
CVE-2025-10274,2025-09-12,2.1,LOW,4.0,0.00332,0.25703,,,,,False,Baja,False,4 - Seguimiento normal,0.007,0.007
CVE-2025-2256,2025-09-12,7.5,HIGH,3.1,0.0047,0.38029,,,,,False,Alta,False,4 - Seguimiento normal,0.0353,0.0353
CVE-2025-10397,2025-09-14,2.0,LOW,4.0,0.00318,0.24177,,,,,False,Baja,False,4 - Seguimiento normal,0.0064,0.0064
CVE-2025-56710,2025-09-15,7.3,HIGH,3.1,0.00183,0.08121,,,,,False,Alta,False,4 - Seguimiento normal,0.0134,0.0134
CVE-2022-50289,2025-09-15,5.5,MEDIUM,3.1,0.00149,0.04548,,,,,False,Media,False,4 - Seguimiento normal,0.0082,0.0082
CVE-2022-50295,2025-09-15,5.5,MEDIUM,3.1,0.00127,0.02774,,,,,False,Media,False,4 - Seguimiento normal,0.007,0.007
CVE-2022-50317,2025-09-15,5.5,MEDIUM,3.1,0.00146,0.04269,,,,,False,Media,False,4 - Seguimiento normal,0.008,0.008
CVE-2022-50333,2025-09-15,7.1,HIGH,3.1,0.00152,0.04806,,,,,False,Alta,False,4 - Seguimiento normal,0.0108,0.0108
CVE-2023-53207,2025-09-15,5.5,MEDIUM,3.1,0.00143,0.04072,,,,,False,Media,False,4 - Seguimiento normal,0.0079,0.0079
CVE-2023-53215,2025-09-15,7.8,HIGH,3.1,0.00155,0.05081,,,,,False,Alta,False,4 - Seguimiento normal,0.0121,0.0121
CVE-2025-52048,2025-09-15,6.5,MEDIUM,3.1,0.00244,0.15671,,,,,False,Media,False,4 - Seguimiento normal,0.0159,0.0159
CVE-2025-10473,2025-09-15,2.1,LOW,4.0,0.00367,0.2931,,,,,False,Baja,False,4 - Seguimiento normal,0.0077,0.0077
CVE-2025-43207,2025-09-15,5.5,MEDIUM,3.1,0.00183,0.08168,,,,,False,Media,False,4 - Seguimiento normal,0.0101,0.0101
CVE-2025-43307,2025-09-15,4.0,MEDIUM,3.1,0.00177,0.07508,,,,,False,Media,False,4 - Seguimiento normal,0.0071,0.0071
CVE-2025-43311,2025-09-15,5.1,MEDIUM,3.1,0.00213,0.11784,,,,,False,Media,False,4 - Seguimiento normal,0.0109,0.0109
CVE-2020-36792,2025-09-16,,,,0.0,0.0,,,,,False,Sin puntaje,False,4 - Seguimiento normal,0.0,0.0
CVE-2025-30075,2025-09-16,2.2,LOW,3.1,0.00127,0.02773,,,,,False,Baja,False,4 - Seguimiento normal,0.0028,0.0028
CVE-2022-50348,2025-09-16,5.5,MEDIUM,3.1,0.00147,0.0437,,,,,False,Media,False,4 - Seguimiento normal,0.0081,0.0081
CVE-2025-10590,2025-09-17,2.1,LOW,4.0,0.00308,0.23088,,,,,False,Baja,False,4 - Seguimiento normal,0.0065,0.0065
CVE-2025-10592,2025-09-17,2.1,LOW,4.0,0.00351,0.27649,,,,,False,Baja,False,4 - Seguimiento normal,0.0074,0.0074
CVE-2023-53367,2025-09-17,5.5,MEDIUM,3.1,0.00156,0.05225,,,,,False,Media,False,4 - Seguimiento normal,0.0086,0.0086
CVE-2025-7983,2025-09-17,7.8,HIGH,3.0,0.00206,0.10881,,,,,False,Alta,False,4 - Seguimiento normal,0.0161,0.0161
CVE-2025-10632,2025-09-18,2.0,LOW,4.0,0.00256,0.17232,,,,,False,Baja,False,4 - Seguimiento normal,0.0051,0.0051
CVE-2022-50376,2025-09-18,5.5,MEDIUM,3.1,0.00146,0.04255,,,,,False,Media,False,4 - Seguimiento normal,0.008,0.008
CVE-2022-50383,2025-09-18,5.5,MEDIUM,3.1,0.00143,0.04062,,,,,False,Media,False,4 - Seguimiento normal,0.0079,0.0079
CVE-2023-53378,2025-09-18,5.5,MEDIUM,3.1,0.00134,0.03257,,,,,False,Media,False,4 - Seguimiento normal,0.0074,0.0074
CVE-2023-53387,2025-09-18,5.5,MEDIUM,3.1,0.00134,0.03263,,,,,False,Media,False,4 - Seguimiento normal,0.0074,0.0074
CVE-2023-53391,2025-09-18,5.5,MEDIUM,3.1,0.00135,0.03369,,,,,False,Media,False,4 - Seguimiento normal,0.0074,0.0074
CVE-2023-53425,2025-09-18,5.5,MEDIUM,3.1,0.00136,0.03415,,,,,False,Media,False,4 - Seguimiento normal,0.0075,0.0075
CVE-2025-54818,2025-09-18,8.6,HIGH,4.0,0.00137,0.035,,,,,False,Alta,False,4 - Seguimiento normal,0.0118,0.0118
CVE-2025-10457,2025-09-19,4.3,MEDIUM,3.1,0.0037,0.29594,,,,,False,Media,False,4 - Seguimiento normal,0.0159,0.0159
CVE-2025-39846,2025-09-19,5.5,MEDIUM,3.1,0.00149,0.04594,,,,,False,Media,False,4 - Seguimiento normal,0.0082,0.0082
CVE-2025-55910,2025-09-19,6.3,MEDIUM,3.1,0.00207,0.1095,,,,,False,Media,False,4 - Seguimiento normal,0.013,0.013
CVE-2025-26514,2025-09-19,6.4,MEDIUM,3.1,0.00224,0.1324,,,,,False,Media,False,4 - Seguimiento normal,0.0143,0.0143
CVE-2025-26517,2025-09-19,5.4,MEDIUM,3.1,0.00178,0.07594,,,,,False,Media,False,4 - Seguimiento normal,0.0096,0.0096
CVE-2025-9883,2025-09-20,6.1,MEDIUM,3.1,0.00141,0.0383,,,,,False,Media,False,4 - Seguimiento normal,0.0086,0.0086
CVE-2025-10774,2025-09-22,2.0,LOW,4.0,0.04085,0.89654,,,,,False,Baja,False,4 - Seguimiento normal,0.0817,0.0817
CVE-2025-57430,2025-09-22,7.5,HIGH,3.1,0.00374,0.30004,,,,,False,Alta,False,4 - Seguimiento normal,0.028,0.028
CVE-2025-59413,2025-09-22,6.5,MEDIUM,3.1,0.00374,0.29984,,,,,False,Media,False,4 - Seguimiento normal,0.0243,0.0243
CVE-2025-57438,2025-09-22,6.8,MEDIUM,3.1,0.00304,0.22705,,,,,False,Media,False,4 - Seguimiento normal,0.0207,0.0207
CVE-2025-57960,2025-09-22,4.3,MEDIUM,3.1,0.00163,0.05883,,,,,False,Media,False,4 - Seguimiento normal,0.007,0.007
CVE-2025-57991,2025-09-22,5.4,MEDIUM,3.1,0.0026,0.17601,,,,,False,Media,False,4 - Seguimiento normal,0.014,0.014
CVE-2025-58221,2025-09-22,4.3,MEDIUM,3.1,0.0023,0.13928,,,,,False,Media,False,4 - Seguimiento normal,0.0099,0.0099
CVE-2025-58231,2025-09-22,6.5,MEDIUM,3.1,0.0019,0.08969,,,,,False,Media,False,4 - Seguimiento normal,0.0123,0.0123
CVE-2025-58241,2025-09-22,6.5,MEDIUM,3.1,0.00196,0.09594,,,,,False,Media,False,4 - Seguimiento normal,0.0127,0.0127
CVE-2025-58256,2025-09-22,5.9,MEDIUM,3.1,0.0021,0.11362,,,,,False,Media,False,4 - Seguimiento normal,0.0124,0.0124
CVE-2025-58654,2025-09-22,6.5,MEDIUM,3.1,0.00196,0.09586,,,,,False,Media,False,4 - Seguimiento normal,0.0127,0.0127
CVE-2025-58662,2025-09-22,7.2,HIGH,3.1,0.00436,0.35733,,,,,False,Alta,False,4 - Seguimiento normal,0.0314,0.0314
CVE-2025-58679,2025-09-22,5.3,MEDIUM,3.1,0.00263,0.17946,,,,,False,Media,False,4 - Seguimiento normal,0.0139,0.0139
CVE-2025-10832,2025-09-23,5.5,MEDIUM,4.0,0.00441,0.3608,,,,,False,Media,False,4 - Seguimiento normal,0.0243,0.0243
CVE-2025-39872,2025-09-23,5.5,MEDIUM,3.1,0.00134,0.03301,,,,,False,Media,False,4 - Seguimiento normal,0.0074,0.0074
CVE-2025-39873,2025-09-23,7.8,HIGH,3.1,0.00148,0.0443,,,,,False,Alta,False,4 - Seguimiento normal,0.0115,0.0115
CVE-2025-10845,2025-09-23,2.1,LOW,4.0,0.00394,0.32065,,,,,False,Baja,False,4 - Seguimiento normal,0.0083,0.0083
CVE-2025-59548,2025-09-23,5.9,MEDIUM,4.0,0.00175,0.07313,,,,,False,Media,False,4 - Seguimiento normal,0.0103,0.0103
CVE-2025-57636,2025-09-23,6.5,MEDIUM,3.1,0.0112,0.6281,,,,,False,Media,False,4 - Seguimiento normal,0.0728,0.0728
CVE-2025-10360,2025-09-24,6.9,MEDIUM,4.0,0.00177,0.07488,,,,,False,Media,False,4 - Seguimiento normal,0.0122,0.0122
CVE-2025-47317,2025-09-24,7.8,HIGH,3.1,0.00082,0.00281,,,,,False,Alta,False,4 - Seguimiento normal,0.0064,0.0064
CVE-2025-10894,2025-09-24,9.6,CRITICAL,3.1,0.00527,0.41508,,,,,False,Crítica,False,3 - Grave pero sin explotación conocida,0.0506,0.0506
CVE-2025-55551,2025-09-25,7.5,HIGH,3.1,0.00391,0.31722,,,,,False,Alta,False,4 - Seguimiento normal,0.0293,0.0293
CVE-2025-10964,2025-09-25,2.1,LOW,4.0,0.06807,0.93307,,,,,False,Baja,False,4 - Seguimiento normal,0.1429,0.1429
CVE-2025-8906,2025-09-26,6.4,MEDIUM,3.1,0.00185,0.08405,,,,,False,Media,False,4 - Seguimiento normal,0.0118,0.0118
CVE-2025-10867,2025-09-26,3.5,LOW,3.1,0.00305,0.22784,,,,,False,Baja,False,4 - Seguimiento normal,0.0107,0.0107
CVE-2025-59002,2025-09-26,7.7,HIGH,3.1,0.00389,0.315,,,,,False,Alta,False,4 - Seguimiento normal,0.03,0.03
CVE-2025-60098,2025-09-26,6.5,MEDIUM,3.1,0.00287,0.20952,,,,,False,Media,False,4 - Seguimiento normal,0.0187,0.0187
CVE-2025-60140,2025-09-26,5.3,MEDIUM,3.1,0.00285,0.20752,,,,,False,Media,False,4 - Seguimiento normal,0.0151,0.0151
CVE-2025-60172,2025-09-26,7.1,HIGH,3.1,0.00108,0.01411,,,,,False,Alta,False,4 - Seguimiento normal,0.0077,0.0077
CVE-2025-5069,2025-09-26,3.5,LOW,3.1,0.00228,0.1369,,,,,False,Baja,False,4 - Seguimiento normal,0.008,0.008
CVE-2025-11012,2025-09-26,1.9,LOW,4.0,0.00225,0.13274,,,,,False,Baja,False,4 - Seguimiento normal,0.0043,0.0043
CVE-2025-11018,2025-09-26,5.5,MEDIUM,4.0,0.00894,0.55801,,,,,False,Media,False,4 - Seguimiento normal,0.0492,0.0492
CVE-2025-59843,2025-09-26,6.9,MEDIUM,4.0,0.00389,0.31573,,,,,False,Media,False,4 - Seguimiento normal,0.0268,0.0268
CVE-2025-11045,2025-09-26,5.5,MEDIUM,4.0,0.02041,0.79137,,,,,False,Media,False,4 - Seguimiento normal,0.1123,0.1123
CVE-2025-11056,2025-09-27,2.1,LOW,4.0,0.00367,0.29309,,,,,False,Baja,False,4 - Seguimiento normal,0.0077,0.0077
CVE-2025-11057,2025-09-27,5.5,MEDIUM,4.0,0.00441,0.36081,,,,,False,Media,False,4 - Seguimiento normal,0.0243,0.0243
CVE-2025-11107,2025-09-28,5.5,MEDIUM,4.0,0.00384,0.31041,,,,,False,Media,False,4 - Seguimiento normal,0.0211,0.0211
CVE-2024-57412,2025-09-29,7.5,HIGH,3.1,0.00286,0.20767,,,,,False,Alta,False,4 - Seguimiento normal,0.0215,0.0215
CVE-2025-59163,2025-09-29,2.1,LOW,4.0,0.0038,0.30589,,,,,False,Baja,False,4 - Seguimiento normal,0.008,0.008
CVE-2025-43817,2025-09-29,4.8,MEDIUM,4.0,0.00199,0.10018,,,,,False,Media,False,4 - Seguimiento normal,0.0096,0.0096
CVE-2025-59937,2025-09-29,8.2,HIGH,4.0,0.00505,0.40242,,,,,False,Alta,False,4 - Seguimiento normal,0.0414,0.0414
CVE-2025-61628,2025-09-30,,,,0.0,0.0,,,,,False,Sin puntaje,False,4 - Seguimiento normal,0.0,0.0
CVE-2025-8877,2025-09-30,7.5,HIGH,3.1,0.00336,0.26123,,,,,False,Alta,False,4 - Seguimiento normal,0.0252,0.0252
CVE-2025-6033,2025-09-30,8.5,HIGH,4.0,0.00171,0.0674,,,,,False,Alta,False,4 - Seguimiento normal,0.0145,0.0145
CVE-2022-50451,2025-10-01,5.5,MEDIUM,3.1,0.00151,0.04776,,,,,False,Media,False,4 - Seguimiento normal,0.0083,0.0083
CVE-2023-53453,2025-10-01,5.5,MEDIUM,3.1,0.00146,0.04271,,,,,False,Media,False,4 - Seguimiento normal,0.008,0.008
CVE-2023-53524,2025-10-01,7.8,HIGH,3.1,0.00158,0.05364,,,,,False,Alta,False,4 - Seguimiento normal,0.0123,0.0123
CVE-2025-52042,2025-10-01,8.2,HIGH,3.1,0.00305,0.22748,,,,,False,Alta,False,4 - Seguimiento normal,0.025,0.025
CVE-2025-23297,2025-10-01,7.8,HIGH,3.1,0.00137,0.03526,,,,,False,Alta,False,4 - Seguimiento normal,0.0107,0.0107
CVE-2025-56379,2025-10-02,5.4,MEDIUM,3.1,0.00382,0.30807,,,,,False,Media,False,4 - Seguimiento normal,0.0206,0.0206
CVE-2025-56019,2025-10-02,6.5,MEDIUM,3.1,0.00308,0.23073,,,,,False,Media,False,4 - Seguimiento normal,0.02,0.02
CVE-2025-61603,2025-10-02,9.4,CRITICAL,4.0,0.00397,0.32321,,,,,False,Crítica,False,3 - Grave pero sin explotación conocida,0.0373,0.0373
CVE-2025-44012,2025-10-03,7.1,HIGH,4.0,0.0046,0.37482,,,,,False,Alta,False,4 - Seguimiento normal,0.0327,0.0327
CVE-2025-39936,2025-10-04,5.5,MEDIUM,3.1,0.00134,0.03263,,,,,False,Media,False,4 - Seguimiento normal,0.0074,0.0074
CVE-2025-39937,2025-10-04,5.5,MEDIUM,3.1,0.00137,0.03506,,,,,False,Media,False,4 - Seguimiento normal,0.0075,0.0075
CVE-2023-53542,2025-10-04,5.5,MEDIUM,3.1,0.00146,0.04255,,,,,False,Media,False,4 - Seguimiento normal,0.008,0.008
CVE-2023-53564,2025-10-04,5.5,MEDIUM,3.1,0.00136,0.03413,,,,,False,Media,False,4 - Seguimiento normal,0.0075,0.0075
CVE-2023-53577,2025-10-04,7.8,HIGH,3.1,0.00144,0.04087,,,,,False,Alta,False,4 - Seguimiento normal,0.0112,0.0112
CVE-2023-53610,2025-10-04,5.5,MEDIUM,3.1,0.00135,0.03352,,,,,False,Media,False,4 - Seguimiento normal,0.0074,0.0074
CVE-2025-11273,2025-10-04,2.1,LOW,4.0,0.00304,0.22734,,,,,False,Baja,False,4 - Seguimiento normal,0.0064,0.0064
CVE-2025-11319,2025-10-06,2.1,LOW,4.0,0.00229,0.13799,,,,,False,Baja,False,4 - Seguimiento normal,0.0048,0.0048
CVE-2025-11320,2025-10-06,2.1,LOW,4.0,0.00305,0.22755,,,,,False,Baja,False,4 - Seguimiento normal,0.0064,0.0064
CVE-2025-58580,2025-10-06,6.5,MEDIUM,3.1,0.00341,0.26614,,,,,False,Media,False,4 - Seguimiento normal,0.0222,0.0222
CVE-2025-58582,2025-10-06,5.3,MEDIUM,3.1,0.00516,0.40863,,,,,False,Media,False,4 - Seguimiento normal,0.0273,0.0273
CVE-2025-59732,2025-10-06,8.7,HIGH,4.0,0.00156,0.05229,,,,,False,Alta,False,4 - Seguimiento normal,0.0136,0.0136
CVE-2025-11346,2025-10-06,5.3,MEDIUM,4.0,0.00408,0.33419,,,,,False,Media,False,4 - Seguimiento normal,0.0216,0.0216
CVE-2025-11353,2025-10-07,2.1,LOW,4.0,0.00299,0.22137,,,,,False,Baja,False,4 - Seguimiento normal,0.0063,0.0063
CVE-2022-50510,2025-10-07,5.5,MEDIUM,3.1,0.00147,0.04371,,,,,False,Media,False,4 - Seguimiento normal,0.0081,0.0081
CVE-2022-50548,2025-10-07,5.5,MEDIUM,3.1,0.00184,0.08231,,,,,False,Media,False,4 - Seguimiento normal,0.0101,0.0101
CVE-2023-53649,2025-10-07,5.5,MEDIUM,3.1,0.00184,0.08261,,,,,False,Media,False,4 - Seguimiento normal,0.0101,0.0101
CVE-2023-53655,2025-10-07,5.5,MEDIUM,3.1,0.00162,0.05817,,,,,False,Media,False,4 - Seguimiento normal,0.0089,0.0089
CVE-2023-53682,2025-10-07,5.5,MEDIUM,3.1,0.00133,0.03247,,,,,False,Media,False,4 - Seguimiento normal,0.0073,0.0073
CVE-2025-43905,2025-10-07,4.3,MEDIUM,3.1,0.00308,0.23078,,,,,False,Media,False,4 - Seguimiento normal,0.0132,0.0132
CVE-2025-11425,2025-10-08,1.9,LOW,4.0,0.00241,0.15333,,,,,False,Baja,False,4 - Seguimiento normal,0.0046,0.0046
CVE-2025-61672,2025-10-08,5.3,MEDIUM,4.0,0.00434,0.35547,,,,,False,Media,False,4 - Seguimiento normal,0.023,0.023
CVE-2025-11494,2025-10-08,1.9,LOW,4.0,0.00198,0.09874,,,,,False,Baja,False,4 - Seguimiento normal,0.0038,0.0038
CVE-2025-11529,2025-10-09,5.5,MEDIUM,4.0,0.00555,0.4297,,,,,False,Media,False,4 - Seguimiento normal,0.0305,0.0305
CVE-2025-39664,2025-10-09,7.1,HIGH,4.0,0.00647,0.47257,,,,,False,Alta,False,4 - Seguimiento normal,0.0459,0.0459
CVE-2025-59986,2025-10-09,5.1,MEDIUM,4.0,0.00207,0.10984,,,,,False,Media,False,4 - Seguimiento normal,0.0106,0.0106
CVE-2025-21051,2025-10-10,4.0,MEDIUM,3.1,0.00118,0.02005,,,,,False,Media,False,4 - Seguimiento normal,0.0047,0.0047
CVE-2025-62237,2025-10-10,4.8,MEDIUM,4.0,0.00207,0.10931,,,,,False,Media,False,4 - Seguimiento normal,0.0099,0.0099
CVE-2025-11254,2025-10-11,4.3,MEDIUM,3.1,0.00319,0.24291,,,,,False,Media,False,4 - Seguimiento normal,0.0137,0.0137
CVE-2025-9975,2025-10-11,6.8,MEDIUM,3.1,0.0032,0.24396,,,,,False,Media,False,4 - Seguimiento normal,0.0218,0.0218
CVE-2025-11659,2025-10-13,5.5,MEDIUM,4.0,0.00547,0.42564,,,,,False,Media,False,4 - Seguimiento normal,0.0301,0.0301
CVE-2025-62364,2025-10-13,6.2,MEDIUM,3.1,0.00531,0.4174,,,,,False,Media,False,4 - Seguimiento normal,0.0329,0.0329
CVE-2025-41707,2025-10-14,5.3,MEDIUM,3.1,0.01473,0.71107,,,,,False,Media,False,4 - Seguimiento normal,0.0781,0.0781
CVE-2025-47856,2025-10-14,7.2,HIGH,3.1,0.01358,0.68805,,,,,False,Alta,False,4 - Seguimiento normal,0.0978,0.0978
CVE-2024-26008,2025-10-14,5.3,MEDIUM,3.1,0.0044,0.36039,,,,,False,Media,False,4 - Seguimiento normal,0.0233,0.0233
CVE-2025-46774,2025-10-14,7.5,HIGH,3.1,0.00077,0.00143,,,,,False,Alta,False,4 - Seguimiento normal,0.0058,0.0058
CVE-2025-59195,2025-10-14,7.0,HIGH,3.1,0.00234,0.14435,,,,,False,Alta,False,4 - Seguimiento normal,0.0164,0.0164
CVE-2025-59207,2025-10-14,7.8,HIGH,3.1,0.00396,0.32265,,,,,False,Alta,False,4 - Seguimiento normal,0.0309,0.0309
CVE-2025-59225,2025-10-14,7.8,HIGH,3.1,0.00355,0.28141,,,,,False,Alta,False,4 - Seguimiento normal,0.0277,0.0277
CVE-2025-59236,2025-10-14,8.4,HIGH,3.1,0.00388,0.31467,,,,,False,Alta,False,4 - Seguimiento normal,0.0326,0.0326
CVE-2025-59238,2025-10-14,7.8,HIGH,3.1,0.00355,0.28142,,,,,False,Alta,False,4 - Seguimiento normal,0.0277,0.0277
CVE-2025-59248,2025-10-14,7.5,HIGH,3.1,0.00943,0.57374,,,,,False,Alta,False,4 - Seguimiento normal,0.0707,0.0707
CVE-2025-59254,2025-10-14,7.8,HIGH,3.1,0.01049,0.60714,,,,,False,Alta,False,4 - Seguimiento normal,0.0818,0.0818
CVE-2025-59494,2025-10-14,7.8,HIGH,3.1,0.00592,0.44773,,,,,False,Alta,False,4 - Seguimiento normal,0.0462,0.0462
CVE-2025-59502,2025-10-14,7.5,HIGH,3.1,0.00992,0.58944,,,,,False,Alta,False,4 - Seguimiento normal,0.0744,0.0744
CVE-2025-33182,2025-10-14,7.6,HIGH,3.1,0.003,0.22232,,,,,False,Alta,False,4 - Seguimiento normal,0.0228,0.0228
CVE-2025-26860,2025-10-15,8.5,HIGH,4.0,0.0016,0.05614,,,,,False,Alta,False,4 - Seguimiento normal,0.0136,0.0136
CVE-2025-11196,2025-10-15,4.3,MEDIUM,3.1,0.00251,0.16574,,,,,False,Media,False,4 - Seguimiento normal,0.0108,0.0108
CVE-2025-54499,2025-10-16,3.1,LOW,3.1,0.00251,0.16615,,,,,False,Baja,False,4 - Seguimiento normal,0.0078,0.0078
CVE-2025-54539,2025-10-16,9.8,CRITICAL,3.1,0.02079,0.79529,,,,,False,Crítica,False,3 - Grave pero sin explotación conocida,0.2037,0.2037
CVE-2025-58075,2025-10-16,8.1,HIGH,3.1,0.00314,0.2372,,,,,False,Alta,False,4 - Seguimiento normal,0.0254,0.0254
CVE-2025-62586,2025-10-16,8.9,HIGH,4.0,0.00672,0.48295,,,,,False,Alta,False,4 - Seguimiento normal,0.0598,0.0598
CVE-2025-48044,2025-10-17,8.6,HIGH,4.0,0.00805,0.53013,,,,,False,Alta,False,4 - Seguimiento normal,0.0692,0.0692
CVE-2025-48087,2025-10-17,6.5,MEDIUM,3.1,0.0025,0.16482,,,,,False,Media,False,4 - Seguimiento normal,0.0163,0.0163
CVE-2025-60279,2025-10-17,9.6,CRITICAL,3.1,0.00402,0.32893,,,,,False,Crítica,False,3 - Grave pero sin explotación conocida,0.0386,0.0386
CVE-2025-62644,2025-10-17,5.0,MEDIUM,3.1,0.00427,0.35011,,,,,False,Media,False,4 - Seguimiento normal,0.0214,0.0214
CVE-2025-10187,2025-10-18,4.9,MEDIUM,3.1,0.00383,0.30885,,,,,False,Media,False,4 - Seguimiento normal,0.0188,0.0188
CVE-2025-11940,2025-10-19,7.3,HIGH,4.0,0.00163,0.05897,,,,,False,Alta,False,4 - Seguimiento normal,0.0119,0.0119
CVE-2025-11946,2025-10-19,2.0,LOW,4.0,0.00337,0.26187,,,,,False,Baja,False,4 - Seguimiento normal,0.0067,0.0067
CVE-2025-40009,2025-10-20,,,,0.00225,0.13312,,,,,False,Sin puntaje,False,4 - Seguimiento normal,0.0,0.0
CVE-2025-7850,2025-10-21,9.3,CRITICAL,4.0,0.01954,0.78166,,,,,False,Crítica,False,3 - Grave pero sin explotación conocida,0.1817,0.1817
CVE-2025-62699,2025-10-21,6.9,MEDIUM,4.0,0.00347,0.27217,,,,,False,Media,False,4 - Seguimiento normal,0.0239,0.0239
CVE-2025-56801,2025-10-21,5.1,MEDIUM,3.1,0.00132,0.03172,,,,,False,Media,False,4 - Seguimiento normal,0.0067,0.0067
CVE-2025-50074,2025-10-21,4.9,MEDIUM,3.1,0.00368,0.29423,,,,,False,Media,False,4 - Seguimiento normal,0.018,0.018
CVE-2025-53050,2025-10-21,7.5,HIGH,3.1,0.00401,0.32736,,,,,False,Alta,False,4 - Seguimiento normal,0.0301,0.0301
CVE-2025-61750,2025-10-21,4.3,MEDIUM,3.1,0.00267,0.1867,,,,,False,Media,False,4 - Seguimiento normal,0.0115,0.0115
CVE-2025-62476,2025-10-21,4.9,MEDIUM,3.1,0.00311,0.23413,,,,,False,Media,False,4 - Seguimiento normal,0.0152,0.0152
CVE-2025-62591,2025-10-21,6.0,MEDIUM,3.1,0.00189,0.08759,,,,,False,Media,False,4 - Seguimiento normal,0.0113,0.0113
CVE-2025-48092,2025-10-22,7.1,HIGH,3.1,0.0028,0.20226,,,,,False,Alta,False,4 - Seguimiento normal,0.0199,0.0199
CVE-2025-52750,2025-10-22,7.1,HIGH,3.1,0.00233,0.14322,,,,,False,Alta,False,4 - Seguimiento normal,0.0165,0.0165
CVE-2025-52760,2025-10-22,7.1,HIGH,3.1,0.00235,0.14588,,,,,False,Alta,False,4 - Seguimiento normal,0.0167,0.0167
CVE-2025-53421,2025-10-22,6.5,MEDIUM,3.1,0.00294,0.2166,,,,,False,Media,False,4 - Seguimiento normal,0.0191,0.0191
CVE-2025-57870,2025-10-22,10.0,CRITICAL,3.1,0.00506,0.40289,,,,,False,Crítica,False,3 - Grave pero sin explotación conocida,0.0506,0.0506
CVE-2025-59575,2025-10-22,4.9,MEDIUM,3.1,0.00288,0.20991,,,,,False,Media,False,4 - Seguimiento normal,0.0141,0.0141
CVE-2025-62020,2025-10-22,7.1,HIGH,3.1,0.00233,0.14329,,,,,False,Alta,False,4 - Seguimiento normal,0.0165,0.0165
CVE-2025-8677,2025-10-22,7.5,HIGH,3.1,0.11203,0.95497,,,,,False,Alta,True,2 - Explotación probable,0.8402,0.8402
CVE-2025-11575,2025-10-23,8.8,HIGH,4.0,0.00125,0.02606,,,,,False,Alta,False,4 - Seguimiento normal,0.011,0.011
CVE-2025-10914,2025-10-23,7.6,HIGH,3.1,0.0024,0.15305,,,,,False,Alta,False,4 - Seguimiento normal,0.0182,0.0182
CVE-2025-9981,2025-10-23,4.8,MEDIUM,4.0,0.0018,0.07884,,,,,False,Media,False,4 - Seguimiento normal,0.0086,0.0086
CVE-2025-62832,2025-10-24,,,,0.0,0.0,,,,,False,Sin puntaje,False,4 - Seguimiento normal,0.0,0.0
CVE-2025-10680,2025-10-24,8.8,HIGH,3.1,0.07087,0.9355,,,,,False,Alta,False,4 - Seguimiento normal,0.6237,0.6237
CVE-2025-40018,2025-10-24,,,,0.00197,0.09748,,,,,False,Sin puntaje,False,4 - Seguimiento normal,0.0,0.0
CVE-2025-60735,2025-10-24,7.6,HIGH,3.1,0.00246,0.16005,,,,,False,Alta,False,4 - Seguimiento normal,0.0187,0.0187
CVE-2025-10497,2025-10-27,7.5,HIGH,3.1,0.00602,0.45213,,,,,False,Alta,False,4 - Seguimiento normal,0.0452,0.0452
CVE-2025-62916,2025-10-27,5.4,MEDIUM,3.1,0.00241,0.15415,,,,,False,Media,False,4 - Seguimiento normal,0.013,0.013
CVE-2025-11154,2025-10-27,5.4,MEDIUM,3.1,0.00133,0.03252,,,,,False,Media,False,4 - Seguimiento normal,0.0072,0.0072
CVE-2025-12293,2025-10-27,5.5,MEDIUM,4.0,0.00387,0.31395,,,,,False,Media,False,4 - Seguimiento normal,0.0213,0.0213
CVE-2025-12316,2025-10-27,5.5,MEDIUM,4.0,0.00387,0.31394,,,,,False,Media,False,4 - Seguimiento normal,0.0213,0.0213
CVE-2025-12327,2025-10-27,2.1,LOW,4.0,0.00249,0.16304,,,,,False,Baja,False,4 - Seguimiento normal,0.0052,0.0052
CVE-2025-43024,2025-10-28,5.1,MEDIUM,4.0,0.00258,0.17425,,,,,False,Media,False,4 - Seguimiento normal,0.0132,0.0132
CVE-2025-12346,2025-10-28,2.1,LOW,4.0,0.00365,0.29125,,,,,False,Baja,False,4 - Seguimiento normal,0.0077,0.0077
CVE-2025-40031,2025-10-28,,,,0.00199,0.09969,,,,,False,Sin puntaje,False,4 - Seguimiento normal,0.0,0.0
CVE-2025-40042,2025-10-28,,,,0.00212,0.116,,,,,False,Sin puntaje,False,4 - Seguimiento normal,0.0,0.0
CVE-2025-40072,2025-10-28,,,,0.00174,0.07067,,,,,False,Sin puntaje,False,4 - Seguimiento normal,0.0,0.0
CVE-2025-12103,2025-10-28,5.0,MEDIUM,3.1,0.00239,0.15106,,,,,False,Media,False,4 - Seguimiento normal,0.012,0.012
CVE-2025-64161,2025-10-29,,,,0.0,0.0,,,,,False,Sin puntaje,False,4 - Seguimiento normal,0.0,0.0
CVE-2025-64216,2025-10-29,7.5,HIGH,3.1,0.00361,0.28665,,,,,False,Alta,False,4 - Seguimiento normal,0.0271,0.0271
CVE-2024-45161,2025-10-29,4.6,MEDIUM,3.1,0.00138,0.0365,,,,,False,Media,False,4 - Seguimiento normal,0.0063,0.0063
CVE-2025-64146,2025-10-29,4.3,MEDIUM,3.1,0.00161,0.05721,,,,,False,Media,False,4 - Seguimiento normal,0.0069,0.0069
CVE-2025-61876,2025-10-29,5.0,MEDIUM,3.1,0.002,0.10048,,,,,False,Media,False,4 - Seguimiento normal,0.01,0.01
CVE-2025-10925,2025-10-29,7.8,HIGH,3.0,0.02814,0.85054,,,,,False,Alta,False,4 - Seguimiento normal,0.2195,0.2195
CVE-2025-12083,2025-10-30,6.1,MEDIUM,3.1,0.00188,0.08723,,,,,False,Media,False,4 - Seguimiento normal,0.0115,0.0115
CVE-2025-40103,2025-10-30,,,,0.00193,0.09239,,,,,False,Sin puntaje,False,4 - Seguimiento normal,0.0,0.0
CVE-2025-64096,2025-10-30,8.8,HIGH,3.0,0.00475,0.38387,,,,,False,Alta,False,4 - Seguimiento normal,0.0418,0.0418
CVE-2025-64118,2025-10-30,6.1,MEDIUM,4.0,0.00126,0.02698,,,,,False,Media,False,4 - Seguimiento normal,0.0077,0.0077
CVE-2025-3356,2025-10-30,8.6,HIGH,3.1,0.00395,0.32213,,,,,False,Alta,False,4 - Seguimiento normal,0.034,0.034
CVE-2018-25122,2025-10-30,8.7,HIGH,4.0,0.01563,0.72694,,,,,False,Alta,False,4 - Seguimiento normal,0.136,0.136
CVE-2021-47696,2025-10-30,5.1,MEDIUM,4.0,0.00416,0.34118,,,,,False,Media,False,4 - Seguimiento normal,0.0212,0.0212
CVE-2022-50584,2025-10-30,5.1,MEDIUM,4.0,0.00392,0.3179,,,,,False,Media,False,4 - Seguimiento normal,0.02,0.02
CVE-2025-63464,2025-10-31,7.5,HIGH,3.1,0.00376,0.3024,,,,,False,Alta,False,4 - Seguimiento normal,0.0282,0.0282
CVE-2025-60711,2025-10-31,6.3,MEDIUM,3.1,0.00375,0.3009,,,,,False,Media,False,4 - Seguimiento normal,0.0236,0.0236
CVE-2025-12464,2025-10-31,6.2,MEDIUM,3.1,0.00165,0.06064,,,,,False,Media,False,4 - Seguimiento normal,0.0102,0.0102
CVE-2025-43386,2025-11-04,7.8,HIGH,3.1,0.00205,0.10729,,,,,False,Alta,False,4 - Seguimiento normal,0.016,0.016
CVE-2025-43412,2025-11-04,6.3,MEDIUM,3.1,0.00162,0.05796,,,,,False,Media,False,4 - Seguimiento normal,0.0102,0.0102
CVE-2025-43430,2025-11-04,4.3,MEDIUM,3.1,0.01,0.59196,,,,,False,Media,False,4 - Seguimiento normal,0.043,0.043
CVE-2025-43448,2025-11-04,6.3,MEDIUM,3.1,0.00287,0.20932,,,,,False,Media,False,4 - Seguimiento normal,0.0181,0.0181
CVE-2025-47362,2025-11-04,6.1,MEDIUM,3.1,0.00077,0.00147,,,,,False,Media,False,4 - Seguimiento normal,0.0047,0.0047
CVE-2025-41344,2025-11-04,8.7,HIGH,4.0,0.0027,0.18935,,,,,False,Alta,False,4 - Seguimiento normal,0.0235,0.0235
CVE-2025-64455,2025-11-05,,,,0.0,0.0,,,,,False,Sin puntaje,False,4 - Seguimiento normal,0.0,0.0
CVE-2025-21075,2025-11-05,4.3,MEDIUM,3.1,0.00252,0.16735,,,,,False,Media,False,4 - Seguimiento normal,0.0108,0.0108
CVE-2025-12388,2025-11-05,6.4,MEDIUM,3.1,0.0021,0.11412,,,,,False,Media,False,4 - Seguimiento normal,0.0134,0.0134
CVE-2025-3125,2025-11-05,6.7,MEDIUM,3.1,0.00836,0.53962,,,,,False,Media,False,4 - Seguimiento normal,0.056,0.056
CVE-2025-43990,2025-11-05,7.3,HIGH,3.1,0.00132,0.03172,,,,,False,Alta,False,4 - Seguimiento normal,0.0096,0.0096
CVE-2025-12360,2025-11-06,4.3,MEDIUM,3.1,0.00214,0.11869,,,,,False,Media,False,4 - Seguimiento normal,0.0092,0.0092
CVE-2025-54711,2025-11-06,7.1,HIGH,3.1,0.00262,0.17905,,,,,False,Alta,False,4 - Seguimiento normal,0.0186,0.0186
CVE-2025-62047,2025-11-06,9.9,CRITICAL,3.1,0.00409,0.33454,,,,,False,Crítica,False,3 - Grave pero sin explotación conocida,0.0405,0.0405
CVE-2022-50591,2025-11-06,8.8,HIGH,4.0,0.00502,0.40031,,,,,False,Alta,False,4 - Seguimiento normal,0.0442,0.0442
CVE-2025-34247,2025-11-06,5.1,MEDIUM,4.0,0.00288,0.21066,,,,,False,Media,False,4 - Seguimiento normal,0.0147,0.0147
CVE-2025-12489,2025-11-06,7.8,HIGH,3.0,0.01386,0.69382,,,,,False,Alta,False,4 - Seguimiento normal,0.1081,0.1081
CVE-2025-11207,2025-11-06,6.5,MEDIUM,3.1,0.00243,0.15549,,,,,False,Media,False,4 - Seguimiento normal,0.0158,0.0158
CVE-2025-64184,2025-11-07,8.8,HIGH,3.1,0.00443,0.36252,,,,,False,Alta,False,4 - Seguimiento normal,0.039,0.039
CVE-2025-63689,2025-11-07,10.0,CRITICAL,3.1,0.00839,0.54063,,,,,False,Crítica,False,3 - Grave pero sin explotación conocida,0.0839,0.0839
CVE-2025-36136,2025-11-07,5.1,MEDIUM,3.1,0.00104,0.01192,,,,,False,Media,False,4 - Seguimiento normal,0.0053,0.0053
CVE-2025-64442,2025-11-07,7.1,HIGH,4.0,0.00223,0.13085,,,,,False,Alta,False,4 - Seguimiento normal,0.0158,0.0158
CVE-2025-12911,2025-11-08,4.3,MEDIUM,3.1,0.00156,0.05187,,,,,False,Media,False,4 - Seguimiento normal,0.0067,0.0067
CVE-2025-12919,2025-11-09,2.9,LOW,4.0,0.00449,0.36693,,,,,False,Baja,False,4 - Seguimiento normal,0.013,0.013
CVE-2025-47773,2025-11-10,8.8,HIGH,3.1,0.00217,0.12336,,,,,False,Alta,False,4 - Seguimiento normal,0.0191,0.0191
CVE-2025-12434,2025-11-10,4.2,MEDIUM,3.1,0.00178,0.07566,,,,,False,Media,False,4 - Seguimiento normal,0.0075,0.0075
CVE-2025-12445,2025-11-10,6.5,MEDIUM,3.1,0.00139,0.03671,,,,,False,Media,False,4 - Seguimiento normal,0.009,0.009
CVE-2025-12589,2025-11-11,6.1,MEDIUM,3.1,0.00146,0.04333,,,,,False,Media,False,4 - Seguimiento normal,0.0089,0.0089
CVE-2025-12753,2025-11-11,6.4,MEDIUM,3.1,0.00211,0.11485,,,,,False,Media,False,4 - Seguimiento normal,0.0135,0.0135
CVE-2025-4645,2025-11-11,6.7,MEDIUM,3.1,0.00145,0.04166,,,,,False,Media,False,4 - Seguimiento normal,0.0097,0.0097
CVE-2025-13020,2025-11-11,8.8,HIGH,3.1,0.00277,0.19906,,,,,False,Alta,False,4 - Seguimiento normal,0.0244,0.0244
CVE-2025-30398,2025-11-11,8.1,HIGH,3.1,0.00763,0.5161,,,,,False,Alta,False,4 - Seguimiento normal,0.0618,0.0618
CVE-2025-60709,2025-11-11,7.8,HIGH,3.1,0.0051,0.4049,,,,,False,Alta,False,4 - Seguimiento normal,0.0398,0.0398
CVE-2025-60728,2025-11-11,4.3,MEDIUM,3.1,0.00703,0.49513,,,,,False,Media,False,4 - Seguimiento normal,0.0302,0.0302
CVE-2025-61835,2025-11-11,7.8,HIGH,3.1,0.00216,0.12213,,,,,False,Alta,False,4 - Seguimiento normal,0.0168,0.0168
CVE-2025-40126,2025-11-12,,,,0.00211,0.11546,,,,,False,Sin puntaje,False,4 - Seguimiento normal,0.0,0.0
CVE-2025-40134,2025-11-12,,,,0.00207,0.10952,,,,,False,Sin puntaje,False,4 - Seguimiento normal,0.0,0.0
CVE-2025-40140,2025-11-12,,,,0.00207,0.10951,,,,,False,Sin puntaje,False,4 - Seguimiento normal,0.0,0.0
CVE-2025-40150,2025-11-12,,,,0.00241,0.15333,,,,,False,Sin puntaje,False,4 - Seguimiento normal,0.0,0.0
CVE-2025-40158,2025-11-12,,,,0.00211,0.11458,,,,,False,Sin puntaje,False,4 - Seguimiento normal,0.0,0.0
CVE-2025-40165,2025-11-12,,,,0.00183,0.08166,,,,,False,Sin puntaje,False,4 - Seguimiento normal,0.0,0.0
CVE-2025-40176,2025-11-12,,,,0.00183,0.08165,,,,,False,Sin puntaje,False,4 - Seguimiento normal,0.0,0.0
CVE-2022-4982,2025-11-12,8.7,HIGH,4.0,0.00484,0.38983,,,,,False,Alta,False,4 - Seguimiento normal,0.0421,0.0421
CVE-2025-41069,2025-11-13,5.3,MEDIUM,4.0,0.0024,0.15302,,,,,False,Media,False,4 - Seguimiento normal,0.0127,0.0127
CVE-2025-59840,2025-11-13,8.1,HIGH,3.1,0.00383,0.30934,,,,,False,Alta,False,4 - Seguimiento normal,0.031,0.031
CVE-2025-64746,2025-11-13,4.6,MEDIUM,3.1,0.00187,0.08548,,,,,False,Media,False,4 - Seguimiento normal,0.0086,0.0086
CVE-2025-65068,2025-11-15,,,,0.0,0.0,,,,,False,Sin puntaje,False,4 - Seguimiento normal,0.0,0.0
CVE-2025-7736,2025-11-15,3.1,LOW,3.1,0.0027,0.19001,,,,,False,Baja,False,4 - Seguimiento normal,0.0084,0.0084
CVE-2025-59111,2025-11-18,6.9,MEDIUM,4.0,0.00286,0.20836,,,,,False,Media,False,4 - Seguimiento normal,0.0197,0.0197
CVE-2025-63892,2025-11-18,6.8,MEDIUM,3.1,0.00349,0.27459,,,,,False,Media,False,4 - Seguimiento normal,0.0237,0.0237
CVE-2025-58122,2025-11-18,5.3,MEDIUM,4.0,0.0016,0.05608,,,,,False,Media,False,4 - Seguimiento normal,0.0085,0.0085
CVE-2025-63693,2025-11-18,5.4,MEDIUM,3.1,0.00173,0.06992,,,,,False,Media,False,4 - Seguimiento normal,0.0093,0.0093
CVE-2025-13316,2025-11-19,8.2,HIGH,4.0,0.02719,0.84481,,,,,False,Alta,False,4 - Seguimiento normal,0.223,0.223
CVE-2025-13424,2025-11-20,2.0,LOW,4.0,0.00373,0.29883,,,,,False,Baja,False,4 - Seguimiento normal,0.0075,0.0075
CVE-2025-60794,2025-11-20,6.5,MEDIUM,3.1,0.00203,0.10503,,,,,False,Media,False,4 - Seguimiento normal,0.0132,0.0132
CVE-2025-13425,2025-11-20,1.9,LOW,4.0,0.00104,0.0119,,,,,False,Baja,False,4 - Seguimiento normal,0.002,0.002
CVE-2025-60738,2025-11-20,9.8,CRITICAL,3.1,0.01001,0.5926,,,,,False,Crítica,False,3 - Grave pero sin explotación conocida,0.0981,0.0981
CVE-2025-55126,2025-11-20,6.5,MEDIUM,3.0,0.00203,0.10472,,,,,False,Media,False,4 - Seguimiento normal,0.0132,0.0132
CVE-2025-11768,2025-11-21,6.4,MEDIUM,3.1,0.00181,0.07962,,,,,False,Media,False,4 - Seguimiento normal,0.0116,0.0116
CVE-2025-11985,2025-11-21,8.8,HIGH,3.1,0.00371,0.29691,,,,,False,Alta,False,4 - Seguimiento normal,0.0326,0.0326
CVE-2025-12881,2025-11-21,5.4,MEDIUM,3.1,0.00166,0.06235,,,,,False,Media,False,4 - Seguimiento normal,0.009,0.009
CVE-2025-12894,2025-11-21,5.3,MEDIUM,3.1,0.00249,0.16327,,,,,False,Media,False,4 - Seguimiento normal,0.0132,0.0132
CVE-2025-66060,2025-11-21,5.3,MEDIUM,3.1,0.00241,0.15431,,,,,False,Media,False,4 - Seguimiento normal,0.0128,0.0128
CVE-2025-66061,2025-11-21,4.3,MEDIUM,3.1,0.00117,0.01952,,,,,False,Media,False,4 - Seguimiento normal,0.005,0.005
CVE-2025-66062,2025-11-21,3.4,LOW,3.1,0.00202,0.10353,,,,,False,Baja,False,4 - Seguimiento normal,0.0069,0.0069
CVE-2025-66095,2025-11-21,8.5,HIGH,3.1,0.00238,0.14991,,,,,False,Alta,False,4 - Seguimiento normal,0.0202,0.0202
CVE-2025-11936,2025-11-21,6.3,MEDIUM,4.0,0.00433,0.35476,,,,,False,Media,False,4 - Seguimiento normal,0.0273,0.0273
CVE-2025-13550,2025-11-23,7.4,HIGH,4.0,0.00755,0.51335,,,,,False,Alta,False,4 - Seguimiento normal,0.0559,0.0559
CVE-2024-47856,2025-11-24,9.8,CRITICAL,3.1,0.00543,0.42369,,,,,False,Crítica,False,3 - Grave pero sin explotación conocida,0.0532,0.0532
CVE-2025-12043,2025-11-25,5.3,MEDIUM,3.1,0.00267,0.18649,,,,,False,Media,False,4 - Seguimiento normal,0.0142,0.0142
CVE-2025-13370,2025-11-25,4.9,MEDIUM,3.1,0.00301,0.22288,,,,,False,Media,False,4 - Seguimiento normal,0.0147,0.0147
CVE-2025-64050,2025-11-25,7.2,HIGH,3.1,0.00888,0.55586,,,,,False,Alta,False,4 - Seguimiento normal,0.0639,0.0639
CVE-2025-33198,2025-11-25,3.3,LOW,3.1,0.00131,0.03104,,,,,False,Baja,False,4 - Seguimiento normal,0.0043,0.0043
CVE-2025-33205,2025-11-25,7.3,HIGH,3.1,0.00149,0.04559,,,,,False,Alta,False,4 - Seguimiento normal,0.0109,0.0109
CVE-2025-65084,2025-11-25,8.4,HIGH,4.0,0.00337,0.2615,,,,,False,Alta,False,4 - Seguimiento normal,0.0283,0.0283
CVE-2025-55174,2025-11-26,3.2,LOW,3.1,0.00137,0.03528,,,,,False,Baja,False,4 - Seguimiento normal,0.0044,0.0044
CVE-2025-13143,2025-11-27,4.3,MEDIUM,3.1,0.00147,0.04422,,,,,False,Media,False,4 - Seguimiento normal,0.0063,0.0063
CVE-2025-66361,2025-11-28,6.9,MEDIUM,4.0,0.00279,0.20091,,,,,False,Media,False,4 - Seguimiento normal,0.0193,0.0193
CVE-2025-13768,2025-11-28,7.7,HIGH,4.0,0.004,0.32671,,,,,False,Alta,False,4 - Seguimiento normal,0.0308,0.0308
CVE-2025-11156,2025-11-28,5.9,MEDIUM,4.0,0.00123,0.02489,,,,,False,Media,False,4 - Seguimiento normal,0.0073,0.0073
CVE-2025-66201,2025-11-29,8.6,HIGH,4.0,0.00261,0.17743,,,,,False,Alta,False,4 - Seguimiento normal,0.0224,0.0224
CVE-2025-61915,2025-11-29,6.0,MEDIUM,3.1,0.00418,0.34313,,,,,False,Media,False,4 - Seguimiento normal,0.0251,0.0251
CVE-2025-66225,2025-11-29,8.7,HIGH,4.0,0.00157,0.05279,,,,,False,Alta,False,4 - Seguimiento normal,0.0137,0.0137
CVE-2025-64772,2025-12-01,8.4,HIGH,4.0,0.00187,0.08598,,,,,False,Alta,False,4 - Seguimiento normal,0.0157,0.0157
CVE-2025-61608,2025-12-01,7.5,HIGH,3.1,0.00232,0.14195,,,,,False,Alta,False,4 - Seguimiento normal,0.0174,0.0174
CVE-2025-6349,2025-12-01,5.1,MEDIUM,3.1,0.00157,0.05302,,,,,False,Media,False,4 - Seguimiento normal,0.008,0.008
CVE-2025-58408,2025-12-01,5.9,MEDIUM,3.1,0.00116,0.01848,,,,,False,Media,False,4 - Seguimiento normal,0.0068,0.0068
CVE-2024-56089,2025-12-01,7.5,HIGH,3.1,0.00286,0.20804,,,,,False,Alta,False,4 - Seguimiento normal,0.0215,0.0215
CVE-2024-48882,2025-12-01,8.6,HIGH,3.1,0.00383,0.30912,,,,,False,Alta,False,4 - Seguimiento normal,0.0329,0.0329
CVE-2025-65408,2025-12-01,6.5,MEDIUM,3.1,0.00265,0.18213,,,,,False,Media,False,4 - Seguimiento normal,0.0172,0.0172
CVE-2025-13631,2025-12-02,8.8,HIGH,3.1,0.00303,0.22626,,,,,False,Alta,False,4 - Seguimiento normal,0.0267,0.0267
CVE-2025-13510,2025-12-02,9.3,CRITICAL,4.0,0.00606,0.45428,,,,,False,Crítica,False,3 - Grave pero sin explotación conocida,0.0564,0.0564
CVE-2025-13342,2025-12-03,9.8,CRITICAL,3.1,0.00474,0.38377,,,,,False,Crítica,False,3 - Grave pero sin explotación conocida,0.0465,0.0465
CVE-2024-32643,2025-12-03,7.5,HIGH,3.1,0.00325,0.2486,,,,,False,Alta,False,4 - Seguimiento normal,0.0244,0.0244
CVE-2025-14010,2025-12-04,5.5,MEDIUM,3.1,0.00119,0.02121,,,,,False,Media,False,4 - Seguimiento normal,0.0065,0.0065
CVE-2025-29843,2025-12-04,5.4,MEDIUM,3.1,0.00367,0.29315,,,,,False,Media,False,4 - Seguimiento normal,0.0198,0.0198
CVE-2025-54158,2025-12-04,7.8,HIGH,3.1,0.00175,0.07264,,,,,False,Alta,False,4 - Seguimiento normal,0.0137,0.0137
CVE-2025-14013,2025-12-04,1.9,LOW,4.0,0.00244,0.1573,,,,,False,Baja,False,4 - Seguimiento normal,0.0046,0.0046
CVE-2025-12986,2025-12-04,6.0,MEDIUM,4.0,0.00155,0.05062,,,,,False,Media,False,4 - Seguimiento normal,0.0093,0.0093
CVE-2025-13940,2025-12-04,6.7,MEDIUM,4.0,0.0011,0.01475,,,,,False,Media,False,4 - Seguimiento normal,0.0074,0.0074
CVE-2025-12850,2025-12-05,7.5,HIGH,3.1,0.0029,0.21162,,,,,False,Alta,False,4 - Seguimiento normal,0.0217,0.0217
CVE-2020-36879,2025-12-05,8.5,HIGH,4.0,0.00238,0.15031,,,,,False,Alta,False,4 - Seguimiento normal,0.0202,0.0202
CVE-2025-66515,2025-12-05,2.7,LOW,3.1,0.00277,0.19876,,,,,False,Baja,False,4 - Seguimiento normal,0.0075,0.0075
CVE-2025-66644,2025-12-05,7.2,HIGH,3.1,0.03168,0.86667,Array Networks ,ArrayOS AG,2025-12-08,Unknown,True,Alta,False,1 - Explotada activamente,0.2281,10.0
CVE-2025-14197,2025-12-07,5.5,MEDIUM,4.0,0.0036,0.28556,,,,,False,Media,False,4 - Seguimiento normal,0.0198,0.0198
CVE-2025-66320,2025-12-08,5.1,MEDIUM,3.1,0.00058,8e-05,,,,,False,Media,False,4 - Seguimiento normal,0.003,0.003
CVE-2025-14257,2025-12-08,5.5,MEDIUM,4.0,0.00423,0.34686,,,,,False,Media,False,4 - Seguimiento normal,0.0233,0.0233
CVE-2025-48612,2025-12-08,7.8,HIGH,3.1,0.00098,0.00935,,,,,False,Alta,False,4 - Seguimiento normal,0.0076,0.0076
CVE-2025-48623,2025-12-08,7.8,HIGH,3.1,0.00096,0.00862,,,,,False,Alta,False,4 - Seguimiento normal,0.0075,0.0075
CVE-2025-48624,2025-12-08,7.8,HIGH,3.1,0.00088,0.00486,,,,,False,Alta,False,4 - Seguimiento normal,0.0069,0.0069
CVE-2025-14259,2025-12-08,2.1,LOW,4.0,0.002,0.10077,,,,,False,Baja,False,4 - Seguimiento normal,0.0042,0.0042
CVE-2025-66469,2025-12-09,6.1,MEDIUM,3.1,0.00232,0.1424,,,,,False,Media,False,4 - Seguimiento normal,0.0142,0.0142
CVE-2022-50656,2025-12-09,,,,0.00203,0.10458,,,,,False,Sin puntaje,False,4 - Seguimiento normal,0.0,0.0
CVE-2023-53857,2025-12-09,,,,0.00183,0.08198,,,,,False,Sin puntaje,False,4 - Seguimiento normal,0.0,0.0
CVE-2025-13659,2025-12-09,8.8,HIGH,3.1,0.01681,0.74534,,,,,False,Alta,False,4 - Seguimiento normal,0.1479,0.1479
CVE-2025-41746,2025-12-09,7.1,HIGH,3.1,0.08549,0.94489,,,,,False,Alta,False,4 - Seguimiento normal,0.607,0.607
CVE-2025-42876,2025-12-09,7.1,HIGH,3.1,0.00265,0.18231,,,,,False,Alta,False,4 - Seguimiento normal,0.0188,0.0188
CVE-2025-42878,2025-12-09,8.2,HIGH,3.1,0.00306,0.22863,,,,,False,Alta,False,4 - Seguimiento normal,0.0251,0.0251
CVE-2025-63009,2025-12-09,5.3,MEDIUM,3.1,0.0025,0.16414,,,,,False,Media,False,4 - Seguimiento normal,0.0132,0.0132
CVE-2025-66532,2025-12-09,4.3,MEDIUM,3.1,0.00248,0.16252,,,,,False,Media,False,4 - Seguimiento normal,0.0107,0.0107
CVE-2025-67517,2025-12-09,8.5,HIGH,3.1,0.00274,0.19579,,,,,False,Alta,False,4 - Seguimiento normal,0.0233,0.0233
CVE-2025-67542,2025-12-09,6.5,MEDIUM,3.1,0.00167,0.0631,,,,,False,Media,False,4 - Seguimiento normal,0.0109,0.0109
CVE-2025-12941,2025-12-09,5.0,MEDIUM,4.0,0.00181,0.07929,,,,,False,Media,False,4 - Seguimiento normal,0.009,0.009
CVE-2025-55233,2025-12-09,7.8,HIGH,3.1,0.00378,0.30429,,,,,False,Alta,False,4 - Seguimiento normal,0.0295,0.0295
CVE-2025-61078,2025-12-09,6.1,MEDIUM,3.1,0.00224,0.13224,,,,,False,Media,False,4 - Seguimiento normal,0.0137,0.0137
CVE-2025-62221,2025-12-09,7.8,HIGH,3.1,0.02383,0.82158,Microsoft,Windows,2025-12-09,Unknown,True,Alta,False,1 - Explotada activamente,0.1859,10.0
CVE-2025-64667,2025-12-09,5.3,MEDIUM,3.1,0.00836,0.53983,,,,,False,Media,False,4 - Seguimiento normal,0.0443,0.0443
CVE-2025-64673,2025-12-09,7.8,HIGH,3.1,0.00331,0.25524,,,,,False,Alta,False,4 - Seguimiento normal,0.0258,0.0258
CVE-2025-65513,2025-12-09,7.5,HIGH,3.1,0.00388,0.31471,,,,,False,Alta,False,4 - Seguimiento normal,0.0291,0.0291
CVE-2025-61823,2025-12-10,6.2,MEDIUM,3.1,0.00429,0.35178,,,,,False,Media,False,4 - Seguimiento normal,0.0266,0.0266
CVE-2025-67507,2025-12-10,8.1,HIGH,3.1,0.00312,0.2358,,,,,False,Alta,False,4 - Seguimiento normal,0.0253,0.0253
CVE-2025-14087,2025-12-10,5.6,MEDIUM,3.1,0.00767,0.51773,,,,,False,Media,False,4 - Seguimiento normal,0.043,0.043
CVE-2025-67637,2025-12-10,4.3,MEDIUM,3.1,0.00159,0.05433,,,,,False,Media,False,4 - Seguimiento normal,0.0068,0.0068
CVE-2025-64543,2025-12-10,5.4,MEDIUM,3.1,0.00214,0.11817,,,,,False,Media,False,4 - Seguimiento normal,0.0116,0.0116
CVE-2025-65293,2025-12-10,6.6,MEDIUM,3.1,0.00979,0.58558,,,,,False,Media,False,4 - Seguimiento normal,0.0646,0.0646
CVE-2025-66473,2025-12-10,8.7,HIGH,4.0,0.00352,0.278,,,,,False,Alta,False,4 - Seguimiento normal,0.0306,0.0306
CVE-2025-11467,2025-12-11,5.8,MEDIUM,3.1,0.00227,0.1355,,,,,False,Media,False,4 - Seguimiento normal,0.0132,0.0132
CVE-2025-14514,2025-12-11,5.5,MEDIUM,4.0,0.00363,0.28946,,,,,False,Media,False,4 - Seguimiento normal,0.02,0.02
CVE-2025-55312,2025-12-11,7.8,HIGH,3.1,0.00131,0.0307,,,,,False,Alta,False,4 - Seguimiento normal,0.0102,0.0102
CVE-2025-55313,2025-12-11,7.8,HIGH,3.1,0.00149,0.04564,,,,,False,Alta,False,4 - Seguimiento normal,0.0116,0.0116
CVE-2025-56111,2025-12-11,8.8,HIGH,3.1,0.02769,0.8479,,,,,False,Alta,False,4 - Seguimiento normal,0.2437,0.2437
CVE-2025-56122,2025-12-11,8.8,HIGH,3.1,0.02398,0.8228,,,,,False,Alta,False,4 - Seguimiento normal,0.211,0.211
CVE-2025-13971,2025-12-12,4.4,MEDIUM,3.1,0.00203,0.10464,,,,,False,Media,False,4 - Seguimiento normal,0.0089,0.0089
CVE-2025-11876,2025-12-12,6.4,MEDIUM,3.1,0.00195,0.09492,,,,,False,Media,False,4 - Seguimiento normal,0.0125,0.0125
CVE-2025-43320,2025-12-12,7.8,HIGH,3.1,0.00175,0.07259,,,,,False,Alta,False,4 - Seguimiento normal,0.0137,0.0137
CVE-2025-14590,2025-12-13,5.5,MEDIUM,4.0,0.00385,0.31158,,,,,False,Media,False,4 - Seguimiento normal,0.0212,0.0212
CVE-2025-14636,2025-12-13,2.9,LOW,4.0,0.00253,0.16863,,,,,False,Baja,False,4 - Seguimiento normal,0.0073,0.0073
CVE-2025-14645,2025-12-14,5.5,MEDIUM,4.0,0.00363,0.28946,,,,,False,Media,False,4 - Seguimiento normal,0.02,0.02
CVE-2025-14668,2025-12-14,5.5,MEDIUM,4.0,0.00339,0.26383,,,,,False,Media,False,4 - Seguimiento normal,0.0186,0.0186
CVE-2025-13355,2025-12-15,7.1,HIGH,3.1,0.00147,0.04407,,,,,False,Alta,False,4 - Seguimiento normal,0.0104,0.0104
CVE-2025-14019,2025-12-15,3.4,LOW,3.1,0.0015,0.04672,,,,,False,Baja,False,4 - Seguimiento normal,0.0051,0.0051
CVE-2025-12900,2025-12-15,4.3,MEDIUM,3.1,0.00227,0.13541,,,,,False,Media,False,4 - Seguimiento normal,0.0098,0.0098
CVE-2023-53887,2025-12-15,5.1,MEDIUM,4.0,0.00208,0.1116,,,,,False,Media,False,4 - Seguimiento normal,0.0106,0.0106
CVE-2023-53888,2025-12-15,8.6,HIGH,4.0,0.00839,0.54057,,,,,False,Alta,False,4 - Seguimiento normal,0.0722,0.0722
CVE-2025-9453,2025-12-16,7.8,HIGH,3.1,0.00218,0.1246,,,,,False,Alta,False,4 - Seguimiento normal,0.017,0.017
CVE-2025-68115,2025-12-16,5.3,MEDIUM,4.0,0.00186,0.08515,,,,,False,Media,False,4 - Seguimiento normal,0.0099,0.0099
CVE-2025-40350,2025-12-16,,,,0.00174,0.07165,,,,,False,Sin puntaje,False,4 - Seguimiento normal,0.0,0.0
CVE-2025-68201,2025-12-16,,,,0.00174,0.07163,,,,,False,Sin puntaje,False,4 - Seguimiento normal,0.0,0.0
CVE-2025-68211,2025-12-16,5.5,MEDIUM,3.1,0.00128,0.02807,,,,,False,Media,False,4 - Seguimiento normal,0.007,0.007
CVE-2025-68246,2025-12-16,,,,0.00162,0.05857,,,,,False,Sin puntaje,False,4 - Seguimiento normal,0.0,0.0
CVE-2025-68255,2025-12-16,,,,0.00189,0.08785,,,,,False,Sin puntaje,False,4 - Seguimiento normal,0.0,0.0
CVE-2025-68258,2025-12-16,,,,0.00171,0.06752,,,,,False,Sin puntaje,False,4 - Seguimiento normal,0.0,0.0
CVE-2025-68265,2025-12-16,,,,0.00174,0.07181,,,,,False,Sin puntaje,False,4 - Seguimiento normal,0.0,0.0
CVE-2025-62329,2025-12-16,5.0,MEDIUM,3.1,0.00167,0.06269,,,,,False,Media,False,4 - Seguimiento normal,0.0083,0.0083
CVE-2025-68300,2025-12-16,,,,0.00161,0.05652,,,,,False,Sin puntaje,False,4 - Seguimiento normal,0.0,0.0
CVE-2025-68316,2025-12-16,,,,0.0015,0.04699,,,,,False,Sin puntaje,False,4 - Seguimiento normal,0.0,0.0
CVE-2023-53894,2025-12-16,9.3,CRITICAL,4.0,0.00564,0.43468,,,,,False,Crítica,False,3 - Grave pero sin explotación conocida,0.0525,0.0525
CVE-2025-33212,2025-12-16,7.3,HIGH,3.1,0.00156,0.05206,,,,,False,Alta,False,4 - Seguimiento normal,0.0114,0.0114
CVE-2025-65591,2025-12-16,5.4,MEDIUM,3.1,0.00203,0.105,,,,,False,Media,False,4 - Seguimiento normal,0.011,0.011
CVE-2025-53618,2025-12-16,7.4,HIGH,3.1,0.00222,0.1296,,,,,False,Alta,False,4 - Seguimiento normal,0.0164,0.0164
CVE-2025-14727,2025-12-17,8.7,HIGH,4.0,0.00379,0.30555,,,,,False,Alta,False,4 - Seguimiento normal,0.033,0.033
CVE-2025-59849,2025-12-17,4.7,MEDIUM,3.1,0.00163,0.05938,,,,,False,Media,False,4 - Seguimiento normal,0.0077,0.0077
CVE-2025-67789,2025-12-17,5.3,MEDIUM,3.1,0.00194,0.09435,,,,,False,Media,False,4 - Seguimiento normal,0.0103,0.0103
CVE-2025-53431,2025-12-18,8.1,HIGH,3.1,0.00463,0.37639,,,,,False,Alta,False,4 - Seguimiento normal,0.0375,0.0375
CVE-2025-53433,2025-12-18,9.8,CRITICAL,3.1,0.00433,0.35438,,,,,False,Crítica,False,3 - Grave pero sin explotación conocida,0.0424,0.0424
CVE-2025-53446,2025-12-18,8.1,HIGH,3.1,0.00463,0.37638,,,,,False,Alta,False,4 - Seguimiento normal,0.0375,0.0375
CVE-2025-54751,2025-12-18,7.1,HIGH,3.1,0.00219,0.12569,,,,,False,Alta,False,4 - Seguimiento normal,0.0155,0.0155
CVE-2025-58896,2025-12-18,8.1,HIGH,3.1,0.00463,0.37638,,,,,False,Alta,False,4 - Seguimiento normal,0.0375,0.0375
CVE-2025-58925,2025-12-18,8.1,HIGH,3.1,0.00431,0.35325,,,,,False,Alta,False,4 - Seguimiento normal,0.0349,0.0349
CVE-2025-60086,2025-12-18,7.5,HIGH,3.1,0.00255,0.17072,,,,,False,Alta,False,4 - Seguimiento normal,0.0191,0.0191
CVE-2025-66068,2025-12-18,6.5,MEDIUM,3.1,0.00204,0.10579,,,,,False,Media,False,4 - Seguimiento normal,0.0133,0.0133
CVE-2025-68325,2025-12-18,,,,0.00172,0.06806,,,,,False,Sin puntaje,False,4 - Seguimiento normal,0.0,0.0
CVE-2025-14885,2025-12-18,2.1,LOW,4.0,0.00304,0.2273,,,,,False,Baja,False,4 - Seguimiento normal,0.0064,0.0064
CVE-2022-50683,2025-12-18,5.1,MEDIUM,4.0,0.00143,0.04081,,,,,False,Media,False,4 - Seguimiento normal,0.0073,0.0073
CVE-2025-13911,2025-12-18,7.3,HIGH,4.0,0.00232,0.14182,,,,,False,Alta,False,4 - Seguimiento normal,0.0169,0.0169
CVE-2025-67653,2025-12-18,5.3,MEDIUM,4.0,0.00633,0.46665,,,,,False,Media,False,4 - Seguimiento normal,0.0335,0.0335
CVE-2025-34452,2025-12-18,8.7,HIGH,4.0,0.04724,0.90891,,,,,False,Alta,False,4 - Seguimiento normal,0.411,0.411
CVE-2025-68422,2025-12-18,4.3,MEDIUM,3.1,0.002,0.10164,,,,,False,Media,False,4 - Seguimiento normal,0.0086,0.0086
CVE-2025-66499,2025-12-19,7.8,HIGH,3.1,0.00256,0.17202,,,,,False,Alta,False,4 - Seguimiento normal,0.02,0.02
CVE-2025-66910,2025-12-19,6.0,MEDIUM,3.1,0.00202,0.10323,,,,,False,Media,False,4 - Seguimiento normal,0.0121,0.0121
CVE-2025-67046,2025-12-19,,,,0.0,0.0,,,,,False,Sin puntaje,False,4 - Seguimiento normal,0.0,0.0
CVE-2023-53946,2025-12-19,8.5,HIGH,4.0,0.00137,0.03523,,,,,False,Alta,False,4 - Seguimiento normal,0.0116,0.0116
CVE-2025-12492,2025-12-20,5.3,MEDIUM,3.1,0.00499,0.39869,,,,,False,Media,False,4 - Seguimiento normal,0.0264,0.0264
CVE-2025-15004,2025-12-22,2.1,LOW,4.0,0.00307,0.22961,,,,,False,Baja,False,4 - Seguimiento normal,0.0064,0.0064
CVE-2023-53961,2025-12-22,5.1,MEDIUM,4.0,0.00165,0.06092,,,,,False,Media,False,4 - Seguimiento normal,0.0084,0.0084
CVE-2025-68615,2025-12-23,9.8,CRITICAL,3.1,0.43262,0.98594,,,,,False,Crítica,True,2 - Explotación probable,4.2397,4.2397
CVE-2025-68655,2025-12-23,,,,0.0,0.0,,,,,False,Sin puntaje,False,4 - Seguimiento normal,0.0,0.0
CVE-2025-14548,2025-12-23,6.4,MEDIUM,3.1,0.00206,0.10864,,,,,False,Media,False,4 - Seguimiento normal,0.0132,0.0132
CVE-2021-47735,2025-12-23,8.6,HIGH,4.0,0.00773,0.51962,,,,,False,Alta,False,4 - Seguimiento normal,0.0665,0.0665
CVE-2025-14935,2025-12-23,7.8,HIGH,3.0,0.00318,0.24109,,,,,False,Alta,False,4 - Seguimiento normal,0.0248,0.0248
CVE-2025-13700,2025-12-23,7.2,HIGH,3.0,0.01426,0.70173,,,,,False,Alta,False,4 - Seguimiento normal,0.1027,0.1027
CVE-2025-13707,2025-12-23,7.8,HIGH,3.0,0.00426,0.34954,,,,,False,Alta,False,4 - Seguimiento normal,0.0332,0.0332
CVE-2025-14402,2025-12-23,7.0,HIGH,3.0,0.00223,0.13053,,,,,False,Alta,False,4 - Seguimiento normal,0.0156,0.0156
CVE-2025-68687,2025-12-24,,,,0.0,0.0,,,,,False,Sin puntaje,False,4 - Seguimiento normal,0.0,0.0
CVE-2022-50706,2025-12-24,,,,0.0018,0.07803,,,,,False,Sin puntaje,False,4 - Seguimiento normal,0.0,0.0
CVE-2023-53986,2025-12-24,,,,0.0018,0.07802,,,,,False,Sin puntaje,False,4 - Seguimiento normal,0.0,0.0
CVE-2023-54022,2025-12-24,,,,0.00151,0.04746,,,,,False,Sin puntaje,False,4 - Seguimiento normal,0.0,0.0
CVE-2025-68360,2025-12-24,,,,0.00181,0.07926,,,,,False,Sin puntaje,False,4 - Seguimiento normal,0.0,0.0
CVE-2022-50727,2025-12-24,,,,0.00214,0.1185,,,,,False,Sin puntaje,False,4 - Seguimiento normal,0.0,0.0
CVE-2022-50728,2025-12-24,,,,0.00248,0.16248,,,,,False,Sin puntaje,False,4 - Seguimiento normal,0.0,0.0
CVE-2022-50759,2025-12-24,,,,0.00215,0.1203,,,,,False,Sin puntaje,False,4 - Seguimiento normal,0.0,0.0
CVE-2022-50773,2025-12-24,,,,0.00248,0.16248,,,,,False,Sin puntaje,False,4 - Seguimiento normal,0.0,0.0
CVE-2022-50779,2025-12-24,,,,0.00253,0.16847,,,,,False,Sin puntaje,False,4 - Seguimiento normal,0.0,0.0
CVE-2023-54058,2025-12-24,,,,0.00214,0.11847,,,,,False,Sin puntaje,False,4 - Seguimiento normal,0.0,0.0
CVE-2023-54088,2025-12-24,,,,0.00182,0.08077,,,,,False,Sin puntaje,False,4 - Seguimiento normal,0.0,0.0
CVE-2025-68589,2025-12-24,5.3,MEDIUM,3.1,0.00222,0.12975,,,,,False,Media,False,4 - Seguimiento normal,0.0118,0.0118
CVE-2018-25134,2025-12-24,9.3,CRITICAL,4.0,0.00579,0.44181,,,,,False,Crítica,False,3 - Grave pero sin explotación conocida,0.0538,0.0538
CVE-2025-15084,2025-12-25,1.3,LOW,4.0,0.00249,0.16346,,,,,False,Baja,False,4 - Seguimiento normal,0.0032,0.0032
CVE-2025-15109,2025-12-27,5.5,MEDIUM,4.0,0.00289,0.21144,,,,,False,Media,False,4 - Seguimiento normal,0.0159,0.0159
CVE-2025-15166,2025-12-29,5.5,MEDIUM,4.0,0.00326,0.25007,,,,,False,Media,False,4 - Seguimiento normal,0.0179,0.0179
CVE-2025-15174,2025-12-29,2.0,LOW,4.0,0.002,0.10072,,,,,False,Baja,False,4 - Seguimiento normal,0.004,0.004
CVE-2025-15178,2025-12-29,7.3,HIGH,4.0,0.00679,0.48588,,,,,False,Alta,False,4 - Seguimiento normal,0.0496,0.0496
CVE-2025-15190,2025-12-29,7.4,HIGH,4.0,0.00693,0.49138,,,,,False,Alta,False,4 - Seguimiento normal,0.0513,0.0513
CVE-2025-66877,2025-12-29,7.5,HIGH,3.1,0.00286,0.20789,,,,,False,Alta,False,4 - Seguimiento normal,0.0215,0.0215
CVE-2025-15218,2025-12-30,7.4,HIGH,4.0,0.02862,0.85297,,,,,False,Alta,False,4 - Seguimiento normal,0.2118,0.2118
CVE-2025-15222,2025-12-30,1.3,LOW,4.0,0.0022,0.12586,,,,,False,Baja,False,4 - Seguimiento normal,0.0029,0.0029
CVE-2022-50810,2025-12-30,,,,0.00233,0.14272,,,,,False,Sin puntaje,False,4 - Seguimiento normal,0.0,0.0
CVE-2022-50822,2025-12-30,,,,0.002,0.10074,,,,,False,Sin puntaje,False,4 - Seguimiento normal,0.0,0.0
CVE-2022-50824,2025-12-30,,,,0.00216,0.12216,,,,,False,Sin puntaje,False,4 - Seguimiento normal,0.0,0.0
CVE-2022-50850,2025-12-30,,,,0.00195,0.09517,,,,,False,Sin puntaje,False,4 - Seguimiento normal,0.0,0.0
CVE-2023-54173,2025-12-30,,,,0.00168,0.06416,,,,,False,Sin puntaje,False,4 - Seguimiento normal,0.0,0.0
CVE-2023-54239,2025-12-30,,,,0.00155,0.05138,,,,,False,Sin puntaje,False,4 - Seguimiento normal,0.0,0.0
CVE-2023-54267,2025-12-30,,,,0.00181,0.07958,,,,,False,Sin puntaje,False,4 - Seguimiento normal,0.0,0.0
CVE-2023-54321,2025-12-30,5.5,MEDIUM,3.1,0.00129,0.02917,,,,,False,Media,False,4 - Seguimiento normal,0.0071,0.0071
CVE-2025-15252,2025-12-30,7.4,HIGH,4.0,0.02862,0.85297,,,,,False,Alta,False,4 - Seguimiento normal,0.2118,0.2118
CVE-2025-15258,2025-12-30,2.0,LOW,4.0,0.00221,0.12794,,,,,False,Baja,False,4 - Seguimiento normal,0.0044,0.0044
CVE-2025-15262,2025-12-30,2.0,LOW,4.0,0.00292,0.21364,,,,,False,Baja,False,4 - Seguimiento normal,0.0058,0.0058
CVE-2025-15357,2025-12-30,2.1,LOW,4.0,0.03801,0.88895,,,,,False,Baja,False,4 - Seguimiento normal,0.0798,0.0798
CVE-2025-59137,2025-12-31,7.1,HIGH,3.1,0.00094,0.00749,,,,,False,Alta,False,4 - Seguimiento normal,0.0067,0.0067
CVE-2025-62758,2025-12-31,6.5,MEDIUM,3.1,0.00137,0.03549,,,,,False,Media,False,4 - Seguimiento normal,0.0089,0.0089
CVE-2025-62111,2025-12-31,6.5,MEDIUM,3.1,0.00127,0.02713,,,,,False,Media,False,4 - Seguimiento normal,0.0083,0.0083
CVE-2025-62743,2025-12-31,6.5,MEDIUM,3.1,0.0013,0.03035,,,,,False,Media,False,4 - Seguimiento normal,0.0084,0.0084
CVE-2025-62143,2025-12-31,4.3,MEDIUM,3.1,0.0018,0.07805,,,,,False,Media,False,4 - Seguimiento normal,0.0077,0.0077
CVE-2025-53235,2025-12-31,7.1,HIGH,3.1,0.00194,0.09396,,,,,False,Alta,False,4 - Seguimiento normal,0.0138,0.0138
CVE-2025-22203,2026-01-01,,,,0.0,0.0,,,,,False,Sin puntaje,False,4 - Seguimiento normal,0.0,0.0
CVE-2026-0544,2026-01-01,5.5,MEDIUM,4.0,0.00333,0.25779,,,,,False,Media,False,4 - Seguimiento normal,0.0183,0.0183
CVE-2025-14627,2026-01-01,6.4,MEDIUM,3.1,0.00237,0.14816,,,,,False,Media,False,4 - Seguimiento normal,0.0152,0.0152
CVE-2025-48768,2026-01-01,6.5,MEDIUM,3.1,0.00758,0.51423,,,,,False,Media,False,4 - Seguimiento normal,0.0493,0.0493
CVE-2025-68273,2026-01-01,5.3,MEDIUM,3.1,0.00338,0.26305,,,,,False,Media,False,4 - Seguimiento normal,0.0179,0.0179
CVE-2025-67269,2026-01-02,7.5,HIGH,3.1,0.0047,0.38028,,,,,False,Alta,False,4 - Seguimiento normal,0.0353,0.0353
CVE-2025-15439,2026-01-02,2.1,LOW,4.0,0.00237,0.14881,,,,,False,Baja,False,4 - Seguimiento normal,0.005,0.005
CVE-2025-34372,2026-01-02,,,,0.0,0.0,,,,,False,Sin puntaje,False,4 - Seguimiento normal,0.0,0.0
CVE-2025-34481,2026-01-02,,,,0.0,0.0,,,,,False,Sin puntaje,False,4 - Seguimiento normal,0.0,0.0
CVE-2025-34565,2026-01-02,,,,0.0,0.0,,,,,False,Sin puntaje,False,4 - Seguimiento normal,0.0,0.0
CVE-2025-34597,2026-01-02,,,,0.0,0.0,,,,,False,Sin puntaje,False,4 - Seguimiento normal,0.0,0.0
CVE-2025-34598,2026-01-02,,,,0.0,0.0,,,,,False,Sin puntaje,False,4 - Seguimiento normal,0.0,0.0
CVE-2025-34662,2026-01-02,,,,0.0,0.0,,,,,False,Sin puntaje,False,4 - Seguimiento normal,0.0,0.0
CVE-2025-34677,2026-01-02,,,,0.0,0.0,,,,,False,Sin puntaje,False,4 - Seguimiento normal,0.0,0.0
CVE-2025-34697,2026-01-02,,,,0.0,0.0,,,,,False,Sin puntaje,False,4 - Seguimiento normal,0.0,0.0
CVE-2025-34702,2026-01-02,,,,0.0,0.0,,,,,False,Sin puntaje,False,4 - Seguimiento normal,0.0,0.0
CVE-2025-34730,2026-01-02,,,,0.0,0.0,,,,,False,Sin puntaje,False,4 - Seguimiento normal,0.0,0.0
CVE-2025-34766,2026-01-02,,,,0.0,0.0,,,,,False,Sin puntaje,False,4 - Seguimiento normal,0.0,0.0
CVE-2025-34774,2026-01-02,,,,0.0,0.0,,,,,False,Sin puntaje,False,4 - Seguimiento normal,0.0,0.0
CVE-2025-34805,2026-01-02,,,,0.0,0.0,,,,,False,Sin puntaje,False,4 - Seguimiento normal,0.0,0.0
CVE-2025-34892,2026-01-02,,,,0.0,0.0,,,,,False,Sin puntaje,False,4 - Seguimiento normal,0.0,0.0
CVE-2025-34948,2026-01-02,,,,0.0,0.0,,,,,False,Sin puntaje,False,4 - Seguimiento normal,0.0,0.0
CVE-2025-34949,2026-01-02,,,,0.0,0.0,,,,,False,Sin puntaje,False,4 - Seguimiento normal,0.0,0.0
CVE-2025-34951,2026-01-02,,,,0.0,0.0,,,,,False,Sin puntaje,False,4 - Seguimiento normal,0.0,0.0
CVE-2025-34961,2026-01-02,,,,0.0,0.0,,,,,False,Sin puntaje,False,4 - Seguimiento normal,0.0,0.0
CVE-2025-34963,2026-01-02,,,,0.0,0.0,,,,,False,Sin puntaje,False,4 - Seguimiento normal,0.0,0.0
CVE-2025-34995,2026-01-02,,,,0.0,0.0,,,,,False,Sin puntaje,False,4 - Seguimiento normal,0.0,0.0
CVE-2025-34998,2026-01-02,,,,0.0,0.0,,,,,False,Sin puntaje,False,4 - Seguimiento normal,0.0,0.0
CVE-2025-67160,2026-01-02,7.5,HIGH,3.1,0.00837,0.53999,,,,,False,Alta,False,4 - Seguimiento normal,0.0628,0.0628
CVE-2026-21645,2026-01-03,,,,0.0,0.0,,,,,False,Sin puntaje,False,4 - Seguimiento normal,0.0,0.0
CVE-2025-15462,2026-01-05,7.4,HIGH,4.0,0.00855,0.54608,,,,,False,Alta,False,4 - Seguimiento normal,0.0633,0.0633
CVE-2025-68758,2026-01-05,,,,0.00165,0.06112,,,,,False,Sin puntaje,False,4 - Seguimiento normal,0.0,0.0
CVE-2025-68029,2026-01-05,6.3,MEDIUM,3.0,0.00168,0.06511,,,,,False,Media,False,4 - Seguimiento normal,0.0106,0.0106
CVE-2023-49186,2026-01-05,7.1,HIGH,3.1,0.00143,0.03999,,,,,False,Alta,False,4 - Seguimiento normal,0.0102,0.0102
CVE-2025-68280,2026-01-05,6.5,MEDIUM,3.1,0.00582,0.44342,,,,,False,Media,False,4 - Seguimiento normal,0.0378,0.0378
CVE-2026-21634,2026-01-05,6.5,MEDIUM,3.1,0.00364,0.29051,,,,,False,Media,False,4 - Seguimiento normal,0.0237,0.0237
CVE-2025-68454,2026-01-05,5.2,MEDIUM,4.0,0.00788,0.52427,,,,,False,Media,False,4 - Seguimiento normal,0.041,0.041
CVE-2020-36923,2026-01-06,6.9,MEDIUM,4.0,0.00924,0.56724,,,,,False,Media,False,4 - Seguimiento normal,0.0638,0.0638
CVE-2025-14145,2026-01-07,6.4,MEDIUM,3.1,0.00235,0.14593,,,,,False,Media,False,4 - Seguimiento normal,0.015,0.015
CVE-2026-20893,2026-01-07,8.5,HIGH,4.0,0.00123,0.02493,,,,,False,Alta,False,4 - Seguimiento normal,0.0105,0.0105
CVE-2025-61489,2026-01-07,6.5,MEDIUM,3.1,0.00848,0.54332,,,,,False,Media,False,4 - Seguimiento normal,0.0551,0.0551
CVE-2025-65805,2026-01-07,7.5,HIGH,3.1,0.00318,0.24166,,,,,False,Alta,False,4 - Seguimiento normal,0.0238,0.0238
CVE-2025-67364,2026-01-07,7.5,HIGH,3.1,0.00583,0.44381,,,,,False,Alta,False,4 - Seguimiento normal,0.0437,0.0437
CVE-2025-68705,2026-01-07,8.8,HIGH,4.0,0.06558,0.93092,,,,,False,Alta,False,4 - Seguimiento normal,0.5771,0.5771
CVE-2025-67091,2026-01-08,6.5,MEDIUM,3.1,0.02981,0.8587,,,,,False,Media,False,4 - Seguimiento normal,0.1938,0.1938
CVE-2026-21638,2026-01-08,8.8,HIGH,3.1,0.00383,0.30892,,,,,False,Alta,False,4 - Seguimiento normal,0.0337,0.0337
CVE-2026-20969,2026-01-09,2.3,LOW,4.0,0.00248,0.16141,,,,,False,Baja,False,4 - Seguimiento normal,0.0057,0.0057
CVE-2025-66051,2026-01-09,6.9,MEDIUM,4.0,0.0071,0.49763,,,,,False,Media,False,4 - Seguimiento normal,0.049,0.049
CVE-2025-67070,2026-01-09,8.2,HIGH,3.1,0.00331,0.25496,,,,,False,Alta,False,4 - Seguimiento normal,0.0271,0.0271
CVE-2026-22597,2026-01-10,5.1,MEDIUM,4.0,0.00265,0.1823,,,,,False,Media,False,4 - Seguimiento normal,0.0135,0.0135
CVE-2025-65091,2026-01-10,10.0,CRITICAL,3.1,0.00282,0.20389,,,,,False,Crítica,False,3 - Grave pero sin explotación conocida,0.0282,0.0282
CVE-2026-22688,2026-01-10,9.9,CRITICAL,3.1,0.01747,0.75461,,,,,False,Crítica,False,3 - Grave pero sin explotación conocida,0.173,0.173
CVE-2026-0843,2026-01-11,2.1,LOW,4.0,0.00197,0.09688,,,,,False,Baja,False,4 - Seguimiento normal,0.0041,0.0041
CVE-2025-41006,2026-01-12,9.3,CRITICAL,4.0,0.00307,0.22936,,,,,False,Crítica,False,3 - Grave pero sin explotación conocida,0.0286,0.0286
CVE-2025-65553,2026-01-12,6.5,MEDIUM,3.1,0.00162,0.05744,,,,,False,Media,False,4 - Seguimiento normal,0.0105,0.0105
CVE-2025-63314,2026-01-12,10.0,CRITICAL,3.1,0.00254,0.16897,,,,,False,Crítica,False,3 - Grave pero sin explotación conocida,0.0254,0.0254
CVE-2025-66689,2026-01-12,6.5,MEDIUM,3.1,0.0048,0.38732,,,,,False,Media,False,4 - Seguimiento normal,0.0312,0.0312
CVE-2025-68656,2026-01-12,6.8,MEDIUM,3.1,0.00183,0.08184,,,,,False,Media,False,4 - Seguimiento normal,0.0124,0.0124
CVE-2026-22786,2026-01-12,7.3,HIGH,4.0,0.00938,0.57224,,,,,False,Alta,False,4 - Seguimiento normal,0.0685,0.0685
CVE-2026-0496,2026-01-13,6.6,MEDIUM,3.1,0.00191,0.09009,,,,,False,Media,False,4 - Seguimiento normal,0.0126,0.0126
CVE-2025-9427,2026-01-13,8.4,HIGH,4.0,0.00321,0.24453,,,,,False,Alta,False,4 - Seguimiento normal,0.027,0.027
CVE-2025-68778,2026-01-13,,,,0.00168,0.06508,,,,,False,Sin puntaje,False,4 - Seguimiento normal,0.0,0.0
CVE-2026-0405,2026-01-13,6.1,MEDIUM,4.0,0.0033,0.25411,,,,,False,Media,False,4 - Seguimiento normal,0.0201,0.0201
CVE-2026-20826,2026-01-13,7.8,HIGH,3.1,0.00295,0.21683,,,,,False,Alta,False,4 - Seguimiento normal,0.023,0.023
CVE-2026-20827,2026-01-13,5.5,MEDIUM,3.1,0.00633,0.46681,,,,,False,Media,False,4 - Seguimiento normal,0.0348,0.0348
CVE-2026-20867,2026-01-13,7.8,HIGH,3.1,0.00288,0.20962,,,,,False,Alta,False,4 - Seguimiento normal,0.0225,0.0225
CVE-2025-37173,2026-01-13,7.2,HIGH,3.1,0.00367,0.29326,,,,,False,Alta,False,4 - Seguimiento normal,0.0264,0.0264
CVE-2026-0531,2026-01-13,6.5,MEDIUM,3.1,0.00416,0.34095,,,,,False,Media,False,4 - Seguimiento normal,0.027,0.027
CVE-2022-50894,2026-01-13,7.1,HIGH,4.0,0.00417,0.34183,,,,,False,Alta,False,4 - Seguimiento normal,0.0296,0.0296
CVE-2022-50895,2026-01-13,8.8,HIGH,4.0,0.00554,0.42932,,,,,False,Alta,False,4 - Seguimiento normal,0.0488,0.0488
CVE-2022-50898,2026-01-13,8.6,HIGH,4.0,0.01112,0.62593,,,,,False,Alta,False,4 - Seguimiento normal,0.0956,0.0956
CVE-2025-15020,2026-01-14,6.5,MEDIUM,3.1,0.00307,0.22995,,,,,False,Media,False,4 - Seguimiento normal,0.02,0.02
CVE-2025-15378,2026-01-14,7.2,HIGH,3.1,0.00275,0.19616,,,,,False,Alta,False,4 - Seguimiento normal,0.0198,0.0198
CVE-2026-0741,2026-01-14,4.4,MEDIUM,3.1,0.00207,0.10928,,,,,False,Media,False,4 - Seguimiento normal,0.0091,0.0091
CVE-2026-23550,2026-01-14,9.8,CRITICAL,3.1,0.20631,0.97261,,,,,False,Crítica,True,2 - Explotación probable,2.0218,2.0218
CVE-2025-71117,2026-01-14,5.5,MEDIUM,3.1,0.00083,0.00306,,,,,False,Media,False,4 - Seguimiento normal,0.0046,0.0046
CVE-2025-71132,2026-01-14,5.5,MEDIUM,3.1,0.00114,0.01762,,,,,False,Media,False,4 - Seguimiento normal,0.0063,0.0063
CVE-2026-0962,2026-01-14,5.3,MEDIUM,3.1,0.00206,0.10827,,,,,False,Media,False,4 - Seguimiento normal,0.0109,0.0109
CVE-2025-13453,2026-01-14,5.1,MEDIUM,4.0,0.00121,0.02283,,,,,False,Media,False,4 - Seguimiento normal,0.0062,0.0062
CVE-2025-67084,2026-01-15,9.9,CRITICAL,3.1,0.004,0.32663,,,,,False,Crítica,False,3 - Grave pero sin explotación conocida,0.0396,0.0396
CVE-2025-71019,2026-01-15,7.5,HIGH,3.1,0.00311,0.23471,,,,,False,Alta,False,4 - Seguimiento normal,0.0233,0.0233
CVE-2021-47774,2026-01-15,8.4,HIGH,4.0,0.00496,0.39694,,,,,False,Alta,False,4 - Seguimiento normal,0.0417,0.0417
CVE-2026-22867,2026-01-15,8.7,HIGH,3.1,0.0025,0.16449,,,,,False,Alta,False,4 - Seguimiento normal,0.0217,0.0217
CVE-2026-21921,2026-01-15,7.1,HIGH,4.0,0.00335,0.25994,,,,,False,Alta,False,4 - Seguimiento normal,0.0238,0.0238
CVE-2025-68671,2026-01-15,6.5,MEDIUM,3.1,0.00239,0.15055,,,,,False,Media,False,4 - Seguimiento normal,0.0155,0.0155
CVE-2026-1009,2026-01-15,9.0,CRITICAL,3.1,0.00214,0.11837,,,,,False,Crítica,False,3 - Grave pero sin explotación conocida,0.0193,0.0193
CVE-2026-22045,2026-01-15,5.9,MEDIUM,3.1,0.00321,0.24515,,,,,False,Media,False,4 - Seguimiento normal,0.0189,0.0189
CVE-2021-47756,2026-01-16,8.4,HIGH,4.0,0.00183,0.08178,,,,,False,Alta,False,4 - Seguimiento normal,0.0154,0.0154
CVE-2021-47780,2026-01-16,8.5,HIGH,4.0,0.00223,0.1305,,,,,False,Alta,False,4 - Seguimiento normal,0.019,0.019
CVE-2021-47813,2026-01-16,6.7,MEDIUM,4.0,0.00361,0.28702,,,,,False,Media,False,4 - Seguimiento normal,0.0242,0.0242
CVE-2026-1020,2026-01-16,6.9,MEDIUM,4.0,0.00461,0.37532,,,,,False,Media,False,4 - Seguimiento normal,0.0318,0.0318
CVE-2021-47835,2026-01-16,5.1,MEDIUM,4.0,0.00409,0.33462,,,,,False,Media,False,4 - Seguimiento normal,0.0209,0.0209
CVE-2021-47838,2026-01-16,5.1,MEDIUM,4.0,0.00409,0.33463,,,,,False,Media,False,4 - Seguimiento normal,0.0209,0.0209
CVE-2021-47840,2026-01-16,5.1,MEDIUM,4.0,0.00409,0.33463,,,,,False,Media,False,4 - Seguimiento normal,0.0209,0.0209
CVE-2026-23731,2026-01-16,4.3,MEDIUM,3.1,0.00272,0.19362,,,,,False,Media,False,4 - Seguimiento normal,0.0117,0.0117
CVE-2024-8491,2026-01-16,,,,0.0,0.0,,,,,False,Sin puntaje,False,4 - Seguimiento normal,0.0,0.0
CVE-2024-8506,2026-01-16,,,,0.0,0.0,,,,,False,Sin puntaje,False,4 - Seguimiento normal,0.0,0.0
CVE-2026-0833,2026-01-17,6.4,MEDIUM,3.1,0.00241,0.15346,,,,,False,Media,False,4 - Seguimiento normal,0.0154,0.0154
CVE-2025-14478,2026-01-17,7.5,HIGH,3.1,0.0038,0.30633,,,,,False,Alta,False,4 - Seguimiento normal,0.0285,0.0285
CVE-2026-1110,2026-01-18,1.9,LOW,4.0,0.00262,0.17866,,,,,False,Baja,False,4 - Seguimiento normal,0.005,0.005
CVE-2025-15534,2026-01-18,1.9,LOW,4.0,0.00219,0.12494,,,,,False,Baja,False,4 - Seguimiento normal,0.0042,0.0042
CVE-2025-52661,2026-01-19,2.4,LOW,3.1,0.0015,0.04688,,,,,False,Baja,False,4 - Seguimiento normal,0.0036,0.0036
CVE-2026-23877,2026-01-19,5.3,MEDIUM,4.0,0.00511,0.40594,,,,,False,Media,False,4 - Seguimiento normal,0.0271,0.0271
CVE-2026-1196,2026-01-20,1.3,LOW,4.0,0.00409,0.33491,,,,,False,Baja,False,4 - Seguimiento normal,0.0053,0.0053
CVE-2025-14798,2026-01-20,5.3,MEDIUM,3.1,0.00246,0.16026,,,,,False,Media,False,4 - Seguimiento normal,0.013,0.013
CVE-2026-23913,2026-01-20,,,,0.0,0.0,,,,,False,Sin puntaje,False,4 - Seguimiento normal,0.0,0.0
CVE-2025-14369,2026-01-20,5.5,MEDIUM,3.1,0.00147,0.04392,,,,,False,Media,False,4 - Seguimiento normal,0.0081,0.0081
CVE-2025-9281,2026-01-20,8.7,HIGH,4.0,0.00525,0.41373,,,,,False,Alta,False,4 - Seguimiento normal,0.0457,0.0457
CVE-2025-12985,2026-01-20,8.4,HIGH,3.1,0.00124,0.02551,,,,,False,Alta,False,4 - Seguimiento normal,0.0104,0.0104
CVE-2025-54495,2026-01-20,6.1,MEDIUM,3.1,0.00286,0.20766,,,,,False,Media,False,4 - Seguimiento normal,0.0174,0.0174
CVE-2025-36408,2026-01-20,6.4,MEDIUM,3.1,0.00164,0.05968,,,,,False,Media,False,4 - Seguimiento normal,0.0105,0.0105
CVE-2025-67261,2026-01-20,6.5,MEDIUM,3.1,0.00183,0.08192,,,,,False,Media,False,4 - Seguimiento normal,0.0119,0.0119
CVE-2025-67263,2026-01-20,6.1,MEDIUM,3.1,0.00168,0.06387,,,,,False,Media,False,4 - Seguimiento normal,0.0102,0.0102
CVE-2026-21936,2026-01-20,4.9,MEDIUM,3.1,0.00337,0.26238,,,,,False,Media,False,4 - Seguimiento normal,0.0165,0.0165
CVE-2026-21969,2026-01-20,9.8,CRITICAL,3.1,0.00418,0.34262,,,,,False,Crítica,False,3 - Grave pero sin explotación conocida,0.041,0.041
CVE-2026-22444,2026-01-21,7.1,HIGH,3.1,0.00654,0.47565,,,,,False,Alta,False,4 - Seguimiento normal,0.0464,0.0464
CVE-2025-70646,2026-01-21,7.5,HIGH,3.1,0.00311,0.23469,,,,,False,Alta,False,4 - Seguimiento normal,0.0233,0.0233
CVE-2021-47858,2026-01-21,5.1,MEDIUM,4.0,0.00238,0.14999,,,,,False,Media,False,4 - Seguimiento normal,0.0121,0.0121
CVE-2026-23893,2026-01-22,6.8,MEDIUM,3.1,0.00162,0.0576,,,,,False,Media,False,4 - Seguimiento normal,0.011,0.011
CVE-2026-23946,2026-01-22,6.8,MEDIUM,3.1,0.00735,0.5067,,,,,False,Media,False,4 - Seguimiento normal,0.05,0.05
CVE-2020-8454,2026-01-22,,,,0.0,0.0,,,,,False,Sin puntaje,False,4 - Seguimiento normal,0.0,0.0
CVE-2023-22926,2026-01-22,,,,0.0,0.0,,,,,False,Sin puntaje,False,4 - Seguimiento normal,0.0,0.0
CVE-2025-15523,2026-01-22,4.8,MEDIUM,4.0,0.00146,0.0428,,,,,False,Media,False,4 - Seguimiento normal,0.007,0.007
CVE-2026-1324,2026-01-22,7.4,HIGH,4.0,0.06437,0.92991,,,,,False,Alta,False,4 - Seguimiento normal,0.4763,0.4763
CVE-2026-1327,2026-01-22,2.1,LOW,4.0,0.02646,0.84024,,,,,False,Baja,False,4 - Seguimiento normal,0.0556,0.0556
CVE-2025-69764,2026-01-22,9.8,CRITICAL,3.1,0.01001,0.59265,,,,,False,Crítica,False,3 - Grave pero sin explotación conocida,0.0981,0.0981
CVE-2025-49994,2026-01-22,8.1,HIGH,3.1,0.00519,0.41055,,,,,False,Alta,False,4 - Seguimiento normal,0.042,0.042
CVE-2025-50007,2026-01-22,8.8,HIGH,3.1,0.00405,0.33169,,,,,False,Alta,False,4 - Seguimiento normal,0.0356,0.0356
CVE-2025-5805,2026-01-22,6.5,MEDIUM,3.1,0.00311,0.23387,,,,,False,Media,False,4 - Seguimiento normal,0.0202,0.0202
CVE-2025-62754,2026-01-22,5.3,MEDIUM,3.1,0.00282,0.20381,,,,,False,Media,False,4 - Seguimiento normal,0.0149,0.0149
CVE-2025-67954,2026-01-22,6.5,MEDIUM,3.1,0.00355,0.28155,,,,,False,Media,False,4 - Seguimiento normal,0.0231,0.0231
CVE-2025-68518,2026-01-22,7.1,HIGH,3.1,0.00222,0.1288,,,,,False,Alta,False,4 - Seguimiento normal,0.0158,0.0158
CVE-2025-69004,2026-01-22,8.1,HIGH,3.1,0.00403,0.32979,,,,,False,Alta,False,4 - Seguimiento normal,0.0326,0.0326
CVE-2025-69047,2026-01-22,8.1,HIGH,3.1,0.00403,0.32992,,,,,False,Alta,False,4 - Seguimiento normal,0.0326,0.0326
CVE-2025-69049,2026-01-22,8.1,HIGH,3.1,0.00403,0.32993,,,,,False,Alta,False,4 - Seguimiento normal,0.0326,0.0326
CVE-2026-22348,2026-01-22,5.3,MEDIUM,3.1,0.00214,0.11924,,,,,False,Media,False,4 - Seguimiento normal,0.0113,0.0113
CVE-2026-22409,2026-01-22,3.8,LOW,3.1,0.00201,0.10281,,,,,False,Baja,False,4 - Seguimiento normal,0.0076,0.0076
CVE-2025-15059,2026-01-23,7.8,HIGH,3.1,0.00744,0.50958,,,,,False,Alta,False,4 - Seguimiento normal,0.058,0.058
CVE-2026-0794,2026-01-23,9.8,CRITICAL,3.1,0.00631,0.4658,,,,,False,Crítica,False,3 - Grave pero sin explotación conocida,0.0618,0.0618
CVE-2025-3839,2026-01-23,8.0,HIGH,3.1,0.00381,0.30726,,,,,False,Alta,False,4 - Seguimiento normal,0.0305,0.0305
CVE-2026-24600,2026-01-23,6.5,MEDIUM,3.1,0.00198,0.09878,,,,,False,Media,False,4 - Seguimiento normal,0.0129,0.0129
CVE-2026-24622,2026-01-23,5.4,MEDIUM,3.1,0.0017,0.06623,,,,,False,Media,False,4 - Seguimiento normal,0.0092,0.0092
CVE-2026-24626,2026-01-23,5.9,MEDIUM,3.1,0.00142,0.03942,,,,,False,Media,False,4 - Seguimiento normal,0.0084,0.0084
CVE-2026-22979,2026-01-23,5.5,MEDIUM,3.1,0.00121,0.02264,,,,,False,Media,False,4 - Seguimiento normal,0.0067,0.0067
CVE-2021-47891,2026-01-23,9.3,CRITICAL,4.0,0.00797,0.52748,,,,,False,Crítica,False,3 - Grave pero sin explotación conocida,0.0741,0.0741
CVE-2025-70983,2026-01-23,9.9,CRITICAL,3.1,0.00376,0.30237,,,,,False,Crítica,False,3 - Grave pero sin explotación conocida,0.0372,0.0372
CVE-2026-24128,2026-01-24,6.5,MEDIUM,4.0,0.00503,0.40098,,,,,False,Media,False,4 - Seguimiento normal,0.0327,0.0327
CVE-2026-0593,2026-01-24,5.3,MEDIUM,3.1,0.00234,0.14405,,,,,False,Media,False,4 - Seguimiento normal,0.0124,0.0124
CVE-2026-22998,2026-01-25,7.5,HIGH,3.1,0.0071,0.49771,,,,,False,Alta,False,4 - Seguimiento normal,0.0533,0.0533
CVE-2026-1409,2026-01-26,0.3,LOW,4.0,0.00348,0.27359,,,,,False,Baja,False,4 - Seguimiento normal,0.001,0.001
CVE-2026-1424,2026-01-26,2.0,LOW,4.0,0.0043,0.35199,,,,,False,Baja,False,4 - Seguimiento normal,0.0086,0.0086
CVE-2020-36952,2026-01-26,8.5,HIGH,4.0,0.00153,0.04911,,,,,False,Alta,False,4 - Seguimiento normal,0.013,0.013
CVE-2025-11065,2026-01-26,5.3,MEDIUM,3.1,0.00357,0.28307,,,,,False,Media,False,4 - Seguimiento normal,0.0189,0.0189
CVE-2025-9820,2026-01-26,4.0,MEDIUM,3.1,0.00203,0.10496,,,,,False,Media,False,4 - Seguimiento normal,0.0081,0.0081
CVE-2026-24800,2026-01-27,10.0,CRITICAL,4.0,0.0028,0.20257,,,,,False,Crítica,False,3 - Grave pero sin explotación conocida,0.028,0.028
CVE-2025-66199,2026-01-27,5.9,MEDIUM,3.1,0.00403,0.32913,,,,,False,Media,False,4 - Seguimiento normal,0.0238,0.0238
CVE-2025-69418,2026-01-27,4.0,MEDIUM,3.1,0.00115,0.01816,,,,,False,Media,False,4 - Seguimiento normal,0.0046,0.0046
CVE-2026-0648,2026-01-27,7.8,HIGH,3.1,0.00105,0.01249,,,,,False,Alta,False,4 - Seguimiento normal,0.0082,0.0082
CVE-2026-24871,2026-01-27,10.0,CRITICAL,4.0,0.00286,0.2084,,,,,False,Crítica,False,3 - Grave pero sin explotación conocida,0.0286,0.0286
CVE-2026-23593,2026-01-27,7.5,HIGH,3.1,0.00639,0.46925,,,,,False,Alta,False,4 - Seguimiento normal,0.0479,0.0479
CVE-2026-24747,2026-01-27,8.8,HIGH,3.1,0.00695,0.49205,,,,,False,Alta,False,4 - Seguimiento normal,0.0612,0.0612
CVE-2026-24852,2026-01-28,6.1,MEDIUM,3.1,0.00249,0.16356,,,,,False,Media,False,4 - Seguimiento normal,0.0152,0.0152
CVE-2026-24863,2026-01-28,,,,0.0,0.0,,,,,False,Sin puntaje,False,4 - Seguimiento normal,0.0,0.0
CVE-2026-0818,2026-01-28,4.3,MEDIUM,3.1,0.00159,0.05447,,,,,False,Media,False,4 - Seguimiento normal,0.0068,0.0068
CVE-2026-0702,2026-01-28,7.5,HIGH,3.1,0.00409,0.33465,,,,,False,Alta,False,4 - Seguimiento normal,0.0307,0.0307
CVE-2025-14865,2026-01-28,6.4,MEDIUM,3.1,0.00248,0.16267,,,,,False,Media,False,4 - Seguimiento normal,0.0159,0.0159
CVE-2025-33219,2026-01-28,7.8,HIGH,3.1,0.00186,0.08519,,,,,False,Alta,False,4 - Seguimiento normal,0.0145,0.0145
CVE-2022-40620,2026-01-28,7.7,HIGH,3.1,0.00274,0.19537,,,,,False,Alta,False,4 - Seguimiento normal,0.0211,0.0211
CVE-2026-1551,2026-01-29,2.1,LOW,4.0,0.0037,0.29576,,,,,False,Baja,False,4 - Seguimiento normal,0.0078,0.0078
CVE-2025-7016,2026-01-29,8.0,HIGH,3.1,0.003,0.22203,,,,,False,Alta,False,4 - Seguimiento normal,0.024,0.024
CVE-2026-1587,2026-01-29,5.5,MEDIUM,4.0,0.0051,0.405,,,,,False,Media,False,4 - Seguimiento normal,0.0281,0.0281
CVE-2020-37010,2026-01-29,8.4,HIGH,4.0,0.00436,0.35728,,,,,False,Alta,False,4 - Seguimiento normal,0.0366,0.0366
CVE-2020-37017,2026-01-29,8.5,HIGH,4.0,0.00121,0.02268,,,,,False,Alta,False,4 - Seguimiento normal,0.0103,0.0103
CVE-2025-62348,2026-01-30,7.3,HIGH,4.0,0.00179,0.07704,,,,,False,Alta,False,4 - Seguimiento normal,0.0131,0.0131
CVE-2025-36070,2026-01-30,6.5,MEDIUM,3.1,0.0035,0.27615,,,,,False,Media,False,4 - Seguimiento normal,0.0227,0.0227
CVE-2025-36365,2026-01-30,6.8,MEDIUM,3.1,0.00261,0.17771,,,,,False,Media,False,4 - Seguimiento normal,0.0177,0.0177
CVE-2020-37025,2026-01-30,8.4,HIGH,4.0,0.00157,0.05339,,,,,False,Alta,False,4 - Seguimiento normal,0.0132,0.0132
CVE-2026-0683,2026-01-31,6.5,MEDIUM,3.1,0.00343,0.26823,,,,,False,Media,False,4 - Seguimiento normal,0.0223,0.0223
CVE-2026-23037,2026-01-31,,,,0.00217,0.12271,,,,,False,Sin puntaje,False,4 - Seguimiento normal,0.0,0.0
CVE-2021-47912,2026-02-01,5.1,MEDIUM,4.0,0.00217,0.12328,,,,,False,Media,False,4 - Seguimiento normal,0.0111,0.0111
CVE-2025-9974,2026-02-02,8.0,HIGH,3.1,0.00401,0.3276,,,,,False,Alta,False,4 - Seguimiento normal,0.0321,0.0321
CVE-2024-4147,2026-02-02,6.5,MEDIUM,3.1,0.00388,0.31457,,,,,False,Media,False,4 - Seguimiento normal,0.0252,0.0252
CVE-2026-24071,2026-02-02,7.8,HIGH,3.1,0.00146,0.04284,,,,,False,Alta,False,4 - Seguimiento normal,0.0114,0.0114
CVE-2026-22222,2026-02-02,8.5,HIGH,4.0,0.01423,0.70114,,,,,False,Alta,False,4 - Seguimiento normal,0.121,0.121
CVE-2025-66480,2026-02-02,9.8,CRITICAL,3.1,0.01395,0.6957,,,,,False,Crítica,False,3 - Grave pero sin explotación conocida,0.1367,0.1367
CVE-2026-22778,2026-02-02,9.8,CRITICAL,3.1,0.03723,0.88649,,,,,False,Crítica,False,3 - Grave pero sin explotación conocida,0.3649,0.3649
CVE-2025-61652,2026-02-03,2.7,LOW,4.0,0.00253,0.16813,,,,,False,Baja,False,4 - Seguimiento normal,0.0068,0.0068
CVE-2025-61655,2026-02-03,0.0,NONE,4.0,0.00144,0.04111,,,,,False,Baja,False,4 - Seguimiento normal,0.0,0.0
CVE-2026-1058,2026-02-03,7.1,HIGH,3.1,0.0032,0.24407,,,,,False,Alta,False,4 - Seguimiento normal,0.0227,0.0227
CVE-2025-8589,2026-02-03,7.6,HIGH,3.1,0.00258,0.17435,,,,,False,Alta,False,4 - Seguimiento normal,0.0196,0.0196
CVE-2026-24965,2026-02-03,4.3,MEDIUM,3.1,0.00197,0.09703,,,,,False,Media,False,4 - Seguimiento normal,0.0085,0.0085
CVE-2026-24967,2026-02-03,5.3,MEDIUM,3.1,0.00228,0.13675,,,,,False,Media,False,4 - Seguimiento normal,0.0121,0.0121
CVE-2026-24982,2026-02-03,5.3,MEDIUM,3.1,0.00228,0.13674,,,,,False,Media,False,4 - Seguimiento normal,0.0121,0.0121
CVE-2026-24986,2026-02-03,5.4,MEDIUM,3.1,0.00095,0.00802,,,,,False,Media,False,4 - Seguimiento normal,0.0051,0.0051
CVE-2026-25019,2026-02-03,5.3,MEDIUM,3.1,0.00171,0.06732,,,,,False,Media,False,4 - Seguimiento normal,0.0091,0.0091
CVE-2026-1568,2026-02-03,9.6,CRITICAL,3.1,0.00142,0.03908,,,,,False,Crítica,False,3 - Grave pero sin explotación conocida,0.0136,0.0136
CVE-2025-70311,2026-02-03,6.5,MEDIUM,3.1,0.00215,0.12098,,,,,False,Media,False,4 - Seguimiento normal,0.014,0.014
CVE-2025-70560,2026-02-03,8.4,HIGH,3.1,0.00143,0.04008,,,,,False,Alta,False,4 - Seguimiento normal,0.012,0.012
CVE-2026-25503,2026-02-03,7.1,HIGH,3.1,0.00253,0.16818,,,,,False,Alta,False,4 - Seguimiento normal,0.018,0.018
CVE-2026-25223,2026-02-03,7.5,HIGH,3.1,0.0077,0.51869,,,,,False,Alta,False,4 - Seguimiento normal,0.0578,0.0578
CVE-2026-25224,2026-02-03,3.7,LOW,3.1,0.00488,0.39207,,,,,False,Baja,False,4 - Seguimiento normal,0.0181,0.0181
CVE-2025-33081,2026-02-03,3.3,LOW,3.1,0.00088,0.00474,,,,,False,Baja,False,4 - Seguimiento normal,0.0029,0.0029
CVE-2025-15260,2026-02-04,6.5,MEDIUM,3.1,0.00274,0.19585,,,,,False,Media,False,4 - Seguimiento normal,0.0178,0.0178
CVE-2025-14740,2026-02-04,6.7,MEDIUM,3.1,0.00196,0.09615,,,,,False,Media,False,4 - Seguimiento normal,0.0131,0.0131
CVE-2025-71193,2026-02-04,,,,0.00168,0.06408,,,,,False,Sin puntaje,False,4 - Seguimiento normal,0.0,0.0
CVE-2025-71195,2026-02-04,,,,0.00168,0.06409,,,,,False,Sin puntaje,False,4 - Seguimiento normal,0.0,0.0
CVE-2026-23066,2026-02-04,7.8,HIGH,3.1,0.00129,0.02944,,,,,False,Alta,False,4 - Seguimiento normal,0.0101,0.0101
CVE-2026-23088,2026-02-04,5.5,MEDIUM,3.1,0.00122,0.02335,,,,,False,Media,False,4 - Seguimiento normal,0.0067,0.0067
CVE-2026-25511,2026-02-04,8.2,HIGH,4.0,0.00396,0.32238,,,,,False,Alta,False,4 - Seguimiento normal,0.0325,0.0325
CVE-2025-10314,2026-02-05,8.8,HIGH,3.1,0.00148,0.04469,,,,,False,Alta,False,4 - Seguimiento normal,0.013,0.013
CVE-2026-1927,2026-02-05,5.4,MEDIUM,3.1,0.00186,0.08481,,,,,False,Media,False,4 - Seguimiento normal,0.01,0.01
CVE-2020-37143,2026-02-05,4.6,MEDIUM,4.0,0.00337,0.2617,,,,,False,Media,False,4 - Seguimiento normal,0.0155,0.0155
CVE-2025-15289,2026-02-05,3.1,LOW,3.1,0.00216,0.12217,,,,,False,Baja,False,4 - Seguimiento normal,0.0067,0.0067
CVE-2025-15321,2026-02-05,2.7,LOW,3.1,0.00245,0.1579,,,,,False,Baja,False,4 - Seguimiento normal,0.0066,0.0066
CVE-2026-0391,2026-02-05,6.5,MEDIUM,3.1,0.00595,0.44882,,,,,False,Media,False,4 - Seguimiento normal,0.0387,0.0387
CVE-2026-24302,2026-02-05,8.6,HIGH,3.1,0.01526,0.72055,,,,,False,Alta,False,4 - Seguimiento normal,0.1312,0.1312
CVE-2026-24926,2026-02-06,8.4,HIGH,3.1,0.00105,0.01262,,,,,False,Alta,False,4 - Seguimiento normal,0.0088,0.0088
CVE-2019-25299,2026-02-06,7.1,HIGH,4.0,0.00214,0.11876,,,,,False,Alta,False,4 - Seguimiento normal,0.0152,0.0152
CVE-2020-37095,2026-02-07,8.4,HIGH,4.0,0.0067,0.48212,,,,,False,Alta,False,4 - Seguimiento normal,0.0563,0.0563
CVE-2026-2088,2026-02-07,5.5,MEDIUM,4.0,0.00381,0.30737,,,,,False,Media,False,4 - Seguimiento normal,0.021,0.021
CVE-2026-2160,2026-02-08,2.1,LOW,4.0,0.00262,0.17893,,,,,False,Baja,False,4 - Seguimiento normal,0.0055,0.0055
CVE-2025-66607,2026-02-09,6.3,MEDIUM,4.0,0.00169,0.06547,,,,,False,Media,False,4 - Seguimiento normal,0.0106,0.0106
CVE-2026-2213,2026-02-09,2.0,LOW,4.0,0.00283,0.2055,,,,,False,Baja,False,4 - Seguimiento normal,0.0057,0.0057
CVE-2025-15572,2026-02-10,1.9,LOW,4.0,0.00157,0.05333,,,,,False,Baja,False,4 - Seguimiento normal,0.003,0.003
CVE-2025-27708,2026-02-10,5.6,MEDIUM,4.0,0.00099,0.00952,,,,,False,Media,False,4 - Seguimiento normal,0.0055,0.0055
CVE-2026-21243,2026-02-10,7.5,HIGH,3.1,0.0134,0.68356,,,,,False,Alta,False,4 - Seguimiento normal,0.1005,0.1005
CVE-2026-21246,2026-02-10,7.8,HIGH,3.1,0.00417,0.3422,,,,,False,Alta,False,4 - Seguimiento normal,0.0325,0.0325
CVE-2026-21248,2026-02-10,7.3,HIGH,3.1,0.01243,0.66128,,,,,False,Alta,False,4 - Seguimiento normal,0.0907,0.0907
CVE-2026-21312,2026-02-10,7.8,HIGH,3.1,0.00184,0.0829,,,,,False,Alta,False,4 - Seguimiento normal,0.0144,0.0144
CVE-2026-21528,2026-02-10,6.5,MEDIUM,3.1,0.00512,0.40662,,,,,False,Media,False,4 - Seguimiento normal,0.0333,0.0333
CVE-2026-21533,2026-02-10,7.8,HIGH,3.1,0.03846,0.8903,Microsoft,Windows,2026-02-10,Unknown,True,Alta,False,1 - Explotada activamente,0.3,10.0
CVE-2026-23655,2026-02-10,6.5,MEDIUM,3.1,0.00954,0.57716,,,,,False,Media,False,4 - Seguimiento normal,0.062,0.062
CVE-2026-25992,2026-02-10,7.5,HIGH,3.1,0.00505,0.40256,,,,,False,Alta,False,4 - Seguimiento normal,0.0379,0.0379
CVE-2026-25609,2026-02-10,5.3,MEDIUM,4.0,0.00173,0.0703,,,,,False,Media,False,4 - Seguimiento normal,0.0092,0.0092
CVE-2021-26381,2026-02-10,7.1,HIGH,4.0,0.00146,0.04295,,,,,False,Alta,False,4 - Seguimiento normal,0.0104,0.0104
CVE-2025-29948,2026-02-10,5.9,MEDIUM,4.0,0.00144,0.0409,,,,,False,Media,False,4 - Seguimiento normal,0.0085,0.0085
CVE-2026-26037,2026-02-11,,,,0.0,0.0,,,,,False,Sin puntaje,False,4 - Seguimiento normal,0.0,0.0
CVE-2025-47209,2026-02-11,1.3,LOW,4.0,0.00391,0.31752,,,,,False,Baja,False,4 - Seguimiento normal,0.0051,0.0051
CVE-2025-57713,2026-02-11,1.3,LOW,4.0,0.00512,0.40658,,,,,False,Baja,False,4 - Seguimiento normal,0.0067,0.0067
CVE-2026-24789,2026-02-11,9.3,CRITICAL,4.0,0.0067,0.48214,,,,,False,Crítica,False,3 - Grave pero sin explotación conocida,0.0623,0.0623
CVE-2025-70084,2026-02-11,7.5,HIGH,3.1,0.00759,0.51455,,,,,False,Alta,False,4 - Seguimiento normal,0.0569,0.0569
CVE-2026-2323,2026-02-11,4.3,MEDIUM,3.1,0.00223,0.13116,,,,,False,Media,False,4 - Seguimiento normal,0.0096,0.0096
CVE-2020-37202,2026-02-11,4.6,MEDIUM,4.0,0.00333,0.25835,,,,,False,Media,False,4 - Seguimiento normal,0.0153,0.0153
CVE-2020-37203,2026-02-11,4.6,MEDIUM,4.0,0.00333,0.25835,,,,,False,Media,False,4 - Seguimiento normal,0.0153,0.0153
CVE-2020-37215,2026-02-11,4.6,MEDIUM,4.0,0.00231,0.14113,,,,,False,Media,False,4 - Seguimiento normal,0.0106,0.0106
CVE-2026-26029,2026-02-11,7.5,HIGH,3.1,0.00911,0.56336,,,,,False,Alta,False,4 - Seguimiento normal,0.0683,0.0683
CVE-2026-1104,2026-02-12,8.8,HIGH,3.1,0.00266,0.18381,,,,,False,Alta,False,4 - Seguimiento normal,0.0234,0.0234
CVE-2025-61879,2026-02-12,7.7,HIGH,3.1,0.0026,0.17654,,,,,False,Alta,False,4 - Seguimiento normal,0.02,0.02
CVE-2019-25345,2026-02-12,8.5,HIGH,4.0,0.00127,0.02747,,,,,False,Alta,False,4 - Seguimiento normal,0.0108,0.0108
CVE-2026-0619,2026-02-12,6.0,MEDIUM,4.0,0.00306,0.22877,,,,,False,Media,False,4 - Seguimiento normal,0.0184,0.0184
CVE-2026-1358,2026-02-12,9.3,CRITICAL,4.0,0.01207,0.65166,,,,,False,Crítica,False,3 - Grave pero sin explotación conocida,0.1123,0.1123
CVE-2019-25328,2026-02-12,6.7,MEDIUM,4.0,0.00314,0.23734,,,,,False,Media,False,4 - Seguimiento normal,0.021,0.021
CVE-2019-25341,2026-02-12,6.7,MEDIUM,4.0,0.00304,0.22673,,,,,False,Media,False,4 - Seguimiento normal,0.0204,0.0204
CVE-2026-1721,2026-02-13,6.2,MEDIUM,4.0,0.00371,0.29688,,,,,False,Media,False,4 - Seguimiento normal,0.023,0.023
CVE-2025-24492,2026-02-13,,,,0.0,0.0,,,,,False,Sin puntaje,False,4 - Seguimiento normal,0.0,0.0
CVE-2025-24518,2026-02-13,,,,0.0,0.0,,,,,False,Sin puntaje,False,4 - Seguimiento normal,0.0,0.0
CVE-2025-25049,2026-02-13,,,,0.0,0.0,,,,,False,Sin puntaje,False,4 - Seguimiento normal,0.0,0.0
CVE-2025-27569,2026-02-13,,,,0.0,0.0,,,,,False,Sin puntaje,False,4 - Seguimiento normal,0.0,0.0
CVE-2025-32009,2026-02-13,,,,0.0,0.0,,,,,False,Sin puntaje,False,4 - Seguimiento normal,0.0,0.0
CVE-2026-25991,2026-02-13,7.7,HIGH,3.1,0.00283,0.20569,,,,,False,Alta,False,4 - Seguimiento normal,0.0218,0.0218
CVE-2025-68126,2026-02-13,,,,0.0,0.0,,,,,False,Sin puntaje,False,4 - Seguimiento normal,0.0,0.0
CVE-2026-26333,2026-02-13,10.0,CRITICAL,4.0,0.00929,0.56911,,,,,False,Crítica,False,3 - Grave pero sin explotación conocida,0.0929,0.0929
CVE-2025-70956,2026-02-13,7.5,HIGH,3.1,0.00455,0.37118,,,,,False,Alta,False,4 - Seguimiento normal,0.0341,0.0341
CVE-2026-1306,2026-02-14,9.8,CRITICAL,3.1,0.04458,0.90433,,,,,False,Crítica,False,3 - Grave pero sin explotación conocida,0.4369,0.4369
CVE-2026-1903,2026-02-14,6.4,MEDIUM,3.1,0.00245,0.1585,,,,,False,Media,False,4 - Seguimiento normal,0.0157,0.0157
CVE-2026-23120,2026-02-14,5.5,MEDIUM,3.1,0.00114,0.01749,,,,,False,Media,False,4 - Seguimiento normal,0.0063,0.0063
CVE-2026-23181,2026-02-14,,,,0.00156,0.05206,,,,,False,Sin puntaje,False,4 - Seguimiento normal,0.0,0.0
CVE-2026-2517,2026-02-15,5.5,MEDIUM,4.0,0.00499,0.39882,,,,,False,Media,False,4 - Seguimiento normal,0.0274,0.0274
CVE-2019-25369,2026-02-15,5.1,MEDIUM,4.0,0.00199,0.10025,,,,,False,Media,False,4 - Seguimiento normal,0.0101,0.0101
CVE-2025-15578,2026-02-16,9.8,CRITICAL,3.1,0.00278,0.19974,,,,,False,Crítica,False,3 - Grave pero sin explotación conocida,0.0272,0.0272
CVE-2025-36019,2026-02-17,6.1,MEDIUM,3.1,0.00162,0.05811,,,,,False,Media,False,4 - Seguimiento normal,0.0099,0.0099
CVE-2026-22284,2026-02-17,6.6,MEDIUM,3.1,0.00944,0.57411,,,,,False,Media,False,4 - Seguimiento normal,0.0623,0.0623
CVE-2026-2621,2026-02-17,5.5,MEDIUM,4.0,0.00254,0.16928,,,,,False,Media,False,4 - Seguimiento normal,0.014,0.014
CVE-2025-33135,2026-02-17,6.1,MEDIUM,3.1,0.00172,0.06847,,,,,False,Media,False,4 - Seguimiento normal,0.0105,0.0105
CVE-2026-1072,2026-02-18,4.3,MEDIUM,3.1,0.00156,0.05236,,,,,False,Media,False,4 - Seguimiento normal,0.0067,0.0067
CVE-2026-1368,2026-02-18,7.5,HIGH,3.1,0.01211,0.65282,,,,,False,Alta,False,4 - Seguimiento normal,0.0908,0.0908
CVE-2026-2023,2026-02-18,4.3,MEDIUM,3.1,0.00156,0.05236,,,,,False,Media,False,4 - Seguimiento normal,0.0067,0.0067
CVE-2026-2644,2026-02-18,1.9,LOW,4.0,0.00221,0.12797,,,,,False,Baja,False,4 - Seguimiento normal,0.0042,0.0042
CVE-2025-33241,2026-02-18,7.8,HIGH,3.1,0.00219,0.125,,,,,False,Alta,False,4 - Seguimiento normal,0.0171,0.0171
CVE-2025-71235,2026-02-18,5.5,MEDIUM,3.1,0.00118,0.02031,,,,,False,Media,False,4 - Seguimiento normal,0.0065,0.0065
CVE-2025-70149,2026-02-18,9.8,CRITICAL,3.1,0.00351,0.27665,,,,,False,Crítica,False,3 - Grave pero sin explotación conocida,0.0344,0.0344
CVE-2026-2658,2026-02-18,2.1,LOW,4.0,0.00273,0.19458,,,,,False,Baja,False,4 - Seguimiento normal,0.0057,0.0057
CVE-2026-2659,2026-02-18,1.9,LOW,4.0,0.00213,0.11729,,,,,False,Baja,False,4 - Seguimiento normal,0.004,0.004
CVE-2025-69287,2026-02-18,5.4,MEDIUM,3.1,0.00286,0.20866,,,,,False,Media,False,4 - Seguimiento normal,0.0154,0.0154
CVE-2026-27179,2026-02-18,8.8,HIGH,4.0,0.00468,0.37925,,,,,False,Alta,False,4 - Seguimiento normal,0.0412,0.0412
CVE-2025-12451,2026-02-19,4.4,MEDIUM,3.1,0.00239,0.15118,,,,,False,Media,False,4 - Seguimiento normal,0.0105,0.0105
CVE-2025-12884,2026-02-19,4.3,MEDIUM,3.1,0.00284,0.20667,,,,,False,Media,False,4 - Seguimiento normal,0.0122,0.0122
CVE-2026-0722,2026-02-19,6.5,MEDIUM,3.1,0.00397,0.32357,,,,,False,Media,False,4 - Seguimiento normal,0.0258,0.0258
CVE-2026-22333,2026-02-19,7.2,HIGH,3.1,0.00469,0.38002,,,,,False,Alta,False,4 - Seguimiento normal,0.0338,0.0338
CVE-2026-25315,2026-02-19,5.3,MEDIUM,3.1,0.00228,0.13676,,,,,False,Media,False,4 - Seguimiento normal,0.0121,0.0121
CVE-2026-25393,2026-02-19,4.3,MEDIUM,3.1,0.00185,0.08366,,,,,False,Media,False,4 - Seguimiento normal,0.008,0.008
CVE-2026-27059,2026-02-19,6.5,MEDIUM,3.1,0.0013,0.03036,,,,,False,Media,False,4 - Seguimiento normal,0.0084,0.0084
CVE-2019-25417,2026-02-19,5.1,MEDIUM,4.0,0.00399,0.32614,,,,,False,Media,False,4 - Seguimiento normal,0.0203,0.0203
CVE-2019-25418,2026-02-19,5.1,MEDIUM,4.0,0.00344,0.26901,,,,,False,Media,False,4 - Seguimiento normal,0.0175,0.0175
CVE-2019-25423,2026-02-19,5.1,MEDIUM,4.0,0.00399,0.32615,,,,,False,Media,False,4 - Seguimiento normal,0.0203,0.0203
CVE-2025-71241,2026-02-19,4.8,MEDIUM,4.0,0.00184,0.08267,,,,,False,Media,False,4 - Seguimiento normal,0.0088,0.0088
CVE-2026-23607,2026-02-19,5.1,MEDIUM,4.0,0.00173,0.07018,,,,,False,Media,False,4 - Seguimiento normal,0.0088,0.0088
CVE-2026-26338,2026-02-19,6.9,MEDIUM,4.0,0.0036,0.28627,,,,,False,Media,False,4 - Seguimiento normal,0.0248,0.0248
CVE-2025-67305,2026-02-19,9.8,CRITICAL,3.1,0.00494,0.39536,,,,,False,Crítica,False,3 - Grave pero sin explotación conocida,0.0484,0.0484
CVE-2026-26977,2026-02-20,6.9,MEDIUM,4.0,0.00289,0.21113,,,,,False,Media,False,4 - Seguimiento normal,0.0199,0.0199
CVE-2025-67975,2026-02-20,6.5,MEDIUM,3.1,0.00316,0.23976,,,,,False,Media,False,4 - Seguimiento normal,0.0205,0.0205
CVE-2025-68543,2026-02-20,8.1,HIGH,3.1,0.00561,0.43285,,,,,False,Alta,False,4 - Seguimiento normal,0.0454,0.0454
CVE-2025-68862,2026-02-20,7.7,HIGH,3.1,0.00352,0.27763,,,,,False,Alta,False,4 - Seguimiento normal,0.0271,0.0271
CVE-2025-69296,2026-02-20,7.1,HIGH,3.1,0.0023,0.1394,,,,,False,Alta,False,4 - Seguimiento normal,0.0163,0.0163
CVE-2025-69379,2026-02-20,8.6,HIGH,3.1,0.00371,0.29758,,,,,False,Alta,False,4 - Seguimiento normal,0.0319,0.0319
CVE-2025-69397,2026-02-20,8.1,HIGH,3.1,0.00512,0.4062,,,,,False,Alta,False,4 - Seguimiento normal,0.0415,0.0415
CVE-2026-2832,2026-02-20,5.3,MEDIUM,4.0,0.00155,0.05148,,,,,False,Media,False,4 - Seguimiento normal,0.0082,0.0082
CVE-2026-2854,2026-02-20,7.4,HIGH,4.0,0.00642,0.47029,,,,,False,Alta,False,4 - Seguimiento normal,0.0475,0.0475
CVE-2026-27121,2026-02-20,5.1,MEDIUM,4.0,0.00189,0.08791,,,,,False,Media,False,4 - Seguimiento normal,0.0096,0.0096
CVE-2026-2039,2026-02-20,9.8,CRITICAL,3.1,0.00673,0.48372,,,,,False,Crítica,False,3 - Grave pero sin explotación conocida,0.066,0.066
CVE-2026-2047,2026-02-20,7.8,HIGH,3.1,0.0062,0.46083,,,,,False,Alta,False,4 - Seguimiento normal,0.0484,0.0484
CVE-2026-26046,2026-02-21,7.2,HIGH,3.1,0.02202,0.80672,,,,,False,Alta,False,4 - Seguimiento normal,0.1585,0.1585
CVE-2026-2930,2026-02-22,2.1,LOW,4.0,0.00301,0.22351,,,,,False,Baja,False,4 - Seguimiento normal,0.0063,0.0063
CVE-2025-70043,2026-02-23,9.1,CRITICAL,3.1,0.00183,0.08152,,,,,False,Crítica,False,3 - Grave pero sin explotación conocida,0.0167,0.0167
CVE-2026-22567,2026-02-23,7.6,HIGH,3.1,0.00196,0.09616,,,,,False,Alta,False,4 - Seguimiento normal,0.0149,0.0149
CVE-2025-61143,2026-02-23,5.5,MEDIUM,3.1,0.00113,0.01666,,,,,False,Media,False,4 - Seguimiento normal,0.0062,0.0062
CVE-2025-69232,2026-02-23,2.7,LOW,4.0,0.00355,0.28123,,,,,False,Baja,False,4 - Seguimiento normal,0.0096,0.0096
CVE-2026-25897,2026-02-24,6.5,MEDIUM,3.1,0.00302,0.22425,,,,,False,Media,False,4 - Seguimiento normal,0.0196,0.0196
CVE-2026-25898,2026-02-24,6.5,MEDIUM,3.1,0.00348,0.27332,,,,,False,Media,False,4 - Seguimiento normal,0.0226,0.0226
CVE-2026-25985,2026-02-24,7.5,HIGH,3.1,0.00501,0.39969,,,,,False,Alta,False,4 - Seguimiento normal,0.0376,0.0376
CVE-2026-3065,2026-02-24,2.1,LOW,4.0,0.30467,0.98043,,,,,False,Baja,True,2 - Explotación probable,0.6398,0.6398
CVE-2025-15589,2026-02-24,2.0,LOW,4.0,0.00676,0.48495,,,,,False,Baja,False,4 - Seguimiento normal,0.0135,0.0135
CVE-2026-1229,2026-02-24,2.9,LOW,4.0,0.00397,0.32381,,,,,False,Baja,False,4 - Seguimiento normal,0.0115,0.0115
CVE-2024-1524,2026-02-24,7.7,HIGH,3.1,0.00261,0.17749,,,,,False,Alta,False,4 - Seguimiento normal,0.0201,0.0201
CVE-2026-23980,2026-02-24,5.3,MEDIUM,4.0,0.00503,0.4011,,,,,False,Media,False,4 - Seguimiento normal,0.0267,0.0267
CVE-2026-2788,2026-02-24,9.8,CRITICAL,3.1,0.00416,0.34091,,,,,False,Crítica,False,3 - Grave pero sin explotación conocida,0.0408,0.0408
CVE-2026-27507,2026-02-24,9.3,CRITICAL,4.0,0.00365,0.29154,,,,,False,Crítica,False,3 - Grave pero sin explotación conocida,0.0339,0.0339
CVE-2026-21410,2026-02-24,9.3,CRITICAL,4.0,0.00538,0.42096,,,,,False,Crítica,False,3 - Grave pero sin explotación conocida,0.05,0.05
CVE-2025-69231,2026-02-25,8.7,HIGH,3.1,0.03607,0.88267,,,,,False,Alta,False,4 - Seguimiento normal,0.3138,0.3138
CVE-2026-27628,2026-02-25,1.2,LOW,4.0,0.00346,0.27124,,,,,False,Baja,False,4 - Seguimiento normal,0.0042,0.0042
CVE-2026-27710,2026-02-26,5.1,MEDIUM,4.0,0.00129,0.02879,,,,,False,Media,False,4 - Seguimiento normal,0.0066,0.0066
CVE-2026-1311,2026-02-26,8.8,HIGH,3.1,0.00734,0.50639,,,,,False,Alta,False,4 - Seguimiento normal,0.0646,0.0646
CVE-2026-26227,2026-02-26,6.3,MEDIUM,4.0,0.00287,0.20947,,,,,False,Media,False,4 - Seguimiento normal,0.0181,0.0181
CVE-2026-22715,2026-02-26,5.9,MEDIUM,3.1,0.00203,0.1051,,,,,False,Media,False,4 - Seguimiento normal,0.012,0.012
CVE-2025-11382,2026-02-26,,,,0.0,0.0,,,,,False,Sin puntaje,False,4 - Seguimiento normal,0.0,0.0
CVE-2026-27509,2026-02-26,8.5,HIGH,4.0,0.00481,0.38747,,,,,False,Alta,False,4 - Seguimiento normal,0.0409,0.0409
CVE-2026-27151,2026-02-26,1.3,LOW,4.0,0.00154,0.05042,,,,,False,Baja,False,4 - Seguimiento normal,0.002,0.002
CVE-2026-28274,2026-02-26,8.7,HIGH,3.1,0.00551,0.42803,,,,,False,Alta,False,4 - Seguimiento normal,0.0479,0.0479
CVE-2026-20733,2026-02-27,6.9,MEDIUM,4.0,0.00272,0.19353,,,,,False,Media,False,4 - Seguimiento normal,0.0188,0.0188
CVE-2026-3293,2026-02-27,1.9,LOW,4.0,0.00209,0.11198,,,,,False,Baja,False,4 - Seguimiento normal,0.004,0.004
CVE-2026-2293,2026-02-27,8.2,HIGH,4.0,0.00666,0.48045,,,,,False,Alta,False,4 - Seguimiento normal,0.0546,0.0546
CVE-2026-26862,2026-02-27,8.3,HIGH,3.1,0.00366,0.29173,,,,,False,Alta,False,4 - Seguimiento normal,0.0304,0.0304
CVE-2026-27836,2026-02-27,7.5,HIGH,3.1,0.0041,0.33586,,,,,False,Alta,False,4 - Seguimiento normal,0.0308,0.0308
CVE-2026-28231,2026-02-27,5.5,MEDIUM,4.0,0.00632,0.46607,,,,,False,Media,False,4 - Seguimiento normal,0.0348,0.0348
CVE-2026-3255,2026-02-27,6.5,MEDIUM,3.1,0.00418,0.34282,,,,,False,Media,False,4 - Seguimiento normal,0.0272,0.0272
CVE-2026-28411,2026-02-27,9.8,CRITICAL,3.1,0.00593,0.44822,,,,,False,Crítica,False,3 - Grave pero sin explotación conocida,0.0581,0.0581
CVE-2026-28558,2026-02-28,5.1,MEDIUM,4.0,0.00208,0.11089,,,,,False,Media,False,4 - Seguimiento normal,0.0106,0.0106
CVE-2026-3378,2026-03-01,7.4,HIGH,4.0,0.00655,0.4761,,,,,False,Alta,False,4 - Seguimiento normal,0.0485,0.0485
CVE-2026-3408,2026-03-02,2.1,LOW,4.0,0.00489,0.39255,,,,,False,Baja,False,4 - Seguimiento normal,0.0103,0.0103
CVE-2026-2448,2026-03-03,8.8,HIGH,3.1,0.00888,0.5561,,,,,False,Alta,False,4 - Seguimiento normal,0.0781,0.0781
CVE-2025-15598,2026-03-03,2.9,LOW,4.0,0.00184,0.0826,,,,,False,Baja,False,4 - Seguimiento normal,0.0053,0.0053
CVE-2026-3136,2026-03-03,8.6,HIGH,4.0,0.00368,0.2943,,,,,False,Alta,False,4 - Seguimiento normal,0.0316,0.0316
CVE-2026-28777,2026-03-04,9.2,CRITICAL,4.0,0.00486,0.39112,,,,,False,Crítica,False,3 - Grave pero sin explotación conocida,0.0447,0.0447
CVE-2026-28781,2026-03-04,7.1,HIGH,4.0,0.00326,0.25072,,,,,False,Alta,False,4 - Seguimiento normal,0.0231,0.0231
CVE-2026-28784,2026-03-04,8.6,HIGH,4.0,0.00529,0.41584,,,,,False,Alta,False,4 - Seguimiento normal,0.0455,0.0455
CVE-2026-20057,2026-03-04,5.8,MEDIUM,3.1,0.00432,0.35411,,,,,False,Media,False,4 - Seguimiento normal,0.0251,0.0251
CVE-2026-20131,2026-03-04,10.0,CRITICAL,3.1,0.27551,0.97871,Cisco,Secure Firewall Management Center (FMC),2026-03-19,Known,True,Crítica,True,1 - Explotada activamente,2.7551,10.0
CVE-2025-68554,2026-03-05,9.9,CRITICAL,3.1,0.00434,0.35529,,,,,False,Crítica,False,3 - Grave pero sin explotación conocida,0.043,0.043
CVE-2026-27367,2026-03-05,7.1,HIGH,3.1,0.0018,0.07827,,,,,False,Alta,False,4 - Seguimiento normal,0.0128,0.0128
CVE-2026-27384,2026-03-05,9.0,CRITICAL,3.1,0.00304,0.22709,,,,,False,Crítica,False,3 - Grave pero sin explotación conocida,0.0274,0.0274
CVE-2026-27984,2026-03-05,9.0,CRITICAL,3.1,0.0027,0.19045,,,,,False,Crítica,False,3 - Grave pero sin explotación conocida,0.0243,0.0243
CVE-2026-27996,2026-03-05,8.1,HIGH,3.1,0.00403,0.32997,,,,,False,Alta,False,4 - Seguimiento normal,0.0326,0.0326
CVE-2026-28009,2026-03-05,8.1,HIGH,3.1,0.00403,0.32988,,,,,False,Alta,False,4 - Seguimiento normal,0.0326,0.0326
CVE-2026-28032,2026-03-05,8.1,HIGH,3.1,0.00415,0.34041,,,,,False,Alta,False,4 - Seguimiento normal,0.0336,0.0336
CVE-2026-28081,2026-03-05,8.1,HIGH,3.1,0.00415,0.34039,,,,,False,Alta,False,4 - Seguimiento normal,0.0336,0.0336
CVE-2026-28125,2026-03-05,8.1,HIGH,3.1,0.00327,0.25132,,,,,False,Alta,False,4 - Seguimiento normal,0.0265,0.0265
CVE-2026-28127,2026-03-05,7.1,HIGH,3.1,0.00146,0.04302,,,,,False,Alta,False,4 - Seguimiento normal,0.0104,0.0104
CVE-2026-28130,2026-03-05,7.1,HIGH,3.1,0.00146,0.04307,,,,,False,Alta,False,4 - Seguimiento normal,0.0104,0.0104
CVE-2026-1605,2026-03-05,7.5,HIGH,3.1,0.00625,0.46315,,,,,False,Alta,False,4 - Seguimiento normal,0.0469,0.0469
CVE-2026-28395,2026-03-05,6.3,MEDIUM,4.0,0.00396,0.32287,,,,,False,Media,False,4 - Seguimiento normal,0.0249,0.0249
CVE-2026-28451,2026-03-05,6.3,MEDIUM,4.0,0.00275,0.19611,,,,,False,Media,False,4 - Seguimiento normal,0.0173,0.0173
CVE-2026-29089,2026-03-06,8.8,HIGH,3.1,0.00136,0.03474,,,,,False,Alta,False,4 - Seguimiento normal,0.012,0.012
CVE-2026-30843,2026-03-06,9.3,CRITICAL,4.0,0.00218,0.1236,,,,,False,Crítica,False,3 - Grave pero sin explotación conocida,0.0203,0.0203
CVE-2026-30846,2026-03-06,8.7,HIGH,4.0,0.00345,0.27007,,,,,False,Alta,False,4 - Seguimiento normal,0.03,0.03
CVE-2026-30231,2026-03-06,6.0,MEDIUM,4.0,0.00283,0.20552,,,,,False,Media,False,4 - Seguimiento normal,0.017,0.017
CVE-2026-30242,2026-03-06,8.5,HIGH,3.1,0.00284,0.2062,,,,,False,Alta,False,4 - Seguimiento normal,0.0241,0.0241
CVE-2026-1644,2026-03-07,4.3,MEDIUM,3.1,0.0016,0.05545,,,,,False,Media,False,4 - Seguimiento normal,0.0069,0.0069
CVE-2026-30247,2026-03-07,5.9,MEDIUM,3.1,0.00388,0.31433,,,,,False,Media,False,4 - Seguimiento normal,0.0229,0.0229
CVE-2026-2420,2026-03-07,4.4,MEDIUM,3.1,0.00193,0.09263,,,,,False,Media,False,4 - Seguimiento normal,0.0085,0.0085
CVE-2026-3661,2026-03-07,2.0,LOW,4.0,0.14523,0.96269,,,,,False,Baja,True,2 - Explotación probable,0.2905,0.2905
CVE-2026-3668,2026-03-07,1.3,LOW,4.0,0.0027,0.18954,,,,,False,Baja,False,4 - Seguimiento normal,0.0035,0.0035
CVE-2026-30851,2026-03-07,8.1,HIGH,3.1,0.00249,0.16326,,,,,False,Alta,False,4 - Seguimiento normal,0.0202,0.0202
CVE-2026-3807,2026-03-09,7.4,HIGH,4.0,0.00644,0.47139,,,,,False,Alta,False,4 - Seguimiento normal,0.0477,0.0477
CVE-2026-3815,2026-03-09,7.4,HIGH,4.0,0.00787,0.52389,,,,,False,Alta,False,4 - Seguimiento normal,0.0582,0.0582
CVE-2025-70030,2026-03-09,7.5,HIGH,3.1,0.00339,0.26397,,,,,False,Alta,False,4 - Seguimiento normal,0.0254,0.0254
CVE-2026-25041,2026-03-09,8.6,HIGH,4.0,0.0048,0.38705,,,,,False,Alta,False,4 - Seguimiento normal,0.0413,0.0413
CVE-2026-28687,2026-03-10,5.3,MEDIUM,3.1,0.00243,0.15575,,,,,False,Media,False,4 - Seguimiento normal,0.0129,0.0129
CVE-2026-0953,2026-03-10,9.8,CRITICAL,3.1,0.00655,0.47642,,,,,False,Crítica,False,3 - Grave pero sin explotación conocida,0.0642,0.0642
CVE-2026-3585,2026-03-10,7.5,HIGH,3.1,0.0035,0.27588,,,,,False,Alta,False,4 - Seguimiento normal,0.0262,0.0262
CVE-2026-24293,2026-03-10,7.8,HIGH,3.1,0.00507,0.40356,,,,,False,Alta,False,4 - Seguimiento normal,0.0395,0.0395
CVE-2026-25170,2026-03-10,7.0,HIGH,3.1,0.00273,0.19452,,,,,False,Alta,False,4 - Seguimiento normal,0.0191,0.0191
CVE-2026-25173,2026-03-10,8.0,HIGH,3.1,0.00886,0.55532,,,,,False,Alta,False,4 - Seguimiento normal,0.0709,0.0709
CVE-2026-26107,2026-03-10,7.8,HIGH,3.1,0.00435,0.3568,,,,,False,Alta,False,4 - Seguimiento normal,0.0339,0.0339
CVE-2026-26738,2026-03-10,7.8,HIGH,3.1,0.0026,0.17657,,,,,False,Alta,False,4 - Seguimiento normal,0.0203,0.0203
CVE-2026-30956,2026-03-10,9.9,CRITICAL,3.1,0.00494,0.39581,,,,,False,Crítica,False,3 - Grave pero sin explotación conocida,0.0489,0.0489
CVE-2026-30974,2026-03-10,4.6,MEDIUM,3.1,0.00323,0.24667,,,,,False,Media,False,4 - Seguimiento normal,0.0149,0.0149
CVE-2026-31793,2026-03-10,5.5,MEDIUM,3.1,0.00152,0.04792,,,,,False,Media,False,4 - Seguimiento normal,0.0084,0.0084
CVE-2026-3306,2026-03-10,5.3,MEDIUM,4.0,0.00321,0.24499,,,,,False,Media,False,4 - Seguimiento normal,0.017,0.017
CVE-2026-27277,2026-03-10,7.8,HIGH,3.1,0.00169,0.06562,,,,,False,Alta,False,4 - Seguimiento normal,0.0132,0.0132
CVE-2026-0120,2026-03-10,9.8,CRITICAL,3.1,0.00306,0.22844,,,,,False,Crítica,False,3 - Grave pero sin explotación conocida,0.03,0.03
CVE-2026-31828,2026-03-10,6.0,MEDIUM,4.0,0.00423,0.347,,,,,False,Media,False,4 - Seguimiento normal,0.0254,0.0254
CVE-2025-22850,2026-03-10,5.6,MEDIUM,4.0,0.00083,0.00296,,,,,False,Media,False,4 - Seguimiento normal,0.0046,0.0046
CVE-2026-27228,2026-03-11,5.4,MEDIUM,3.1,0.00205,0.10779,,,,,False,Media,False,4 - Seguimiento normal,0.0111,0.0111
CVE-2026-21290,2026-03-11,8.7,HIGH,3.1,0.00452,0.36878,,,,,False,Alta,False,4 - Seguimiento normal,0.0393,0.0393
CVE-2026-2358,2026-03-11,6.4,MEDIUM,3.1,0.0021,0.11416,,,,,False,Media,False,4 - Seguimiento normal,0.0134,0.0134
CVE-2025-13929,2026-03-11,7.5,HIGH,3.1,0.00523,0.4128,,,,,False,Alta,False,4 - Seguimiento normal,0.0392,0.0392
CVE-2026-22248,2026-03-11,8.0,HIGH,3.1,0.00315,0.23798,,,,,False,Alta,False,4 - Seguimiento normal,0.0252,0.0252
CVE-2026-1471,2026-03-11,2.1,LOW,4.0,0.00244,0.15695,,,,,False,Baja,False,4 - Seguimiento normal,0.0051,0.0051
CVE-2026-31854,2026-03-11,8.7,HIGH,4.0,0.00276,0.19839,,,,,False,Alta,False,4 - Seguimiento normal,0.024,0.024
CVE-2026-24510,2026-03-11,6.7,MEDIUM,3.1,0.00084,0.0034,,,,,False,Media,False,4 - Seguimiento normal,0.0056,0.0056
CVE-2026-31895,2026-03-11,8.8,HIGH,3.1,0.00387,0.31329,,,,,False,Alta,False,4 - Seguimiento normal,0.0341,0.0341
CVE-2026-32095,2026-03-11,5.4,MEDIUM,3.1,0.00136,0.03444,,,,,False,Media,False,4 - Seguimiento normal,0.0073,0.0073
CVE-2025-15037,2026-03-12,6.8,MEDIUM,4.0,0.00099,0.00985,,,,,False,Media,False,4 - Seguimiento normal,0.0067,0.0067
CVE-2026-4040,2026-03-12,4.8,MEDIUM,4.0,0.00134,0.03271,,,,,False,Media,False,4 - Seguimiento normal,0.0064,0.0064
CVE-2026-28384,2026-03-12,9.4,CRITICAL,4.0,0.00502,0.4002,,,,,False,Crítica,False,3 - Grave pero sin explotación conocida,0.0472,0.0472
CVE-2019-25516,2026-03-12,8.8,HIGH,4.0,0.00439,0.35991,,,,,False,Alta,False,4 - Seguimiento normal,0.0386,0.0386
CVE-2026-26794,2026-03-12,8.8,HIGH,3.1,0.00453,0.36965,,,,,False,Alta,False,4 - Seguimiento normal,0.0399,0.0399
CVE-2025-13777,2026-03-13,7.2,HIGH,4.0,0.00228,0.13727,,,,,False,Alta,False,4 - Seguimiento normal,0.0164,0.0164
CVE-2025-14811,2026-03-13,3.1,LOW,3.1,0.00205,0.10737,,,,,False,Baja,False,4 - Seguimiento normal,0.0064,0.0064
CVE-2025-57849,2026-03-13,6.4,MEDIUM,3.1,0.00208,0.1105,,,,,False,Media,False,4 - Seguimiento normal,0.0133,0.0133
CVE-2026-25818,2026-03-13,9.1,CRITICAL,3.1,0.00143,0.04,,,,,False,Crítica,False,3 - Grave pero sin explotación conocida,0.013,0.013
CVE-2026-2257,2026-03-13,6.4,MEDIUM,3.1,0.00228,0.13698,,,,,False,Media,False,4 - Seguimiento normal,0.0146,0.0146
CVE-2026-31885,2026-03-13,6.5,MEDIUM,3.1,0.00263,0.1807,,,,,False,Media,False,4 - Seguimiento normal,0.0171,0.0171
CVE-2026-31919,2026-03-13,4.3,MEDIUM,3.1,0.0025,0.1644,,,,,False,Media,False,4 - Seguimiento normal,0.0107,0.0107
CVE-2026-32320,2026-03-13,6.5,MEDIUM,3.1,0.00185,0.08333,,,,,False,Media,False,4 - Seguimiento normal,0.012,0.012
CVE-2026-32339,2026-03-13,5.3,MEDIUM,3.1,0.00224,0.13133,,,,,False,Media,False,4 - Seguimiento normal,0.0119,0.0119
CVE-2026-32385,2026-03-13,5.4,MEDIUM,3.1,0.00218,0.12459,,,,,False,Media,False,4 - Seguimiento normal,0.0118,0.0118
CVE-2026-32420,2026-03-13,5.4,MEDIUM,3.1,0.00104,0.012,,,,,False,Media,False,4 - Seguimiento normal,0.0056,0.0056
CVE-2026-32428,2026-03-13,5.3,MEDIUM,3.1,0.00224,0.13131,,,,,False,Media,False,4 - Seguimiento normal,0.0119,0.0119
CVE-2026-3999,2026-03-13,8.8,HIGH,4.0,0.00326,0.25,,,,,False,Alta,False,4 - Seguimiento normal,0.0287,0.0287
CVE-2015-20115,2026-03-16,5.1,MEDIUM,4.0,0.00267,0.18684,,,,,False,Media,False,4 - Seguimiento normal,0.0136,0.0136
CVE-2015-20116,2026-03-16,5.1,MEDIUM,4.0,0.00241,0.15349,,,,,False,Media,False,4 - Seguimiento normal,0.0123,0.0123
CVE-2015-20119,2026-03-16,5.1,MEDIUM,4.0,0.00207,0.10917,,,,,False,Media,False,4 - Seguimiento normal,0.0106,0.0106
CVE-2025-10461,2026-03-16,5.3,MEDIUM,4.0,0.00369,0.29463,,,,,False,Media,False,4 - Seguimiento normal,0.0196,0.0196
CVE-2025-13459,2026-03-16,2.7,LOW,3.1,0.00422,0.34605,,,,,False,Baja,False,4 - Seguimiento normal,0.0114,0.0114
CVE-2025-41432,2026-03-16,5.5,MEDIUM,3.1,0.00172,0.06862,,,,,False,Media,False,4 - Seguimiento normal,0.0095,0.0095
CVE-2026-21002,2026-03-16,5.9,MEDIUM,4.0,0.00068,0.0004,,,,,False,Media,False,4 - Seguimiento normal,0.004,0.004
CVE-2026-4169,2026-03-16,4.8,MEDIUM,4.0,0.00202,0.10348,,,,,False,Media,False,4 - Seguimiento normal,0.0097,0.0097
CVE-2026-4201,2026-03-16,5.5,MEDIUM,4.0,0.00278,0.20026,,,,,False,Media,False,4 - Seguimiento normal,0.0153,0.0153
CVE-2026-4223,2026-03-16,5.5,MEDIUM,4.0,0.00446,0.3651,,,,,False,Media,False,4 - Seguimiento normal,0.0245,0.0245
CVE-2026-4237,2026-03-16,5.5,MEDIUM,4.0,0.00254,0.16927,,,,,False,Media,False,4 - Seguimiento normal,0.014,0.014
CVE-2025-69809,2026-03-16,9.8,CRITICAL,3.1,0.00525,0.41369,,,,,False,Crítica,False,3 - Grave pero sin explotación conocida,0.0515,0.0515
CVE-2025-69693,2026-03-16,5.4,MEDIUM,3.1,0.00266,0.18309,,,,,False,Media,False,4 - Seguimiento normal,0.0144,0.0144
CVE-2025-62403,2026-03-17,6.1,MEDIUM,3.1,0.00268,0.18783,,,,,False,Media,False,4 - Seguimiento normal,0.0163,0.0163
CVE-2026-32836,2026-03-17,6.9,MEDIUM,4.0,0.00183,0.08186,,,,,False,Media,False,4 - Seguimiento normal,0.0126,0.0126
CVE-2025-15363,2026-03-18,5.9,MEDIUM,3.1,0.0014,0.03747,,,,,False,Media,False,4 - Seguimiento normal,0.0083,0.0083
CVE-2026-3090,2026-03-18,7.2,HIGH,3.1,0.00229,0.138,,,,,False,Alta,False,4 - Seguimiento normal,0.0165,0.0165
CVE-2026-23255,2026-03-18,5.5,MEDIUM,3.1,0.00114,0.01714,,,,,False,Media,False,4 - Seguimiento normal,0.0063,0.0063
CVE-2026-23265,2026-03-18,5.5,MEDIUM,3.1,0.00112,0.01637,,,,,False,Media,False,4 - Seguimiento normal,0.0062,0.0062
CVE-2026-32737,2026-03-18,7.9,HIGH,4.0,0.00386,0.31191,,,,,False,Alta,False,4 - Seguimiento normal,0.0305,0.0305
CVE-2026-31994,2026-03-19,6.9,MEDIUM,4.0,0.00571,0.43843,,,,,False,Media,False,4 - Seguimiento normal,0.0394,0.0394
CVE-2026-3658,2026-03-19,7.5,HIGH,3.1,0.00311,0.23371,,,,,False,Alta,False,4 - Seguimiento normal,0.0233,0.0233
CVE-2026-1005,2026-03-19,2.1,LOW,4.0,0.00251,0.16545,,,,,False,Baja,False,4 - Seguimiento normal,0.0053,0.0053
CVE-2025-67113,2026-03-19,9.8,CRITICAL,3.1,0.01222,0.65586,,,,,False,Crítica,False,3 - Grave pero sin explotación conocida,0.1198,0.1198
CVE-2026-3229,2026-03-19,1.2,LOW,4.0,0.00064,0.0002,,,,,False,Baja,False,4 - Seguimiento normal,0.0008,0.0008
CVE-2026-32752,2026-03-19,0.0,NONE,3.1,0.00283,0.2049,,,,,False,Baja,False,4 - Seguimiento normal,0.0,0.0
CVE-2026-22731,2026-03-19,8.2,HIGH,3.1,0.00334,0.25885,,,,,False,Alta,False,4 - Seguimiento normal,0.0274,0.0274
CVE-2026-4449,2026-03-20,8.8,HIGH,3.1,0.00253,0.16762,,,,,False,Alta,False,4 - Seguimiento normal,0.0223,0.0223
CVE-2026-4451,2026-03-20,8.8,HIGH,3.1,0.00253,0.16764,,,,,False,Alta,False,4 - Seguimiento normal,0.0223,0.0223
CVE-2026-30891,2026-03-20,5.3,MEDIUM,4.0,0.00224,0.13139,,,,,False,Media,False,4 - Seguimiento normal,0.0119,0.0119
CVE-2026-32888,2026-03-20,8.8,HIGH,3.1,0.00316,0.23894,,,,,False,Alta,False,4 - Seguimiento normal,0.0278,0.0278
CVE-2026-4467,2026-03-20,2.0,LOW,4.0,0.0246,0.8276,,,,,False,Baja,False,4 - Seguimiento normal,0.0492,0.0492
CVE-2026-33043,2026-03-20,8.1,HIGH,3.1,0.00345,0.27041,,,,,False,Alta,False,4 - Seguimiento normal,0.0279,0.0279
CVE-2026-33054,2026-03-20,10.0,CRITICAL,3.1,0.00713,0.49849,,,,,False,Crítica,False,3 - Grave pero sin explotación conocida,0.0713,0.0713
CVE-2025-46598,2026-03-20,5.3,MEDIUM,3.1,0.00325,0.24881,,,,,False,Media,False,4 - Seguimiento normal,0.0172,0.0172
CVE-2026-22900,2026-03-20,6.8,MEDIUM,4.0,0.0032,0.24355,,,,,False,Media,False,4 - Seguimiento normal,0.0218,0.0218
CVE-2026-33150,2026-03-20,7.8,HIGH,3.1,0.0031,0.23247,,,,,False,Alta,False,4 - Seguimiento normal,0.0242,0.0242
CVE-2026-33237,2026-03-21,5.5,MEDIUM,3.1,0.00338,0.26322,,,,,False,Media,False,4 - Seguimiento normal,0.0186,0.0186
CVE-2026-3474,2026-03-21,4.9,MEDIUM,3.1,0.00397,0.32406,,,,,False,Media,False,4 - Seguimiento normal,0.0195,0.0195
CVE-2026-3516,2026-03-21,6.4,MEDIUM,3.1,0.00272,0.19375,,,,,False,Media,False,4 - Seguimiento normal,0.0174,0.0174
CVE-2026-1822,2026-03-21,6.4,MEDIUM,3.1,0.00235,0.14597,,,,,False,Media,False,4 - Seguimiento normal,0.015,0.015
CVE-2026-2290,2026-03-21,3.8,LOW,3.1,0.00259,0.17583,,,,,False,Baja,False,4 - Seguimiento normal,0.0098,0.0098
CVE-2026-4022,2026-03-21,6.4,MEDIUM,3.1,0.00235,0.14545,,,,,False,Media,False,4 - Seguimiento normal,0.015,0.015
CVE-2026-4077,2026-03-21,6.4,MEDIUM,3.1,0.00201,0.10228,,,,,False,Media,False,4 - Seguimiento normal,0.0129,0.0129
CVE-2019-25585,2026-03-22,6.9,MEDIUM,4.0,0.00177,0.07545,,,,,False,Media,False,4 - Seguimiento normal,0.0122,0.0122
CVE-2019-25601,2026-03-22,6.9,MEDIUM,4.0,0.00263,0.18041,,,,,False,Media,False,4 - Seguimiento normal,0.0181,0.0181
CVE-2019-25608,2026-03-22,8.6,HIGH,4.0,0.00137,0.03509,,,,,False,Alta,False,4 - Seguimiento normal,0.0118,0.0118
CVE-2026-33480,2026-03-23,8.6,HIGH,3.1,0.0032,0.24349,,,,,False,Alta,False,4 - Seguimiento normal,0.0275,0.0275
CVE-2024-51223,2026-03-23,4.8,MEDIUM,3.1,0.00184,0.08246,,,,,False,Media,False,4 - Seguimiento normal,0.0088,0.0088
CVE-2026-26828,2026-03-23,7.5,HIGH,3.1,0.00339,0.26397,,,,,False,Alta,False,4 - Seguimiento normal,0.0254,0.0254
CVE-2025-15605,2026-03-23,8.5,HIGH,4.0,0.00133,0.03185,,,,,False,Alta,False,4 - Seguimiento normal,0.0113,0.0113
CVE-2026-4594,2026-03-23,5.5,MEDIUM,4.0,0.00254,0.16936,,,,,False,Media,False,4 - Seguimiento normal,0.014,0.014
CVE-2026-23882,2026-03-23,8.6,HIGH,4.0,0.00362,0.28815,,,,,False,Alta,False,4 - Seguimiento normal,0.0311,0.0311
CVE-2026-32913,2026-03-23,8.8,HIGH,4.0,0.00316,0.23896,,,,,False,Alta,False,4 - Seguimiento normal,0.0278,0.0278
CVE-2026-33169,2026-03-24,6.9,MEDIUM,4.0,0.00498,0.39829,,,,,False,Media,False,4 - Seguimiento normal,0.0344,0.0344
CVE-2026-33283,2026-03-24,6.5,MEDIUM,3.1,0.00365,0.2909,,,,,False,Media,False,4 - Seguimiento normal,0.0237,0.0237
CVE-2026-3138,2026-03-24,6.5,MEDIUM,3.1,0.00273,0.19476,,,,,False,Media,False,4 - Seguimiento normal,0.0177,0.0177
CVE-2026-4753,2026-03-24,9.1,CRITICAL,3.1,0.00417,0.34188,,,,,False,Crítica,False,3 - Grave pero sin explotación conocida,0.0379,0.0379
CVE-2026-4687,2026-03-24,8.6,HIGH,3.1,0.00539,0.42121,,,,,False,Alta,False,4 - Seguimiento normal,0.0464,0.0464
CVE-2026-4729,2026-03-24,9.8,CRITICAL,3.1,0.0033,0.25485,,,,,False,Crítica,False,3 - Grave pero sin explotación conocida,0.0323,0.0323
CVE-2026-27651,2026-03-24,8.7,HIGH,4.0,0.00938,0.5722,,,,,False,Alta,False,4 - Seguimiento normal,0.0816,0.0816
CVE-2026-33527,2026-03-24,5.3,MEDIUM,4.0,0.00255,0.17084,,,,,False,Media,False,4 - Seguimiento normal,0.0135,0.0135
CVE-2026-33326,2026-03-24,4.3,MEDIUM,3.1,0.00257,0.17366,,,,,False,Media,False,4 - Seguimiento normal,0.0111,0.0111
CVE-2026-33330,2026-03-24,7.1,HIGH,3.1,0.00377,0.30299,,,,,False,Alta,False,4 - Seguimiento normal,0.0268,0.0268
CVE-2026-33331,2026-03-24,8.2,HIGH,3.1,0.00288,0.20961,,,,,False,Alta,False,4 - Seguimiento normal,0.0236,0.0236
CVE-2026-24151,2026-03-24,7.8,HIGH,3.1,0.00208,0.11055,,,,,False,Alta,False,4 - Seguimiento normal,0.0162,0.0162
CVE-2026-20657,2026-03-25,6.5,MEDIUM,3.1,0.00541,0.42224,,,,,False,Media,False,4 - Seguimiento normal,0.0352,0.0352
CVE-2026-28881,2026-03-25,5.5,MEDIUM,3.1,0.00177,0.07482,,,,,False,Media,False,4 - Seguimiento normal,0.0097,0.0097
CVE-2026-23304,2026-03-25,5.5,MEDIUM,3.1,0.00129,0.02901,,,,,False,Media,False,4 - Seguimiento normal,0.0071,0.0071
CVE-2026-23320,2026-03-25,,,,0.0,0.0,,,,,False,Sin puntaje,False,4 - Seguimiento normal,0.0,0.0
CVE-2026-23365,2026-03-25,5.5,MEDIUM,3.1,0.00129,0.02905,,,,,False,Media,False,4 - Seguimiento normal,0.0071,0.0071
CVE-2025-40841,2026-03-25,5.1,MEDIUM,4.0,0.00096,0.00863,,,,,False,Media,False,4 - Seguimiento normal,0.0049,0.0049
CVE-2026-22496,2026-03-25,8.1,HIGH,3.1,0.00504,0.40169,,,,,False,Alta,False,4 - Seguimiento normal,0.0408,0.0408
CVE-2026-24369,2026-03-25,7.1,HIGH,3.1,0.00307,0.22973,,,,,False,Alta,False,4 - Seguimiento normal,0.0218,0.0218
CVE-2026-24964,2026-03-25,6.4,MEDIUM,3.1,0.00163,0.0589,,,,,False,Media,False,4 - Seguimiento normal,0.0104,0.0104
CVE-2026-24968,2026-03-25,9.8,CRITICAL,3.1,0.00408,0.33386,,,,,False,Crítica,False,3 - Grave pero sin explotación conocida,0.04,0.04
CVE-2026-25340,2026-03-25,9.3,CRITICAL,3.1,0.00283,0.20515,,,,,False,Crítica,False,3 - Grave pero sin explotación conocida,0.0263,0.0263
CVE-2026-25342,2026-03-25,7.1,HIGH,3.1,0.00175,0.07222,,,,,False,Alta,False,4 - Seguimiento normal,0.0124,0.0124
CVE-2026-27039,2026-03-25,8.5,HIGH,3.1,0.00253,0.16771,,,,,False,Alta,False,4 - Seguimiento normal,0.0215,0.0215
CVE-2026-27659,2026-03-25,4.6,MEDIUM,3.1,0.00123,0.02477,,,,,False,Media,False,4 - Seguimiento normal,0.0057,0.0057
CVE-2026-32441,2026-03-25,7.7,HIGH,3.1,0.00273,0.19507,,,,,False,Alta,False,4 - Seguimiento normal,0.021,0.021
CVE-2026-32485,2026-03-25,7.5,HIGH,3.1,0.00262,0.17839,,,,,False,Alta,False,4 - Seguimiento normal,0.0197,0.0197
CVE-2026-32500,2026-03-25,8.1,HIGH,3.1,0.00403,0.32996,,,,,False,Alta,False,4 - Seguimiento normal,0.0326,0.0326
CVE-2026-32529,2026-03-25,7.1,HIGH,3.1,0.00146,0.04306,,,,,False,Alta,False,4 - Seguimiento normal,0.0104,0.0104
CVE-2026-1001,2026-03-25,4.8,MEDIUM,4.0,0.00211,0.11552,,,,,False,Media,False,4 - Seguimiento normal,0.0101,0.0101
CVE-2025-14790,2026-03-25,6.5,MEDIUM,3.1,0.00204,0.1061,,,,,False,Media,False,4 - Seguimiento normal,0.0133,0.0133
CVE-2025-14808,2026-03-25,3.1,LOW,3.1,0.00225,0.13396,,,,,False,Baja,False,4 - Seguimiento normal,0.007,0.007
CVE-2026-1262,2026-03-25,4.3,MEDIUM,3.1,0.00242,0.15483,,,,,False,Media,False,4 - Seguimiento normal,0.0104,0.0104
CVE-2026-32120,2026-03-25,6.5,MEDIUM,3.1,0.00254,0.16894,,,,,False,Media,False,4 - Seguimiento normal,0.0165,0.0165
CVE-2026-33915,2026-03-26,5.4,MEDIUM,3.1,0.00227,0.13588,,,,,False,Media,False,4 - Seguimiento normal,0.0123,0.0123
CVE-2026-34051,2026-03-26,5.4,MEDIUM,3.1,0.00215,0.12027,,,,,False,Media,False,4 - Seguimiento normal,0.0116,0.0116
CVE-2026-24068,2026-03-26,8.8,HIGH,3.1,0.00449,0.36693,,,,,False,Alta,False,4 - Seguimiento normal,0.0395,0.0395
CVE-2018-25201,2026-03-26,7.1,HIGH,4.0,0.00498,0.39799,,,,,False,Alta,False,4 - Seguimiento normal,0.0354,0.0354
CVE-2018-25218,2026-03-26,8.6,HIGH,4.0,0.00215,0.12101,,,,,False,Alta,False,4 - Seguimiento normal,0.0185,0.0185
CVE-2026-27828,2026-03-26,5.5,MEDIUM,4.0,0.00286,0.20794,,,,,False,Media,False,4 - Seguimiento normal,0.0157,0.0157
CVE-2021-4474,2026-03-26,6.9,MEDIUM,4.0,0.00457,0.37238,,,,,False,Media,False,4 - Seguimiento normal,0.0315,0.0315
CVE-2026-33530,2026-03-26,7.7,HIGH,3.1,0.00204,0.1057,,,,,False,Alta,False,4 - Seguimiento normal,0.0157,0.0157
CVE-2026-21724,2026-03-26,5.4,MEDIUM,3.1,0.00238,0.15022,,,,,False,Media,False,4 - Seguimiento normal,0.0129,0.0129
CVE-2026-33537,2026-03-26,5.3,MEDIUM,4.0,0.0026,0.17631,,,,,False,Media,False,4 - Seguimiento normal,0.0138,0.0138
CVE-2026-33542,2026-03-26,5.7,MEDIUM,4.0,0.0018,0.07774,,,,,False,Media,False,4 - Seguimiento normal,0.0103,0.0103
CVE-2026-28788,2026-03-27,7.1,HIGH,3.1,0.02858,0.85279,,,,,False,Alta,False,4 - Seguimiento normal,0.2029,0.2029
CVE-2026-22744,2026-03-27,7.5,HIGH,3.1,0.0025,0.1651,,,,,False,Alta,False,4 - Seguimiento normal,0.0187,0.0187
CVE-2026-1496,2026-03-27,9.3,CRITICAL,4.0,0.00478,0.38601,,,,,False,Crítica,False,3 - Grave pero sin explotación conocida,0.0445,0.0445
CVE-2026-5022,2026-03-27,6.3,MEDIUM,4.0,0.00204,0.10569,,,,,False,Media,False,4 - Seguimiento normal,0.0129,0.0129
CVE-2025-15616,2026-03-27,7.1,HIGH,4.0,0.01625,0.73657,,,,,False,Alta,False,4 - Seguimiento normal,0.1154,0.1154
CVE-2026-34245,2026-03-27,6.3,MEDIUM,3.1,0.00249,0.1638,,,,,False,Media,False,4 - Seguimiento normal,0.0157,0.0157
CVE-2026-34374,2026-03-27,9.1,CRITICAL,3.1,0.00344,0.2694,,,,,False,Crítica,False,3 - Grave pero sin explotación conocida,0.0313,0.0313
CVE-2026-34389,2026-03-27,4.9,MEDIUM,4.0,0.00184,0.08303,,,,,False,Media,False,4 - Seguimiento normal,0.009,0.009
CVE-2026-33886,2026-03-27,6.5,MEDIUM,3.1,0.00224,0.13139,,,,,False,Media,False,4 - Seguimiento normal,0.0146,0.0146
CVE-2026-33981,2026-03-27,8.3,HIGH,4.0,0.00475,0.38427,,,,,False,Alta,False,4 - Seguimiento normal,0.0394,0.0394
CVE-2026-4992,2026-03-27,2.1,LOW,4.0,0.00337,0.26158,,,,,False,Baja,False,4 - Seguimiento normal,0.0071,0.0071
CVE-2026-1679,2026-03-28,7.3,HIGH,3.1,0.00215,0.12087,,,,,False,Alta,False,4 - Seguimiento normal,0.0157,0.0157
CVE-2026-33572,2026-03-29,6.8,MEDIUM,4.0,0.0012,0.02138,,,,,False,Media,False,4 - Seguimiento normal,0.0082,0.0082
CVE-2026-30563,2026-03-30,6.1,MEDIUM,3.1,0.00174,0.07087,,,,,False,Media,False,4 - Seguimiento normal,0.0106,0.0106
CVE-2026-5164,2026-03-30,6.7,MEDIUM,3.1,0.00112,0.01597,,,,,False,Media,False,4 - Seguimiento normal,0.0075,0.0075
CVE-2026-21712,2026-03-30,5.7,MEDIUM,3.0,0.00325,0.24913,,,,,False,Media,False,4 - Seguimiento normal,0.0185,0.0185
CVE-2026-29924,2026-03-30,7.6,HIGH,3.1,0.00339,0.26377,,,,,False,Alta,False,4 - Seguimiento normal,0.0258,0.0258
CVE-2026-5153,2026-03-30,2.1,LOW,4.0,0.03,0.85956,,,,,False,Baja,False,4 - Seguimiento normal,0.063,0.063
CVE-2025-15618,2026-03-31,9.1,CRITICAL,3.1,0.00328,0.252,,,,,False,Crítica,False,3 - Grave pero sin explotación conocida,0.0298,0.0298
CVE-2026-4819,2026-03-31,4.9,MEDIUM,3.1,0.00212,0.11598,,,,,False,Media,False,4 - Seguimiento normal,0.0104,0.0104
CVE-2026-34383,2026-03-31,4.3,MEDIUM,3.1,0.00133,0.03199,,,,,False,Media,False,4 - Seguimiento normal,0.0057,0.0057
CVE-2026-34737,2026-03-31,6.5,MEDIUM,3.1,0.00281,0.20341,,,,,False,Media,False,4 - Seguimiento normal,0.0183,0.0183
CVE-2026-34404,2026-03-31,6.9,MEDIUM,4.0,0.00324,0.24792,,,,,False,Media,False,4 - Seguimiento normal,0.0224,0.0224
CVE-2026-5215,2026-03-31,2.1,LOW,4.0,0.00843,0.54156,,,,,False,Baja,False,4 - Seguimiento normal,0.0177,0.0177
CVE-2026-5288,2026-04-01,9.6,CRITICAL,3.1,0.00248,0.16195,,,,,False,Crítica,False,3 - Grave pero sin explotación conocida,0.0238,0.0238
CVE-2026-23410,2026-04-01,7.8,HIGH,3.1,0.00141,0.03823,,,,,False,Alta,False,4 - Seguimiento normal,0.011,0.011
CVE-2026-29014,2026-04-01,9.3,CRITICAL,4.0,0.41576,0.98537,,,,,False,Crítica,True,2 - Explotación probable,3.8666,3.8666
CVE-2026-35094,2026-04-01,3.3,LOW,3.1,0.00146,0.04282,,,,,False,Baja,False,4 - Seguimiento normal,0.0048,0.0048
CVE-2026-30292,2026-04-01,8.4,HIGH,3.1,0.00141,0.03842,,,,,False,Alta,False,4 - Seguimiento normal,0.0118,0.0118
CVE-2026-30523,2026-04-01,6.5,MEDIUM,3.1,0.00303,0.22515,,,,,False,Media,False,4 - Seguimiento normal,0.0197,0.0197
CVE-2026-4829,2026-04-01,5.4,MEDIUM,3.1,0.00167,0.06368,,,,,False,Media,False,4 - Seguimiento normal,0.009,0.009
CVE-2026-4925,2026-04-01,5.0,MEDIUM,3.1,0.00194,0.09379,,,,,False,Media,False,4 - Seguimiento normal,0.0097,0.0097
CVE-2026-20096,2026-04-01,6.5,MEDIUM,3.1,0.00719,0.50085,,,,,False,Media,False,4 - Seguimiento normal,0.0467,0.0467
CVE-2026-20155,2026-04-01,8.0,HIGH,3.1,0.0027,0.18961,,,,,False,Alta,False,4 - Seguimiento normal,0.0216,0.0216
CVE-2026-4364,2026-04-01,5.4,MEDIUM,3.1,0.00092,0.00649,,,,,False,Media,False,4 - Seguimiento normal,0.005,0.005
CVE-2026-34569,2026-04-01,9.9,CRITICAL,3.1,0.00324,0.24773,,,,,False,Crítica,False,3 - Grave pero sin explotación conocida,0.0321,0.0321
CVE-2026-32927,2026-04-01,8.4,HIGH,4.0,0.00189,0.08798,,,,,False,Alta,False,4 - Seguimiento normal,0.0159,0.0159
CVE-2026-4759,2026-04-01,,,,0.0,0.0,,,,,False,Sin puntaje,False,4 - Seguimiento normal,0.0,0.0
CVE-2026-3872,2026-04-02,7.3,HIGH,3.1,0.0044,0.36033,,,,,False,Alta,False,4 - Seguimiento normal,0.0321,0.0321
CVE-2026-30867,2026-04-02,5.7,MEDIUM,3.1,0.00318,0.24192,,,,,False,Media,False,4 - Seguimiento normal,0.0181,0.0181
CVE-2026-31931,2026-04-02,7.5,HIGH,3.1,0.00351,0.2771,,,,,False,Alta,False,4 - Seguimiento normal,0.0263,0.0263
CVE-2026-34814,2026-04-02,5.1,MEDIUM,4.0,0.00138,0.03618,,,,,False,Media,False,4 - Seguimiento normal,0.007,0.007
CVE-2026-34576,2026-04-02,8.3,HIGH,4.0,0.00267,0.18689,,,,,False,Alta,False,4 - Seguimiento normal,0.0222,0.0222
CVE-2026-34598,2026-04-02,7.1,HIGH,4.0,0.00213,0.11714,,,,,False,Alta,False,4 - Seguimiento normal,0.0151,0.0151
CVE-2023-7342,2026-04-02,8.7,HIGH,4.0,0.00265,0.18274,,,,,False,Alta,False,4 - Seguimiento normal,0.0231,0.0231
CVE-2025-43210,2026-04-02,6.3,MEDIUM,3.1,0.0037,0.29659,,,,,False,Media,False,4 - Seguimiento normal,0.0233,0.0233
CVE-2026-34840,2026-04-02,8.1,HIGH,3.1,0.00264,0.18161,,,,,False,Alta,False,4 - Seguimiento normal,0.0214,0.0214
CVE-2024-14033,2026-04-02,8.7,HIGH,4.0,0.0043,0.35229,,,,,False,Alta,False,4 - Seguimiento normal,0.0374,0.0374
CVE-2025-15620,2026-04-02,9.2,CRITICAL,4.0,0.00511,0.40584,,,,,False,Crítica,False,3 - Grave pero sin explotación conocida,0.047,0.047
CVE-2026-28815,2026-04-03,7.5,HIGH,3.1,0.00472,0.38173,,,,,False,Alta,False,4 - Seguimiento normal,0.0354,0.0354
CVE-2026-3880,2026-04-03,7.3,HIGH,3.1,0.00538,0.42064,,,,,False,Alta,False,4 - Seguimiento normal,0.0393,0.0393
CVE-2026-23428,2026-04-03,9.8,CRITICAL,3.1,0.00331,0.25569,,,,,False,Crítica,False,3 - Grave pero sin explotación conocida,0.0324,0.0324
CVE-2026-23460,2026-04-03,5.5,MEDIUM,3.1,0.00123,0.02473,,,,,False,Media,False,4 - Seguimiento normal,0.0068,0.0068
CVE-2026-35214,2026-04-03,8.7,HIGH,3.1,0.00554,0.42927,,,,,False,Alta,False,4 - Seguimiento normal,0.0482,0.0482
CVE-2026-34511,2026-04-03,6.0,MEDIUM,4.0,0.00238,0.15022,,,,,False,Media,False,4 - Seguimiento normal,0.0143,0.0143
CVE-2026-27833,2026-04-03,7.5,HIGH,3.1,0.01641,0.73934,,,,,False,Alta,False,4 - Seguimiento normal,0.1231,0.1231
CVE-2026-28797,2026-04-03,8.7,HIGH,4.0,0.00386,0.31278,,,,,False,Alta,False,4 - Seguimiento normal,0.0336,0.0336
CVE-2026-5539,2026-04-05,2.1,LOW,4.0,0.00284,0.20635,,,,,False,Baja,False,4 - Seguimiento normal,0.006,0.006
CVE-2026-5560,2026-04-05,2.1,LOW,4.0,0.00246,0.15963,,,,,False,Baja,False,4 - Seguimiento normal,0.0052,0.0052
CVE-2026-5568,2026-04-05,2.0,LOW,4.0,0.00253,0.16807,,,,,False,Baja,False,4 - Seguimiento normal,0.0051,0.0051
CVE-2026-5599,2026-04-05,7.3,HIGH,4.0,0.00247,0.16038,,,,,False,Alta,False,4 - Seguimiento normal,0.018,0.018
CVE-2019-25685,2026-04-05,,,,0.0,0.0,,,,,False,Sin puntaje,False,4 - Seguimiento normal,0.0,0.0
CVE-2026-35679,2026-04-05,3.5,LOW,3.1,0.0022,0.12676,,,,,False,Baja,False,4 - Seguimiento normal,0.0077,0.0077
CVE-2026-5597,2026-04-05,2.1,LOW,4.0,0.00422,0.34629,,,,,False,Baja,False,4 - Seguimiento normal,0.0089,0.0089
CVE-2026-5607,2026-04-06,2.1,LOW,4.0,0.00268,0.18788,,,,,False,Baja,False,4 - Seguimiento normal,0.0056,0.0056
CVE-2026-5615,2026-04-06,2.1,LOW,4.0,0.00773,0.51953,,,,,False,Baja,False,4 - Seguimiento normal,0.0162,0.0162
CVE-2026-5621,2026-04-06,1.9,LOW,4.0,0.00694,0.49172,,,,,False,Baja,False,4 - Seguimiento normal,0.0132,0.0132
CVE-2026-5628,2026-04-06,7.4,HIGH,4.0,0.00663,0.47967,,,,,False,Alta,False,4 - Seguimiento normal,0.0491,0.0491
CVE-2026-31410,2026-04-06,5.5,MEDIUM,3.1,0.00164,0.06008,,,,,False,Media,False,4 - Seguimiento normal,0.009,0.009
CVE-2026-33752,2026-04-06,8.6,HIGH,3.1,0.00463,0.3764,,,,,False,Alta,False,4 - Seguimiento normal,0.0398,0.0398
CVE-2026-5684,2026-04-06,7.3,HIGH,4.0,0.00618,0.45989,,,,,False,Alta,False,4 - Seguimiento normal,0.0451,0.0451
CVE-2026-5689,2026-04-06,5.5,MEDIUM,4.0,0.01459,0.7081,,,,,False,Media,False,4 - Seguimiento normal,0.0802,0.0802
CVE-2026-0740,2026-04-07,9.8,CRITICAL,3.1,0.57807,0.98991,,,,,False,Crítica,True,2 - Explotación probable,5.6651,5.6651
CVE-2026-35605,2026-04-07,6.3,MEDIUM,4.0,0.00392,0.31798,,,,,False,Media,False,4 - Seguimiento normal,0.0247,0.0247
CVE-2026-39308,2026-04-07,7.1,HIGH,3.1,0.00334,0.2593,,,,,False,Alta,False,4 - Seguimiento normal,0.0237,0.0237
CVE-2026-24146,2026-04-07,7.5,HIGH,3.1,0.00528,0.41565,,,,,False,Alta,False,4 - Seguimiento normal,0.0396,0.0396
CVE-2026-24173,2026-04-07,7.5,HIGH,3.1,0.00518,0.40973,,,,,False,Alta,False,4 - Seguimiento normal,0.0388,0.0388
CVE-2026-39339,2026-04-07,9.1,CRITICAL,3.1,0.01351,0.68633,,,,,False,Crítica,False,3 - Grave pero sin explotación conocida,0.1229,0.1229
CVE-2026-39374,2026-04-07,6.5,MEDIUM,3.1,0.00208,0.1109,,,,,False,Media,False,4 - Seguimiento normal,0.0135,0.0135
CVE-2026-39840,2026-04-07,5.1,MEDIUM,4.0,0.00158,0.05375,,,,,False,Media,False,4 - Seguimiento normal,0.0081,0.0081
CVE-2026-39936,2026-04-07,6.9,MEDIUM,4.0,0.00268,0.18746,,,,,False,Media,False,4 - Seguimiento normal,0.0185,0.0185
CVE-2026-39469,2026-04-08,4.3,MEDIUM,3.1,0.00179,0.07753,,,,,False,Media,False,4 - Seguimiento normal,0.0077,0.0077
CVE-2026-39623,2026-04-08,7.5,HIGH,3.1,0.00381,0.30724,,,,,False,Alta,False,4 - Seguimiento normal,0.0286,0.0286
CVE-2026-39685,2026-04-08,5.3,MEDIUM,3.1,0.00282,0.20382,,,,,False,Media,False,4 - Seguimiento normal,0.0149,0.0149
CVE-2026-39712,2026-04-08,5.3,MEDIUM,3.1,0.00166,0.06182,,,,,False,Media,False,4 - Seguimiento normal,0.0088,0.0088
CVE-2026-39410,2026-04-08,4.8,MEDIUM,3.1,0.00284,0.20593,,,,,False,Media,False,4 - Seguimiento normal,0.0136,0.0136
CVE-2026-34985,2026-04-08,6.3,MEDIUM,3.1,0.00226,0.13485,,,,,False,Media,False,4 - Seguimiento normal,0.0142,0.0142
CVE-2026-39862,2026-04-08,6.3,MEDIUM,4.0,0.00555,0.42991,,,,,False,Media,False,4 - Seguimiento normal,0.035,0.035
CVE-2026-5866,2026-04-08,8.8,HIGH,3.1,0.00303,0.2256,,,,,False,Alta,False,4 - Seguimiento normal,0.0267,0.0267
CVE-2026-5900,2026-04-08,4.3,MEDIUM,3.1,0.00159,0.05461,,,,,False,Media,False,4 - Seguimiento normal,0.0068,0.0068
CVE-2026-4916,2026-04-08,2.7,LOW,3.1,0.00348,0.27339,,,,,False,Baja,False,4 - Seguimiento normal,0.0094,0.0094
CVE-2026-5842,2026-04-09,5.5,MEDIUM,4.0,0.00313,0.23592,,,,,False,Media,False,4 - Seguimiento normal,0.0172,0.0172
CVE-2026-39961,2026-04-09,6.8,MEDIUM,3.1,0.00395,0.32148,,,,,False,Media,False,4 - Seguimiento normal,0.0269,0.0269
CVE-2026-34942,2026-04-09,5.9,MEDIUM,4.0,0.00354,0.28044,,,,,False,Media,False,4 - Seguimiento normal,0.0209,0.0209
CVE-2026-35063,2026-04-09,8.7,HIGH,4.0,0.0024,0.15264,,,,,False,Alta,False,4 - Seguimiento normal,0.0209,0.0209
CVE-2023-54362,2026-04-09,5.1,MEDIUM,4.0,0.00194,0.09368,,,,,False,Media,False,4 - Seguimiento normal,0.0099,0.0099
CVE-2023-54364,2026-04-09,5.1,MEDIUM,4.0,0.00226,0.13497,,,,,False,Media,False,4 - Seguimiento normal,0.0115,0.0115
CVE-2026-35626,2026-04-09,6.9,MEDIUM,4.0,0.00494,0.39549,,,,,False,Media,False,4 - Seguimiento normal,0.0341,0.0341
CVE-2026-35632,2026-04-09,6.9,MEDIUM,4.0,0.00324,0.24766,,,,,False,Media,False,4 - Seguimiento normal,0.0224,0.0224
CVE-2026-40152,2026-04-09,5.3,MEDIUM,3.1,0.00311,0.23392,,,,,False,Media,False,4 - Seguimiento normal,0.0165,0.0165
CVE-2026-5263,2026-04-09,7.0,HIGH,4.0,0.00172,0.069,,,,,False,Alta,False,4 - Seguimiento normal,0.012,0.012
CVE-2026-6005,2026-04-10,2.1,LOW,4.0,0.00196,0.09658,,,,,False,Baja,False,4 - Seguimiento normal,0.0041,0.0041
CVE-2026-6029,2026-04-10,8.9,HIGH,4.0,0.02981,0.85872,,,,,False,Alta,False,4 - Seguimiento normal,0.2653,0.2653
CVE-2026-40180,2026-04-10,7.7,HIGH,4.0,0.00387,0.31327,,,,,False,Alta,False,4 - Seguimiento normal,0.0298,0.0298
CVE-2026-40189,2026-04-10,9.3,CRITICAL,4.0,0.00651,0.4747,,,,,False,Crítica,False,3 - Grave pero sin explotación conocida,0.0605,0.0605
CVE-2026-40198,2026-04-10,7.5,HIGH,3.1,0.00309,0.23195,,,,,False,Alta,False,4 - Seguimiento normal,0.0232,0.0232
CVE-2019-25691,2026-04-12,8.6,HIGH,4.0,0.00156,0.05251,,,,,False,Alta,False,4 - Seguimiento normal,0.0134,0.0134
CVE-2026-6162,2026-04-13,2.0,LOW,4.0,0.00244,0.15726,,,,,False,Baja,False,4 - Seguimiento normal,0.0049,0.0049
CVE-2026-6168,2026-04-13,7.4,HIGH,4.0,0.00575,0.4401,,,,,False,Alta,False,4 - Seguimiento normal,0.0426,0.0426
CVE-2026-0232,2026-04-13,4.0,MEDIUM,4.0,0.00146,0.04278,,,,,False,Media,False,4 - Seguimiento normal,0.0058,0.0058
CVE-2026-36920,2026-04-13,2.7,LOW,3.1,0.00225,0.1329,,,,,False,Baja,False,4 - Seguimiento normal,0.0061,0.0061
CVE-2026-36950,2026-04-13,2.7,LOW,3.1,0.00186,0.08461,,,,,False,Baja,False,4 - Seguimiento normal,0.005,0.005
CVE-2026-1607,2026-04-14,6.4,MEDIUM,3.1,0.00152,0.04785,,,,,False,Media,False,4 - Seguimiento normal,0.0097,0.0097
CVE-2026-30480,2026-04-14,6.5,MEDIUM,3.1,0.00265,0.18291,,,,,False,Media,False,4 - Seguimiento normal,0.0172,0.0172
CVE-2026-26143,2026-04-14,7.8,HIGH,3.1,0.00536,0.41968,,,,,False,Alta,False,4 - Seguimiento normal,0.0418,0.0418
CVE-2026-27910,2026-04-14,7.8,HIGH,3.1,0.00206,0.10866,,,,,False,Alta,False,4 - Seguimiento normal,0.0161,0.0161
CVE-2026-27916,2026-04-14,7.8,HIGH,3.1,0.0024,0.15201,,,,,False,Alta,False,4 - Seguimiento normal,0.0187,0.0187
CVE-2026-32093,2026-04-14,7.0,HIGH,3.1,0.01116,0.62691,,,,,False,Alta,False,4 - Seguimiento normal,0.0781,0.0781
CVE-2026-32152,2026-04-14,7.8,HIGH,3.1,0.00458,0.37329,,,,,False,Alta,False,4 - Seguimiento normal,0.0357,0.0357
CVE-2026-32159,2026-04-14,7.8,HIGH,3.1,0.00201,0.10202,,,,,False,Alta,False,4 - Seguimiento normal,0.0157,0.0157
CVE-2026-32178,2026-04-14,7.5,HIGH,3.1,0.02279,0.81313,,,,,False,Alta,False,4 - Seguimiento normal,0.1709,0.1709
CVE-2026-32190,2026-04-14,8.4,HIGH,3.1,0.00328,0.25216,,,,,False,Alta,False,4 - Seguimiento normal,0.0276,0.0276
CVE-2026-32195,2026-04-14,7.0,HIGH,3.1,0.00243,0.15613,,,,,False,Alta,False,4 - Seguimiento normal,0.017,0.017
CVE-2026-32216,2026-04-14,5.5,MEDIUM,3.1,0.00366,0.29236,,,,,False,Media,False,4 - Seguimiento normal,0.0201,0.0201
CVE-2026-33829,2026-04-14,4.3,MEDIUM,3.1,0.03447,0.87764,,,,,False,Media,False,4 - Seguimiento normal,0.1482,0.1482
CVE-2026-33018,2026-04-14,7.0,HIGH,3.1,0.00191,0.0908,,,,,False,Alta,False,4 - Seguimiento normal,0.0134,0.0134
CVE-2026-33023,2026-04-14,7.8,HIGH,3.1,0.00289,0.21139,,,,,False,Alta,False,4 - Seguimiento normal,0.0225,0.0225
CVE-2026-6299,2026-04-15,8.8,HIGH,3.1,0.00341,0.26668,,,,,False,Alta,False,4 - Seguimiento normal,0.03,0.03
CVE-2026-1564,2026-04-15,5.1,MEDIUM,4.0,0.00187,0.08609,,,,,False,Media,False,4 - Seguimiento normal,0.0095,0.0095
CVE-2026-40962,2026-04-16,4.9,MEDIUM,3.1,0.00134,0.03307,,,,,False,Media,False,4 - Seguimiento normal,0.0066,0.0066
CVE-2026-41034,2026-04-16,5.0,MEDIUM,3.1,0.00295,0.21688,,,,,False,Media,False,4 - Seguimiento normal,0.0147,0.0147
CVE-2026-6270,2026-04-16,9.1,CRITICAL,3.1,0.00498,0.39821,,,,,False,Crítica,False,3 - Grave pero sin explotación conocida,0.0453,0.0453
CVE-2026-40901,2026-04-16,7.5,HIGH,4.0,0.0063,0.46497,,,,,False,Alta,False,4 - Seguimiento normal,0.0473,0.0473
CVE-2026-5234,2026-04-17,5.3,MEDIUM,3.1,0.00689,0.49006,,,,,False,Media,False,4 - Seguimiento normal,0.0365,0.0365
CVE-2026-27890,2026-04-17,8.2,HIGH,3.1,0.00465,0.37754,,,,,False,Alta,False,4 - Seguimiento normal,0.0381,0.0381
CVE-2026-5720,2026-04-17,7.1,HIGH,4.0,0.00674,0.48399,,,,,False,Alta,False,4 - Seguimiento normal,0.0479,0.0479
CVE-2026-40582,2026-04-18,9.1,CRITICAL,4.0,0.00502,0.40025,,,,,False,Crítica,False,3 - Grave pero sin explotación conocida,0.0457,0.0457
CVE-2026-6574,2026-04-19,5.5,MEDIUM,4.0,0.00284,0.20645,,,,,False,Media,False,4 - Seguimiento normal,0.0156,0.0156
CVE-2026-6577,2026-04-19,5.5,MEDIUM,4.0,0.00391,0.31759,,,,,False,Media,False,4 - Seguimiento normal,0.0215,0.0215
CVE-2026-31430,2026-04-20,7.1,HIGH,3.1,0.00081,0.00241,,,,,False,Alta,False,4 - Seguimiento normal,0.0058,0.0058
CVE-2026-3517,2026-04-20,8.4,HIGH,3.1,0.18238,0.9691,,,,,False,Alta,True,2 - Explotación probable,1.532,1.532
CVE-2026-33031,2026-04-20,8.6,HIGH,4.0,0.00274,0.19607,,,,,False,Alta,False,4 - Seguimiento normal,0.0236,0.0236
CVE-2026-6761,2026-04-21,8.8,HIGH,3.1,0.00221,0.12823,,,,,False,Alta,False,4 - Seguimiento normal,0.0194,0.0194
CVE-2026-30452,2026-04-21,6.5,MEDIUM,3.1,0.00247,0.16044,,,,,False,Media,False,4 - Seguimiento normal,0.0161,0.0161
CVE-2026-6743,2026-04-21,2.0,LOW,4.0,0.00195,0.09491,,,,,False,Baja,False,4 - Seguimiento normal,0.0039,0.0039
CVE-2026-40883,2026-04-21,6.1,MEDIUM,4.0,0.00143,0.04034,,,,,False,Media,False,4 - Seguimiento normal,0.0087,0.0087
CVE-2026-34266,2026-04-21,6.5,MEDIUM,3.1,0.00373,0.29912,,,,,False,Media,False,4 - Seguimiento normal,0.0242,0.0242
CVE-2026-34302,2026-04-21,5.5,MEDIUM,3.1,0.00241,0.15364,,,,,False,Media,False,4 - Seguimiento normal,0.0133,0.0133
CVE-2026-35231,2026-04-21,7.5,HIGH,3.1,0.00314,0.23685,,,,,False,Alta,False,4 - Seguimiento normal,0.0236,0.0236
CVE-2026-35236,2026-04-21,4.9,MEDIUM,3.1,0.00242,0.15521,,,,,False,Media,False,4 - Seguimiento normal,0.0119,0.0119
CVE-2026-1354,2026-04-21,5.9,MEDIUM,4.0,0.00134,0.03272,,,,,False,Media,False,4 - Seguimiento normal,0.0079,0.0079
CVE-2026-6799,2026-04-21,2.1,LOW,4.0,0.01181,0.64471,,,,,False,Baja,False,4 - Seguimiento normal,0.0248,0.0248
CVE-2026-6835,2026-04-22,5.1,MEDIUM,4.0,0.00208,0.1107,,,,,False,Media,False,4 - Seguimiento normal,0.0106,0.0106
CVE-2026-6840,2026-04-22,5.5,MEDIUM,3.1,0.00105,0.01264,,,,,False,Media,False,4 - Seguimiento normal,0.0058,0.0058
CVE-2026-4121,2026-04-22,4.3,MEDIUM,3.1,0.00178,0.07569,,,,,False,Media,False,4 - Seguimiento normal,0.0077,0.0077
CVE-2026-33258,2026-04-22,5.3,MEDIUM,3.1,0.00583,0.4438,,,,,False,Media,False,4 - Seguimiento normal,0.0309,0.0309
CVE-2010-20118,2026-04-22,,,,0.0,0.0,,,,,False,Sin puntaje,False,4 - Seguimiento normal,0.0,0.0
CVE-2026-31480,2026-04-22,5.5,MEDIUM,3.1,0.00095,0.00761,,,,,False,Media,False,4 - Seguimiento normal,0.0052,0.0052
CVE-2026-35366,2026-04-22,4.4,MEDIUM,3.1,0.0017,0.06701,,,,,False,Media,False,4 - Seguimiento normal,0.0075,0.0075
CVE-2026-41459,2026-04-22,6.9,MEDIUM,4.0,0.00801,0.52859,,,,,False,Media,False,4 - Seguimiento normal,0.0553,0.0553
CVE-2026-41172,2026-04-22,7.3,HIGH,4.0,0.00215,0.12077,,,,,False,Alta,False,4 - Seguimiento normal,0.0157,0.0157
CVE-2026-6886,2026-04-23,9.3,CRITICAL,4.0,0.00451,0.36869,,,,,False,Crítica,False,3 - Grave pero sin explotación conocida,0.0419,0.0419
CVE-2026-41271,2026-04-23,8.3,HIGH,3.1,0.00233,0.14277,,,,,False,Alta,False,4 - Seguimiento normal,0.0193,0.0193
CVE-2026-41359,2026-04-23,7.1,HIGH,4.0,0.00232,0.14148,,,,,False,Alta,False,4 - Seguimiento normal,0.0165,0.0165
CVE-2026-25720,2026-04-24,6.9,MEDIUM,4.0,0.00283,0.20525,,,,,False,Media,False,4 - Seguimiento normal,0.0195,0.0195
CVE-2026-40620,2026-04-24,9.3,CRITICAL,4.0,0.00546,0.42501,,,,,False,Crítica,False,3 - Grave pero sin explotación conocida,0.0508,0.0508
CVE-2026-40690,2026-04-24,4.3,MEDIUM,3.1,0.00352,0.27809,,,,,False,Media,False,4 - Seguimiento normal,0.0151,0.0151
CVE-2026-31561,2026-04-24,5.5,MEDIUM,3.1,0.00122,0.02336,,,,,False,Media,False,4 - Seguimiento normal,0.0067,0.0067
CVE-2026-31568,2026-04-24,7.1,HIGH,3.1,0.00124,0.02516,,,,,False,Alta,False,4 - Seguimiento normal,0.0088,0.0088
CVE-2026-31573,2026-04-24,5.5,MEDIUM,3.1,0.00107,0.01369,,,,,False,Media,False,4 - Seguimiento normal,0.0059,0.0059
CVE-2026-31578,2026-04-24,7.8,HIGH,3.1,0.00128,0.0281,,,,,False,Alta,False,4 - Seguimiento normal,0.01,0.01
CVE-2026-31601,2026-04-24,5.5,MEDIUM,3.1,0.00121,0.02222,,,,,False,Media,False,4 - Seguimiento normal,0.0067,0.0067
CVE-2026-31656,2026-04-24,7.8,HIGH,3.1,0.00117,0.01942,,,,,False,Alta,False,4 - Seguimiento normal,0.0091,0.0091
CVE-2026-31657,2026-04-24,9.8,CRITICAL,3.1,0.00399,0.32541,,,,,False,Crítica,False,3 - Grave pero sin explotación conocida,0.0391,0.0391
CVE-2018-25273,2026-04-26,6.9,MEDIUM,4.0,0.00126,0.02703,,,,,False,Media,False,4 - Seguimiento normal,0.0087,0.0087
CVE-2026-42363,2026-04-27,9.3,CRITICAL,3.1,0.00186,0.08421,,,,,False,Crítica,False,3 - Grave pero sin explotación conocida,0.0173,0.0173
CVE-2026-3867,2026-04-27,6.0,MEDIUM,4.0,0.0024,0.15289,,,,,False,Media,False,4 - Seguimiento normal,0.0144,0.0144
CVE-2026-7136,2026-04-27,8.9,HIGH,4.0,0.01766,0.75757,,,,,False,Alta,False,4 - Seguimiento normal,0.1572,0.1572
CVE-2026-41388,2026-04-28,6.3,MEDIUM,4.0,0.00307,0.22936,,,,,False,Media,False,4 - Seguimiento normal,0.0193,0.0193
CVE-2026-7363,2026-04-28,8.8,HIGH,3.1,0.00309,0.23237,,,,,False,Alta,False,4 - Seguimiento normal,0.0272,0.0272
CVE-2026-42615,2026-04-29,7.2,HIGH,3.1,0.00294,0.21647,,,,,False,Alta,False,4 - Seguimiento normal,0.0212,0.0212
CVE-2026-42377,2026-04-29,7.3,HIGH,3.1,0.00229,0.13879,,,,,False,Alta,False,4 - Seguimiento normal,0.0167,0.0167
CVE-2026-42412,2026-04-29,6.5,MEDIUM,3.1,0.00195,0.09455,,,,,False,Media,False,4 - Seguimiento normal,0.0127,0.0127
CVE-2026-42514,2026-04-29,8.8,HIGH,4.0,0.00227,0.13576,,,,,False,Alta,False,4 - Seguimiento normal,0.02,0.02
CVE-2026-41220,2026-04-29,7.8,HIGH,3.0,0.00107,0.01342,,,,,False,Alta,False,4 - Seguimiento normal,0.0083,0.0083
CVE-2026-7393,2026-04-29,2.0,LOW,4.0,0.00268,0.18743,,,,,False,Baja,False,4 - Seguimiento normal,0.0054,0.0054
CVE-2018-25315,2026-04-29,8.6,HIGH,4.0,0.00163,0.05872,,,,,False,Alta,False,4 - Seguimiento normal,0.014,0.014
CVE-2018-25317,2026-04-29,9.3,CRITICAL,4.0,0.00651,0.47441,,,,,False,Crítica,False,3 - Grave pero sin explotación conocida,0.0605,0.0605
CVE-2026-7419,2026-04-29,7.4,HIGH,4.0,0.00544,0.4242,,,,,False,Alta,False,4 - Seguimiento normal,0.0403,0.0403
CVE-2026-22070,2026-04-30,7.1,HIGH,3.1,0.00208,0.11132,,,,,False,Alta,False,4 - Seguimiento normal,0.0148,0.0148
CVE-2026-39457,2026-04-30,7.8,HIGH,3.1,0.00151,0.04781,,,,,False,Alta,False,4 - Seguimiento normal,0.0118,0.0118
CVE-2026-34996,2026-04-30,,,,0.0,0.0,,,,,False,Sin puntaje,False,4 - Seguimiento normal,0.0,0.0
CVE-2026-34997,2026-04-30,,,,0.0,0.0,,,,,False,Sin puntaje,False,4 - Seguimiento normal,0.0,0.0
CVE-2026-36764,2026-04-30,5.0,MEDIUM,3.1,0.00172,0.06803,,,,,False,Media,False,4 - Seguimiento normal,0.0086,0.0086
CVE-2026-35051,2026-04-30,7.8,HIGH,4.0,0.00267,0.1871,,,,,False,Alta,False,4 - Seguimiento normal,0.0208,0.0208
CVE-2026-6389,2026-04-30,8.8,HIGH,3.1,0.00106,0.0129,,,,,False,Alta,False,4 - Seguimiento normal,0.0093,0.0093
CVE-2026-6542,2026-04-30,6.5,MEDIUM,3.1,0.00201,0.10197,,,,,False,Media,False,4 - Seguimiento normal,0.0131,0.0131
CVE-2026-7548,2026-05-01,7.4,HIGH,4.0,0.01485,0.71329,,,,,False,Alta,False,4 - Seguimiento normal,0.1099,0.1099
CVE-2026-31749,2026-05-01,5.5,MEDIUM,3.1,0.00123,0.0244,,,,,False,Media,False,4 - Seguimiento normal,0.0068,0.0068
CVE-2026-31755,2026-05-01,5.5,MEDIUM,3.1,0.00123,0.0244,,,,,False,Media,False,4 - Seguimiento normal,0.0068,0.0068
CVE-2026-31758,2026-05-01,7.8,HIGH,3.1,0.00126,0.02635,,,,,False,Alta,False,4 - Seguimiento normal,0.0098,0.0098
CVE-2026-31759,2026-05-01,7.8,HIGH,3.1,0.00129,0.02947,,,,,False,Alta,False,4 - Seguimiento normal,0.0101,0.0101
CVE-2026-31779,2026-05-01,8.1,HIGH,3.1,0.00271,0.19101,,,,,False,Alta,False,4 - Seguimiento normal,0.022,0.022
CVE-2026-43019,2026-05-01,7.8,HIGH,3.1,0.00129,0.0289,,,,,False,Alta,False,4 - Seguimiento normal,0.0101,0.0101
CVE-2026-43040,2026-05-01,7.1,HIGH,3.1,0.00122,0.02382,,,,,False,Alta,False,4 - Seguimiento normal,0.0087,0.0087
CVE-2026-37525,2026-05-01,7.8,HIGH,3.1,0.00138,0.03622,,,,,False,Alta,False,4 - Seguimiento normal,0.0108,0.0108
CVE-2026-37530,2026-05-01,7.5,HIGH,3.1,0.00402,0.32821,,,,,False,Alta,False,4 - Seguimiento normal,0.0301,0.0301
CVE-2026-7595,2026-05-01,2.1,LOW,4.0,0.00242,0.15457,,,,,False,Baja,False,4 - Seguimiento normal,0.0051,0.0051
CVE-2026-7612,2026-05-02,2.0,LOW,4.0,0.00206,0.10858,,,,,False,Baja,False,4 - Seguimiento normal,0.0041,0.0041
CVE-2026-0703,2026-05-02,6.4,MEDIUM,3.1,0.00192,0.09114,,,,,False,Media,False,4 - Seguimiento normal,0.0123,0.0123
CVE-2026-7632,2026-05-02,5.5,MEDIUM,4.0,0.00269,0.18832,,,,,False,Media,False,4 - Seguimiento normal,0.0148,0.0148
CVE-2026-7653,2026-05-02,2.1,LOW,4.0,0.01294,0.67339,,,,,False,Baja,False,4 - Seguimiento normal,0.0272,0.0272
CVE-2026-7704,2026-05-03,2.1,LOW,4.0,0.00381,0.30741,,,,,False,Baja,False,4 - Seguimiento normal,0.008,0.008
CVE-2026-7711,2026-05-04,5.5,MEDIUM,4.0,0.00284,0.20614,,,,,False,Media,False,4 - Seguimiento normal,0.0156,0.0156
CVE-2026-42367,2026-05-04,6.5,MEDIUM,3.1,0.00283,0.20524,,,,,False,Media,False,4 - Seguimiento normal,0.0184,0.0184
CVE-2026-7733,2026-05-04,5.5,MEDIUM,4.0,0.00294,0.21615,,,,,False,Media,False,4 - Seguimiento normal,0.0162,0.0162
CVE-2026-20449,2026-05-04,6.5,MEDIUM,3.1,0.00224,0.13204,,,,,False,Media,False,4 - Seguimiento normal,0.0146,0.0146
CVE-2026-7747,2026-05-04,8.9,HIGH,4.0,0.00606,0.45431,,,,,False,Alta,False,4 - Seguimiento normal,0.0539,0.0539
CVE-2026-6499,2026-05-04,2.4,LOW,4.0,0.00096,0.00857,,,,,False,Baja,False,4 - Seguimiento normal,0.0023,0.0023
CVE-2026-42076,2026-05-04,9.8,CRITICAL,3.1,0.01305,0.67567,,,,,False,Crítica,False,3 - Grave pero sin explotación conocida,0.1279,0.1279
CVE-2026-42146,2026-05-04,5.5,MEDIUM,3.1,0.00119,0.02098,,,,,False,Media,False,4 - Seguimiento normal,0.0065,0.0065
CVE-2026-42233,2026-05-04,5.3,MEDIUM,4.0,0.00327,0.25102,,,,,False,Media,False,4 - Seguimiento normal,0.0173,0.0173
CVE-2026-41927,2026-05-04,8.3,HIGH,4.0,0.00396,0.3231,,,,,False,Alta,False,4 - Seguimiento normal,0.0329,0.0329
CVE-2026-42221,2026-05-04,8.1,HIGH,3.1,0.00346,0.27131,,,,,False,Alta,False,4 - Seguimiento normal,0.028,0.028
CVE-2023-54345,2026-05-05,8.7,HIGH,4.0,0.00609,0.4555,,,,,False,Alta,False,4 - Seguimiento normal,0.053,0.053
CVE-2024-52911,2026-05-05,7.5,HIGH,3.1,0.00417,0.34197,,,,,False,Alta,False,4 - Seguimiento normal,0.0313,0.0313
CVE-2026-39383,2026-05-05,6.9,MEDIUM,4.0,0.00236,0.14758,,,,,False,Media,False,4 - Seguimiento normal,0.0163,0.0163
CVE-2026-43101,2026-05-06,7.5,HIGH,3.1,0.00426,0.34932,,,,,False,Alta,False,4 - Seguimiento normal,0.0319,0.0319
CVE-2025-71293,2026-05-06,5.5,MEDIUM,3.1,0.00126,0.02679,,,,,False,Media,False,4 - Seguimiento normal,0.0069,0.0069
CVE-2026-43173,2026-05-06,5.5,MEDIUM,3.1,0.00122,0.02335,,,,,False,Media,False,4 - Seguimiento normal,0.0067,0.0067
CVE-2026-43206,2026-05-06,7.8,HIGH,3.1,0.00139,0.03658,,,,,False,Alta,False,4 - Seguimiento normal,0.0108,0.0108
CVE-2026-43219,2026-05-06,5.5,MEDIUM,3.1,0.00128,0.02825,,,,,False,Media,False,4 - Seguimiento normal,0.007,0.007
CVE-2026-43245,2026-05-06,7.5,HIGH,3.1,0.00441,0.36072,,,,,False,Alta,False,4 - Seguimiento normal,0.0331,0.0331
CVE-2025-31984,2026-05-06,3.7,LOW,3.1,0.00135,0.03379,,,,,False,Baja,False,4 - Seguimiento normal,0.005,0.005
CVE-2026-41288,2026-05-06,7.3,HIGH,4.0,0.00103,0.01136,,,,,False,Alta,False,4 - Seguimiento normal,0.0075,0.0075
CVE-2026-20219,2026-05-06,5.4,MEDIUM,3.1,0.00168,0.06392,,,,,False,Media,False,4 - Seguimiento normal,0.0091,0.0091
CVE-2025-31960,2026-05-06,5.3,MEDIUM,3.1,0.0024,0.15275,,,,,False,Media,False,4 - Seguimiento normal,0.0127,0.0127
CVE-2026-41930,2026-05-06,9.2,CRITICAL,4.0,0.00347,0.27276,,,,,False,Crítica,False,3 - Grave pero sin explotación conocida,0.0319,0.0319
CVE-2026-7934,2026-05-06,4.2,MEDIUM,3.1,0.0017,0.06677,,,,,False,Media,False,4 - Seguimiento normal,0.0071,0.0071
CVE-2026-33441,2026-05-06,,,,0.0,0.0,,,,,False,Sin puntaje,False,4 - Seguimiento normal,0.0,0.0
CVE-2026-43581,2026-05-06,9.0,CRITICAL,4.0,0.00214,0.11881,,,,,False,Crítica,False,3 - Grave pero sin explotación conocida,0.0193,0.0193
CVE-2026-41310,2026-05-06,5.3,MEDIUM,3.1,0.00311,0.23414,,,,,False,Media,False,4 - Seguimiento normal,0.0165,0.0165
CVE-2026-41417,2026-05-06,5.3,MEDIUM,3.1,0.00307,0.22937,,,,,False,Media,False,4 - Seguimiento normal,0.0163,0.0163
CVE-2026-6222,2026-05-07,5.3,MEDIUM,3.1,0.00425,0.34851,,,,,False,Media,False,4 - Seguimiento normal,0.0225,0.0225
CVE-2026-41586,2026-05-07,9.3,CRITICAL,4.0,0.0041,0.33589,,,,,False,Crítica,False,3 - Grave pero sin explotación conocida,0.0381,0.0381
CVE-2026-44742,2026-05-07,7.2,HIGH,3.1,0.00237,0.14857,,,,,False,Alta,False,4 - Seguimiento normal,0.0171,0.0171
CVE-2026-39823,2026-05-07,6.1,MEDIUM,3.1,0.00314,0.23758,,,,,False,Media,False,4 - Seguimiento normal,0.0192,0.0192
CVE-2026-8087,2026-05-07,1.9,LOW,4.0,0.00223,0.13028,,,,,False,Baja,False,4 - Seguimiento normal,0.0042,0.0042
CVE-2026-6736,2026-05-07,6.3,MEDIUM,4.0,0.00266,0.18314,,,,,False,Media,False,4 - Seguimiento normal,0.0168,0.0168
CVE-2026-41501,2026-05-08,9.8,CRITICAL,3.1,0.01302,0.67512,,,,,False,Crítica,False,3 - Grave pero sin explotación conocida,0.1276,0.1276
CVE-2026-41645,2026-05-08,5.3,MEDIUM,3.1,0.00344,0.26998,,,,,False,Media,False,4 - Seguimiento normal,0.0182,0.0182
CVE-2026-42275,2026-05-08,8.7,HIGH,3.1,0.0033,0.25425,,,,,False,Alta,False,4 - Seguimiento normal,0.0287,0.0287
CVE-2026-8136,2026-05-08,1.9,LOW,4.0,0.00202,0.1035,,,,,False,Baja,False,4 - Seguimiento normal,0.0038,0.0038
CVE-2023-42343,2026-05-08,6.1,MEDIUM,3.1,0.0059,0.44691,,,,,False,Media,False,4 - Seguimiento normal,0.036,0.036
CVE-2026-7650,2026-05-08,6.4,MEDIUM,3.1,0.00244,0.15759,,,,,False,Media,False,4 - Seguimiento normal,0.0156,0.0156
CVE-2025-69233,2026-05-08,6.5,MEDIUM,3.1,0.00433,0.3543,,,,,False,Media,False,4 - Seguimiento normal,0.0281,0.0281
CVE-2026-41497,2026-05-08,9.8,CRITICAL,3.1,0.00541,0.42265,,,,,False,Crítica,False,3 - Grave pero sin explotación conocida,0.053,0.053
CVE-2026-43329,2026-05-08,7.8,HIGH,3.1,0.00141,0.03833,,,,,False,Alta,False,4 - Seguimiento normal,0.011,0.011
CVE-2026-43335,2026-05-08,5.5,MEDIUM,3.1,0.00107,0.0137,,,,,False,Media,False,4 - Seguimiento normal,0.0059,0.0059
CVE-2026-41570,2026-05-08,7.8,HIGH,3.1,0.00191,0.09082,,,,,False,Alta,False,4 - Seguimiento normal,0.0149,0.0149
CVE-2026-43424,2026-05-08,5.5,MEDIUM,3.1,0.00123,0.02446,,,,,False,Media,False,4 - Seguimiento normal,0.0068,0.0068
CVE-2026-43452,2026-05-08,8.2,HIGH,3.1,0.00443,0.3627,,,,,False,Alta,False,4 - Seguimiento normal,0.0363,0.0363
CVE-2026-43471,2026-05-08,5.5,MEDIUM,3.1,0.00114,0.01707,,,,,False,Media,False,4 - Seguimiento normal,0.0063,0.0063
CVE-2026-41883,2026-05-08,8.1,HIGH,3.1,0.00382,0.30786,,,,,False,Alta,False,4 - Seguimiento normal,0.0309,0.0309
CVE-2026-44694,2026-05-08,7.2,HIGH,4.0,0.00235,0.14589,,,,,False,Alta,False,4 - Seguimiento normal,0.0169,0.0169
CVE-2026-8190,2026-05-09,2.1,LOW,4.0,0.05344,0.91778,,,,,False,Baja,False,4 - Seguimiento normal,0.1122,0.1122
CVE-2026-42571,2026-05-09,9.0,CRITICAL,4.0,0.0032,0.24416,,,,,False,Crítica,False,3 - Grave pero sin explotación conocida,0.0288,0.0288
CVE-2026-8219,2026-05-10,1.9,LOW,4.0,0.00258,0.17434,,,,,False,Baja,False,4 - Seguimiento normal,0.0049,0.0049
CVE-2026-7259,2026-05-10,2.1,LOW,4.0,0.00202,0.10371,,,,,False,Baja,False,4 - Seguimiento normal,0.0042,0.0042
CVE-2022-50956,2026-05-10,6.9,MEDIUM,4.0,0.00152,0.04832,,,,,False,Media,False,4 - Seguimiento normal,0.0105,0.0105
CVE-2026-8248,2026-05-10,2.1,LOW,4.0,0.00471,0.38136,,,,,False,Baja,False,4 - Seguimiento normal,0.0099,0.0099
CVE-2026-7814,2026-05-11,4.8,MEDIUM,4.0,0.00163,0.05893,,,,,False,Media,False,4 - Seguimiento normal,0.0078,0.0078
CVE-2026-31252,2026-05-11,5.7,MEDIUM,3.1,0.00112,0.01595,,,,,False,Media,False,4 - Seguimiento normal,0.0064,0.0064
CVE-2026-44738,2026-05-11,7.7,HIGH,3.1,0.00276,0.19714,,,,,False,Alta,False,4 - Seguimiento normal,0.0213,0.0213
CVE-2026-45006,2026-05-11,7.7,HIGH,4.0,0.00489,0.39285,,,,,False,Alta,False,4 - Seguimiento normal,0.0377,0.0377
CVE-2026-42887,2026-05-11,4.5,MEDIUM,3.1,0.00207,0.1102,,,,,False,Media,False,4 - Seguimiento normal,0.0093,0.0093
CVE-2026-28930,2026-05-11,7.5,HIGH,3.1,0.00302,0.22484,,,,,False,Alta,False,4 - Seguimiento normal,0.0226,0.0226
CVE-2026-28957,2026-05-11,3.3,LOW,3.1,0.00123,0.02495,,,,,False,Baja,False,4 - Seguimiento normal,0.0041,0.0041
CVE-2026-28971,2026-05-11,4.3,MEDIUM,3.1,0.00296,0.21873,,,,,False,Media,False,4 - Seguimiento normal,0.0127,0.0127
CVE-2026-1681,2026-05-12,6.1,MEDIUM,3.1,0.00144,0.04126,,,,,False,Media,False,4 - Seguimiento normal,0.0088,0.0088
CVE-2026-45212,2026-05-12,5.3,MEDIUM,3.1,0.00225,0.13351,,,,,False,Media,False,4 - Seguimiento normal,0.0119,0.0119
CVE-2026-32687,2026-05-12,7.5,HIGH,4.0,0.00198,0.09891,,,,,False,Alta,False,4 - Seguimiento normal,0.0149,0.0149
CVE-2026-20881,2026-05-12,6.8,MEDIUM,4.0,0.00098,0.00917,,,,,False,Media,False,4 - Seguimiento normal,0.0067,0.0067
CVE-2026-8278,2026-05-12,,,,0.0,0.0,,,,,False,Sin puntaje,False,4 - Seguimiento normal,0.0,0.0
CVE-2025-46311,2026-05-12,7.5,HIGH,3.1,0.00231,0.1406,,,,,False,Alta,False,4 - Seguimiento normal,0.0173,0.0173
CVE-2026-33821,2026-05-12,7.7,HIGH,3.1,0.00659,0.4778,,,,,False,Alta,False,4 - Seguimiento normal,0.0507,0.0507
CVE-2026-34333,2026-05-12,7.8,HIGH,3.1,0.00298,0.22019,,,,,False,Alta,False,4 - Seguimiento normal,0.0232,0.0232
CVE-2026-34642,2026-05-12,7.8,HIGH,3.1,0.00187,0.08557,,,,,False,Alta,False,4 - Seguimiento normal,0.0146,0.0146
CVE-2026-34644,2026-05-12,7.8,HIGH,3.1,0.0017,0.06623,,,,,False,Alta,False,4 - Seguimiento normal,0.0133,0.0133
CVE-2026-40379,2026-05-12,9.3,CRITICAL,3.1,0.0091,0.56305,,,,,False,Crítica,False,3 - Grave pero sin explotación conocida,0.0846,0.0846
CVE-2026-40381,2026-05-12,7.8,HIGH,3.1,0.00219,0.12547,,,,,False,Alta,False,4 - Seguimiento normal,0.0171,0.0171
CVE-2026-41109,2026-05-12,8.8,HIGH,3.1,0.00861,0.54783,,,,,False,Alta,False,4 - Seguimiento normal,0.0758,0.0758
CVE-2026-23821,2026-05-12,7.2,HIGH,3.1,0.00616,0.4591,,,,,False,Alta,False,4 - Seguimiento normal,0.0444,0.0444
CVE-2026-34660,2026-05-12,9.3,CRITICAL,3.1,0.00436,0.35708,,,,,False,Crítica,False,3 - Grave pero sin explotación conocida,0.0405,0.0405
CVE-2026-34673,2026-05-12,6.2,MEDIUM,3.1,0.00202,0.10418,,,,,False,Media,False,4 - Seguimiento normal,0.0125,0.0125
CVE-2026-34679,2026-05-12,6.2,MEDIUM,3.1,0.00193,0.09334,,,,,False,Media,False,4 - Seguimiento normal,0.012,0.012
CVE-2025-65087,2026-05-12,8.4,HIGH,4.0,0.00165,0.06115,,,,,False,Alta,False,4 - Seguimiento normal,0.0139,0.0139
CVE-2026-44306,2026-05-12,5.3,MEDIUM,3.1,0.00206,0.10902,,,,,False,Media,False,4 - Seguimiento normal,0.0109,0.0109
CVE-2026-25705,2026-05-13,8.4,HIGH,3.1,0.00369,0.29448,,,,,False,Alta,False,4 - Seguimiento normal,0.031,0.031
CVE-2026-8463,2026-05-13,5.3,MEDIUM,3.1,0.00327,0.2512,,,,,False,Media,False,4 - Seguimiento normal,0.0173,0.0173
CVE-2026-41219,2026-05-13,7.1,HIGH,4.0,0.00277,0.19856,,,,,False,Alta,False,4 - Seguimiento normal,0.0197,0.0197
CVE-2026-44294,2026-05-13,5.3,MEDIUM,3.1,0.00431,0.35311,,,,,False,Media,False,4 - Seguimiento normal,0.0228,0.0228
CVE-2026-43997,2026-05-13,10.0,CRITICAL,3.1,0.00976,0.58459,,,,,False,Crítica,False,3 - Grave pero sin explotación conocida,0.0976,0.0976
CVE-2026-0246,2026-05-13,5.9,MEDIUM,4.0,0.00147,0.04373,,,,,False,Media,False,4 - Seguimiento normal,0.0087,0.0087
CVE-2026-42550,2026-05-13,8.8,HIGH,3.1,0.00397,0.3232,,,,,False,Alta,False,4 - Seguimiento normal,0.0349,0.0349
CVE-2026-44368,2026-05-13,6.9,MEDIUM,4.0,0.00314,0.23737,,,,,False,Media,False,4 - Seguimiento normal,0.0217,0.0217
CVE-2025-15345,2026-05-14,6.1,MEDIUM,3.1,0.00204,0.10594,,,,,False,Media,False,4 - Seguimiento normal,0.0124,0.0124
CVE-2026-2900,2026-05-14,2.7,LOW,3.1,0.00219,0.12565,,,,,False,Baja,False,4 - Seguimiento normal,0.0059,0.0059
CVE-2026-3074,2026-05-14,4.3,MEDIUM,3.1,0.00199,0.10017,,,,,False,Media,False,4 - Seguimiento normal,0.0086,0.0086
CVE-2026-45205,2026-05-14,5.3,MEDIUM,3.1,0.00469,0.38025,,,,,False,Media,False,4 - Seguimiento normal,0.0249,0.0249
CVE-2026-44589,2026-05-14,3.7,LOW,3.1,0.00171,0.06794,,,,,False,Baja,False,4 - Seguimiento normal,0.0063,0.0063
CVE-2026-45371,2026-05-14,7.2,HIGH,4.0,0.00207,0.10973,,,,,False,Alta,False,4 - Seguimiento normal,0.0149,0.0149
CVE-2026-45375,2026-05-14,9.0,CRITICAL,3.1,0.00317,0.24068,,,,,False,Crítica,False,3 - Grave pero sin explotación conocida,0.0285,0.0285
CVE-2026-8516,2026-05-14,5.3,MEDIUM,3.1,0.00219,0.12521,,,,,False,Media,False,4 - Seguimiento normal,0.0116,0.0116
CVE-2026-8565,2026-05-14,4.7,MEDIUM,3.1,0.00134,0.03308,,,,,False,Media,False,4 - Seguimiento normal,0.0063,0.0063
CVE-2026-8583,2026-05-14,5.3,MEDIUM,3.1,0.00179,0.07747,,,,,False,Media,False,4 - Seguimiento normal,0.0095,0.0095
CVE-2026-44679,2026-05-14,6.9,MEDIUM,4.0,0.00288,0.21061,,,,,False,Media,False,4 - Seguimiento normal,0.0199,0.0199
CVE-2026-44428,2026-05-14,2.1,LOW,4.0,0.00219,0.12501,,,,,False,Baja,False,4 - Seguimiento normal,0.0046,0.0046
CVE-2021-26380,2026-05-15,1.8,LOW,4.0,0.00102,0.01131,,,,,False,Baja,False,4 - Seguimiento normal,0.0018,0.0018
CVE-2025-0044,2026-05-15,4.8,MEDIUM,4.0,0.00099,0.00976,,,,,False,Media,False,4 - Seguimiento normal,0.0048,0.0048
CVE-2026-44718,2026-05-15,5.3,MEDIUM,4.0,0.00278,0.19964,,,,,False,Media,False,4 - Seguimiento normal,0.0147,0.0147
CVE-2026-4054,2026-05-15,4.3,MEDIUM,3.1,0.00242,0.15534,,,,,False,Media,False,4 - Seguimiento normal,0.0104,0.0104
CVE-2026-44552,2026-05-15,8.7,HIGH,3.1,0.00305,0.22789,,,,,False,Alta,False,4 - Seguimiento normal,0.0265,0.0265
CVE-2026-44563,2026-05-15,5.4,MEDIUM,3.1,0.00238,0.14949,,,,,False,Media,False,4 - Seguimiento normal,0.0129,0.0129
CVE-2026-45402,2026-05-15,8.1,HIGH,3.1,0.00346,0.27157,,,,,False,Alta,False,4 - Seguimiento normal,0.028,0.028
CVE-2026-44549,2026-05-15,7.3,HIGH,3.1,0.00318,0.24144,,,,,False,Alta,False,4 - Seguimiento normal,0.0232,0.0232
CVE-2021-47975,2026-05-16,5.1,MEDIUM,4.0,0.00214,0.11902,,,,,False,Media,False,4 - Seguimiento normal,0.0109,0.0109
CVE-2018-25319,2026-05-17,7.1,HIGH,4.0,0.00268,0.18744,,,,,False,Alta,False,4 - Seguimiento normal,0.019,0.019
CVE-2018-25322,2026-05-17,8.6,HIGH,4.0,0.00148,0.0448,,,,,False,Alta,False,4 - Seguimiento normal,0.0127,0.0127
CVE-2026-29964,2026-05-18,6.1,MEDIUM,3.1,0.00244,0.15712,,,,,False,Media,False,4 - Seguimiento normal,0.0149,0.0149
CVE-2026-45492,2026-05-18,5.4,MEDIUM,3.1,0.00302,0.22444,,,,,False,Media,False,4 - Seguimiento normal,0.0163,0.0163
CVE-2026-45244,2026-05-18,2.1,LOW,4.0,0.00227,0.13641,,,,,False,Baja,False,4 - Seguimiento normal,0.0048,0.0048
CVE-2026-47307,2026-05-19,5.5,MEDIUM,3.1,0.00193,0.09335,,,,,False,Media,False,4 - Seguimiento normal,0.0106,0.0106
CVE-2026-32994,2026-05-19,5.3,MEDIUM,3.0,0.00252,0.16649,,,,,False,Media,False,4 - Seguimiento normal,0.0134,0.0134
CVE-2026-47309,2026-05-19,5.5,MEDIUM,3.1,0.00266,0.18354,,,,,False,Media,False,4 - Seguimiento normal,0.0146,0.0146
CVE-2026-43634,2026-05-19,8.7,HIGH,4.0,0.00241,0.15369,,,,,False,Alta,False,4 - Seguimiento normal,0.021,0.021
CVE-2026-47100,2026-05-19,8.7,HIGH,4.0,0.00457,0.37233,,,,,False,Alta,False,4 - Seguimiento normal,0.0398,0.0398
CVE-2026-8419,2026-05-20,4.3,MEDIUM,3.1,0.00191,0.09028,,,,,False,Media,False,4 - Seguimiento normal,0.0082,0.0082
CVE-2026-24206,2026-05-20,7.3,HIGH,3.1,0.00549,0.42664,,,,,False,Alta,False,4 - Seguimiento normal,0.0401,0.0401
CVE-2026-41054,2026-05-20,7.8,HIGH,3.1,0.00185,0.08332,,,,,False,Alta,False,4 - Seguimiento normal,0.0144,0.0144
CVE-2026-9064,2026-05-20,7.5,HIGH,3.1,0.00815,0.53336,,,,,False,Alta,False,4 - Seguimiento normal,0.0611,0.0611
CVE-2026-8485,2026-05-20,5.9,MEDIUM,3.1,0.00348,0.27327,,,,,False,Media,False,4 - Seguimiento normal,0.0205,0.0205
CVE-2026-8488,2026-05-20,4.3,MEDIUM,3.1,0.00364,0.28985,,,,,False,Media,False,4 - Seguimiento normal,0.0157,0.0157
CVE-2026-35012,2026-05-20,5.1,MEDIUM,4.0,0.00221,0.1276,,,,,False,Media,False,4 - Seguimiento normal,0.0113,0.0113
CVE-2026-44050,2026-05-21,9.9,CRITICAL,3.1,0.00418,0.3432,,,,,False,Crítica,False,3 - Grave pero sin explotación conocida,0.0414,0.0414
CVE-2026-44064,2026-05-21,7.1,HIGH,3.1,0.00171,0.06704,,,,,False,Alta,False,4 - Seguimiento normal,0.0121,0.0121
CVE-2026-45251,2026-05-21,7.8,HIGH,3.1,0.0017,0.067,,,,,False,Alta,False,4 - Seguimiento normal,0.0133,0.0133
CVE-2026-48215,2026-05-21,5.1,MEDIUM,4.0,0.00212,0.11697,,,,,False,Media,False,4 - Seguimiento normal,0.0108,0.0108
CVE-2026-5091,2026-05-21,5.1,MEDIUM,3.1,0.00196,0.0957,,,,,False,Media,False,4 - Seguimiento normal,0.01,0.01
CVE-2026-8327,2026-05-21,5.3,MEDIUM,4.0,0.00182,0.08101,,,,,False,Media,False,4 - Seguimiento normal,0.0096,0.0096
CVE-2026-8410,2026-05-21,2.3,LOW,4.0,0.00142,0.03949,,,,,False,Baja,False,4 - Seguimiento normal,0.0033,0.0033
CVE-2026-8412,2026-05-21,2.3,LOW,4.0,0.0013,0.03011,,,,,False,Baja,False,4 - Seguimiento normal,0.003,0.003
CVE-2026-9054,2026-05-22,9.2,CRITICAL,4.0,0.00291,0.21343,,,,,False,Crítica,False,3 - Grave pero sin explotación conocida,0.0268,0.0268
CVE-2026-2518,2026-05-22,4.3,MEDIUM,3.1,0.0023,0.14024,,,,,False,Media,False,4 - Seguimiento normal,0.0099,0.0099
CVE-2025-46371,2026-05-22,3.6,LOW,3.1,0.00067,0.00032,,,,,False,Baja,False,4 - Seguimiento normal,0.0024,0.0024
CVE-2026-39966,2026-05-22,6.5,MEDIUM,3.1,0.00256,0.17194,,,,,False,Media,False,4 - Seguimiento normal,0.0166,0.0166
CVE-2026-40864,2026-05-22,5.4,MEDIUM,3.1,0.00159,0.05454,,,,,False,Media,False,4 - Seguimiento normal,0.0086,0.0086
CVE-2026-9351,2026-05-24,5.5,MEDIUM,4.0,0.00676,0.4847,,,,,False,Media,False,4 - Seguimiento normal,0.0372,0.0372
CVE-2026-9364,2026-05-24,5.5,MEDIUM,4.0,0.00254,0.16935,,,,,False,Media,False,4 - Seguimiento normal,0.014,0.014
CVE-2026-9418,2026-05-25,2.1,LOW,4.0,0.00263,0.1806,,,,,False,Baja,False,4 - Seguimiento normal,0.0055,0.0055
CVE-2026-9431,2026-05-25,7.4,HIGH,4.0,0.00438,0.35868,,,,,False,Alta,False,4 - Seguimiento normal,0.0324,0.0324
CVE-2026-47076,2026-05-25,6.9,MEDIUM,4.0,0.00229,0.13836,,,,,False,Media,False,4 - Seguimiento normal,0.0158,0.0158
CVE-2026-9474,2026-05-25,5.5,MEDIUM,4.0,0.00319,0.24261,,,,,False,Media,False,4 - Seguimiento normal,0.0175,0.0175
CVE-2026-43827,2026-05-25,5.9,MEDIUM,4.0,0.00412,0.33795,,,,,False,Media,False,4 - Seguimiento normal,0.0243,0.0243
CVE-2026-9521,2026-05-26,2.9,LOW,4.0,0.00401,0.32745,,,,,False,Baja,False,4 - Seguimiento normal,0.0116,0.0116
CVE-2026-9544,2026-05-26,5.5,MEDIUM,4.0,0.00259,0.17555,,,,,False,Media,False,4 - Seguimiento normal,0.0142,0.0142
CVE-2026-41917,2026-05-26,6.9,MEDIUM,4.0,0.00387,0.31337,,,,,False,Media,False,4 - Seguimiento normal,0.0267,0.0267
CVE-2026-48683,2026-05-26,6.5,MEDIUM,3.1,0.00331,0.25578,,,,,False,Media,False,4 - Seguimiento normal,0.0215,0.0215
CVE-2025-14290,2026-05-26,5.4,MEDIUM,3.1,0.00182,0.08089,,,,,False,Media,False,4 - Seguimiento normal,0.0098,0.0098
CVE-2025-36126,2026-05-26,6.4,MEDIUM,3.1,0.00185,0.0832,,,,,False,Media,False,4 - Seguimiento normal,0.0118,0.0118
CVE-2026-2264,2026-05-26,9.2,CRITICAL,4.0,0.0036,0.28554,,,,,False,Crítica,False,3 - Grave pero sin explotación conocida,0.0331,0.0331
CVE-2026-8852,2026-05-26,6.2,MEDIUM,3.1,0.00197,0.09696,,,,,False,Media,False,4 - Seguimiento normal,0.0122,0.0122
CVE-2026-24199,2026-05-26,4.7,MEDIUM,3.1,0.00092,0.00652,,,,,False,Media,False,4 - Seguimiento normal,0.0043,0.0043
CVE-2026-42448,2026-05-26,3.5,LOW,3.1,0.00197,0.09668,,,,,False,Baja,False,4 - Seguimiento normal,0.0069,0.0069
CVE-2026-42337,2026-05-26,5.3,MEDIUM,4.0,0.00207,0.10975,,,,,False,Media,False,4 - Seguimiento normal,0.011,0.011
CVE-2026-44897,2026-05-26,6.1,MEDIUM,3.1,0.00228,0.13729,,,,,False,Media,False,4 - Seguimiento normal,0.0139,0.0139
CVE-2026-9632,2026-05-27,7.4,HIGH,4.0,0.00463,0.37623,,,,,False,Alta,False,4 - Seguimiento normal,0.0343,0.0343
CVE-2026-2254,2026-05-27,6.3,MEDIUM,3.1,0.00154,0.04979,,,,,False,Media,False,4 - Seguimiento normal,0.0097,0.0097
CVE-2026-8707,2026-05-27,6.1,MEDIUM,3.1,0.00211,0.11494,,,,,False,Media,False,4 - Seguimiento normal,0.0129,0.0129
CVE-2026-40816,2026-05-27,8.7,HIGH,4.0,0.0032,0.24314,,,,,False,Alta,False,4 - Seguimiento normal,0.0278,0.0278
CVE-2026-40843,2026-05-27,7.1,HIGH,4.0,0.00262,0.17896,,,,,False,Alta,False,4 - Seguimiento normal,0.0186,0.0186
CVE-2026-40846,2026-05-27,7.1,HIGH,4.0,0.00262,0.17894,,,,,False,Alta,False,4 - Seguimiento normal,0.0186,0.0186
CVE-2026-40848,2026-05-27,7.1,HIGH,4.0,0.00262,0.17897,,,,,False,Alta,False,4 - Seguimiento normal,0.0186,0.0186
CVE-2026-48968,2026-05-27,6.5,MEDIUM,3.1,0.00182,0.08028,,,,,False,Media,False,4 - Seguimiento normal,0.0118,0.0118
CVE-2026-2288,2026-05-27,4.8,MEDIUM,3.1,0.0023,0.14004,,,,,False,Media,False,4 - Seguimiento normal,0.011,0.011
CVE-2026-42747,2026-05-27,9.3,CRITICAL,3.1,0.00245,0.1588,,,,,False,Crítica,False,3 - Grave pero sin explotación conocida,0.0228,0.0228
CVE-2026-45842,2026-05-27,5.5,MEDIUM,3.1,0.00127,0.02706,,,,,False,Media,False,4 - Seguimiento normal,0.007,0.007
CVE-2025-71311,2026-05-27,5.5,MEDIUM,3.1,0.00155,0.05106,,,,,False,Media,False,4 - Seguimiento normal,0.0085,0.0085
CVE-2026-45857,2026-05-27,5.5,MEDIUM,3.1,0.0016,0.05586,,,,,False,Media,False,4 - Seguimiento normal,0.0088,0.0088
CVE-2026-45881,2026-05-27,5.5,MEDIUM,3.1,0.00156,0.05174,,,,,False,Media,False,4 - Seguimiento normal,0.0086,0.0086
CVE-2026-45888,2026-05-27,5.5,MEDIUM,3.1,0.00159,0.05505,,,,,False,Media,False,4 - Seguimiento normal,0.0087,0.0087
CVE-2026-45998,2026-05-27,7.8,HIGH,3.1,0.00129,0.02879,,,,,False,Alta,False,4 - Seguimiento normal,0.0101,0.0101
CVE-2026-46030,2026-05-27,5.5,MEDIUM,3.1,0.00121,0.02235,,,,,False,Media,False,4 - Seguimiento normal,0.0067,0.0067
CVE-2026-46058,2026-05-27,7.8,HIGH,3.1,0.00097,0.00887,,,,,False,Alta,False,4 - Seguimiento normal,0.0076,0.0076
CVE-2026-42184,2026-05-27,6.1,MEDIUM,4.0,0.00312,0.23508,,,,,False,Media,False,4 - Seguimiento normal,0.019,0.019
CVE-2026-44972,2026-05-27,5.0,MEDIUM,3.1,0.00113,0.01643,,,,,False,Media,False,4 - Seguimiento normal,0.0056,0.0056
CVE-2026-38931,2026-05-27,5.4,MEDIUM,3.1,0.00162,0.05773,,,,,False,Media,False,4 - Seguimiento normal,0.0087,0.0087
CVE-2026-4392,2026-05-27,6.9,MEDIUM,4.0,0.00402,0.3285,,,,,False,Media,False,4 - Seguimiento normal,0.0277,0.0277
CVE-2026-8361,2026-05-27,7.5,HIGH,3.1,0.00351,0.27662,,,,,False,Alta,False,4 - Seguimiento normal,0.0263,0.0263
CVE-2026-9807,2026-05-28,4.3,MEDIUM,3.1,0.00193,0.09303,,,,,False,Media,False,4 - Seguimiento normal,0.0083,0.0083
CVE-2026-46115,2026-05-28,9.8,CRITICAL,3.1,0.00491,0.39351,,,,,False,Crítica,False,3 - Grave pero sin explotación conocida,0.0481,0.0481
CVE-2026-46196,2026-05-28,5.5,MEDIUM,3.1,0.00128,0.02826,,,,,False,Media,False,4 - Seguimiento normal,0.007,0.007
CVE-2026-46216,2026-05-28,5.5,MEDIUM,3.1,0.00127,0.02781,,,,,False,Media,False,4 - Seguimiento normal,0.007,0.007
CVE-2026-46225,2026-05-28,5.5,MEDIUM,3.1,0.00119,0.02055,,,,,False,Media,False,4 - Seguimiento normal,0.0065,0.0065
CVE-2026-46231,2026-05-28,5.5,MEDIUM,3.1,0.00119,0.021,,,,,False,Media,False,4 - Seguimiento normal,0.0065,0.0065
CVE-2026-37266,2026-05-28,8.0,HIGH,3.1,0.00334,0.25842,,,,,False,Alta,False,4 - Seguimiento normal,0.0267,0.0267
CVE-2026-37579,2026-05-28,7.3,HIGH,3.1,0.0029,0.21235,,,,,False,Alta,False,4 - Seguimiento normal,0.0212,0.0212
CVE-2026-45348,2026-05-28,8.7,HIGH,3.1,0.00199,0.09983,,,,,False,Alta,False,4 - Seguimiento normal,0.0173,0.0173
CVE-2026-30760,2026-05-28,7.3,HIGH,3.1,0.00308,0.23116,,,,,False,Alta,False,4 - Seguimiento normal,0.0225,0.0225
CVE-2026-45044,2026-05-28,8.8,HIGH,4.0,0.0031,0.23363,,,,,False,Alta,False,4 - Seguimiento normal,0.0273,0.0273
CVE-2026-47330,2026-05-28,3.3,LOW,3.1,0.00092,0.00635,,,,,False,Baja,False,4 - Seguimiento normal,0.003,0.003
CVE-2026-10005,2026-05-28,7.5,HIGH,3.1,0.00261,0.17723,,,,,False,Alta,False,4 - Seguimiento normal,0.0196,0.0196
CVE-2026-10017,2026-05-28,8.3,HIGH,3.1,0.00185,0.084,,,,,False,Alta,False,4 - Seguimiento normal,0.0154,0.0154
CVE-2026-8809,2026-05-28,9.8,CRITICAL,3.1,0.008,0.52806,,,,,False,Crítica,False,3 - Grave pero sin explotación conocida,0.0784,0.0784
CVE-2026-9899,2026-05-28,8.3,HIGH,3.1,0.00214,0.11841,,,,,False,Alta,False,4 - Seguimiento normal,0.0178,0.0178
CVE-2026-9938,2026-05-28,8.8,HIGH,3.1,0.00319,0.24279,,,,,False,Alta,False,4 - Seguimiento normal,0.0281,0.0281
CVE-2026-9946,2026-05-28,8.3,HIGH,3.1,0.00207,0.1103,,,,,False,Alta,False,4 - Seguimiento normal,0.0172,0.0172
CVE-2026-45312,2026-05-29,9.9,CRITICAL,3.1,0.00294,0.21598,,,,,False,Crítica,False,3 - Grave pero sin explotación conocida,0.0291,0.0291
CVE-2026-10073,2026-05-29,8.7,HIGH,4.0,0.00353,0.27934,,,,,False,Alta,False,4 - Seguimiento normal,0.0307,0.0307
CVE-2018-25388,2026-05-29,8.7,HIGH,4.0,0.00519,0.41083,,,,,False,Alta,False,4 - Seguimiento normal,0.0452,0.0452
CVE-2026-35674,2026-05-29,8.7,HIGH,4.0,0.00253,0.16818,,,,,False,Alta,False,4 - Seguimiento normal,0.022,0.022
CVE-2026-10105,2026-05-29,8.7,HIGH,4.0,0.00319,0.24296,,,,,False,Alta,False,4 - Seguimiento normal,0.0278,0.0278
CVE-2026-45627,2026-05-29,8.2,HIGH,3.1,0.00185,0.08326,,,,,False,Alta,False,4 - Seguimiento normal,0.0152,0.0152
CVE-2026-49385,2026-05-29,6.5,MEDIUM,3.1,0.00221,0.12744,,,,,False,Media,False,4 - Seguimiento normal,0.0144,0.0144
CVE-2026-48810,2026-05-29,4.3,MEDIUM,3.1,0.00155,0.05126,,,,,False,Media,False,4 - Seguimiento normal,0.0067,0.0067
CVE-2026-42360,2026-06-01,6.5,MEDIUM,3.1,0.00348,0.27361,,,,,False,Media,False,4 - Seguimiento normal,0.0226,0.0226
CVE-2026-45156,2026-06-01,8.1,HIGH,3.1,0.00412,0.33743,,,,,False,Alta,False,4 - Seguimiento normal,0.0334,0.0334
CVE-2026-8643,2026-06-01,4.1,MEDIUM,4.0,0.0032,0.24345,,,,,False,Media,False,4 - Seguimiento normal,0.0131,0.0131
CVE-2026-45302,2026-06-01,8.2,HIGH,3.1,0.00315,0.23836,,,,,False,Alta,False,4 - Seguimiento normal,0.0258,0.0258
CVE-2026-10287,2026-06-01,5.5,MEDIUM,4.0,0.00294,0.21614,,,,,False,Media,False,4 - Seguimiento normal,0.0162,0.0162
CVE-2026-49138,2026-06-01,5.3,MEDIUM,4.0,0.00287,0.2087,,,,,False,Media,False,4 - Seguimiento normal,0.0152,0.0152
CVE-2026-0075,2026-06-01,5.9,MEDIUM,3.1,0.00094,0.0072,,,,,False,Media,False,4 - Seguimiento normal,0.0055,0.0055
CVE-2026-28586,2026-06-01,3.3,LOW,3.1,0.00064,0.00018,,,,,False,Baja,False,4 - Seguimiento normal,0.0021,0.0021
CVE-2026-40964,2026-06-01,7.5,HIGH,3.1,0.00393,0.31943,,,,,False,Alta,False,4 - Seguimiento normal,0.0295,0.0295
CVE-2026-10302,2026-06-02,2.1,LOW,4.0,0.002,0.10125,,,,,False,Baja,False,4 - Seguimiento normal,0.0042,0.0042
CVE-2026-41115,2026-06-02,4.3,MEDIUM,3.1,0.00288,0.20959,,,,,False,Media,False,4 - Seguimiento normal,0.0124,0.0124
CVE-2026-10611,2026-06-02,8.2,HIGH,4.0,0.00353,0.27926,,,,,False,Alta,False,4 - Seguimiento normal,0.0289,0.0289
CVE-2026-32250,2026-06-02,4.3,MEDIUM,3.1,0.00185,0.08326,,,,,False,Media,False,4 - Seguimiento normal,0.008,0.008
CVE-2026-30650,2026-06-02,8.8,HIGH,3.1,0.00599,0.45102,,,,,False,Alta,False,4 - Seguimiento normal,0.0527,0.0527
CVE-2026-5074,2026-06-02,6.5,MEDIUM,3.1,0.00308,0.23118,,,,,False,Media,False,4 - Seguimiento normal,0.02,0.02
CVE-2026-10692,2026-06-03,2.1,LOW,4.0,0.0031,0.23303,,,,,False,Baja,False,4 - Seguimiento normal,0.0065,0.0065
CVE-2026-48587,2026-06-03,2.3,LOW,4.0,0.00354,0.27973,,,,,False,Baja,False,4 - Seguimiento normal,0.0081,0.0081
CVE-2026-36576,2026-06-03,9.8,CRITICAL,3.1,0.01491,0.71428,,,,,False,Crítica,False,3 - Grave pero sin explotación conocida,0.1461,0.1461
CVE-2026-36616,2026-06-03,5.9,MEDIUM,3.1,0.00137,0.03535,,,,,False,Media,False,4 - Seguimiento normal,0.0081,0.0081
CVE-2026-46268,2026-06-03,5.5,MEDIUM,3.1,0.00113,0.01664,,,,,False,Media,False,4 - Seguimiento normal,0.0062,0.0062
CVE-2026-50033,2026-06-03,7.3,HIGH,3.0,0.00115,0.01842,,,,,False,Alta,False,4 - Seguimiento normal,0.0084,0.0084
CVE-2026-49192,2026-06-04,5.3,MEDIUM,4.0,0.00138,0.03583,,,,,False,Media,False,4 - Seguimiento normal,0.0073,0.0073
CVE-2026-10840,2026-06-04,7.1,HIGH,3.1,0.00211,0.11529,,,,,False,Alta,False,4 - Seguimiento normal,0.015,0.015
CVE-2019-25737,2026-06-04,5.3,MEDIUM,4.0,0.00211,0.11495,,,,,False,Media,False,4 - Seguimiento normal,0.0112,0.0112
CVE-2026-10811,2026-06-04,2.1,LOW,4.0,0.002,0.10136,,,,,False,Baja,False,4 - Seguimiento normal,0.0042,0.0042
CVE-2026-36180,2026-06-04,4.6,MEDIUM,3.1,0.00135,0.03387,,,,,False,Media,False,4 - Seguimiento normal,0.0062,0.0062
CVE-2026-5228,2026-06-04,8.8,HIGH,3.1,0.00245,0.15861,,,,,False,Alta,False,4 - Seguimiento normal,0.0216,0.0216
CVE-2026-10880,2026-06-04,9.8,CRITICAL,3.1,0.00436,0.3574,,,,,False,Crítica,False,3 - Grave pero sin explotación conocida,0.0427,0.0427
CVE-2026-42539,2026-06-04,6.5,MEDIUM,3.1,0.00232,0.14204,,,,,False,Media,False,4 - Seguimiento normal,0.0151,0.0151
CVE-2026-10914,2026-06-04,8.8,HIGH,3.1,0.0039,0.31611,,,,,False,Alta,False,4 - Seguimiento normal,0.0343,0.0343
CVE-2026-11048,2026-06-04,6.5,MEDIUM,3.1,0.00158,0.05417,,,,,False,Media,False,4 - Seguimiento normal,0.0103,0.0103
CVE-2026-11050,2026-06-04,8.8,HIGH,3.1,0.0028,0.20267,,,,,False,Alta,False,4 - Seguimiento normal,0.0246,0.0246
CVE-2026-11051,2026-06-04,6.5,MEDIUM,3.1,0.00229,0.13862,,,,,False,Media,False,4 - Seguimiento normal,0.0149,0.0149
CVE-2026-11067,2026-06-04,6.5,MEDIUM,3.1,0.0025,0.16451,,,,,False,Media,False,4 - Seguimiento normal,0.0163,0.0163
CVE-2026-11088,2026-06-04,9.6,CRITICAL,3.1,0.00316,0.23935,,,,,False,Crítica,False,3 - Grave pero sin explotación conocida,0.0303,0.0303
CVE-2026-11144,2026-06-04,8.8,HIGH,3.1,0.00259,0.17481,,,,,False,Alta,False,4 - Seguimiento normal,0.0228,0.0228
CVE-2026-11205,2026-06-04,6.1,MEDIUM,3.1,0.00147,0.04362,,,,,False,Media,False,4 - Seguimiento normal,0.009,0.009
CVE-2026-11212,2026-06-04,4.3,MEDIUM,3.1,0.00137,0.03534,,,,,False,Media,False,4 - Seguimiento normal,0.0059,0.0059
CVE-2026-11229,2026-06-04,6.1,MEDIUM,3.1,0.00094,0.00732,,,,,False,Media,False,4 - Seguimiento normal,0.0057,0.0057
CVE-2026-11261,2026-06-05,4.3,MEDIUM,3.1,0.00176,0.07409,,,,,False,Media,False,4 - Seguimiento normal,0.0076,0.0076
CVE-2026-11282,2026-06-05,9.6,CRITICAL,3.1,0.00243,0.15554,,,,,False,Crítica,False,3 - Grave pero sin explotación conocida,0.0233,0.0233
CVE-2026-11289,2026-06-05,6.5,MEDIUM,3.1,0.00197,0.09799,,,,,False,Media,False,4 - Seguimiento normal,0.0128,0.0128
CVE-2026-11300,2026-06-05,4.3,MEDIUM,3.1,0.00154,0.05042,,,,,False,Media,False,4 - Seguimiento normal,0.0066,0.0066
CVE-2026-48907,2026-06-05,10.0,CRITICAL,4.0,0.83005,0.99643,Widget Factory,Joomla Content Editor ,2026-06-16,Unknown,True,Crítica,True,1 - Explotada activamente,8.3005,10.0
CVE-2026-11332,2026-06-05,7.8,HIGH,3.1,0.00197,0.09733,,,,,False,Alta,False,4 - Seguimiento normal,0.0154,0.0154
CVE-2026-50265,2026-06-05,,,,0.0,0.0,,,,,False,Sin puntaje,False,4 - Seguimiento normal,0.0,0.0
CVE-2026-48111,2026-06-05,4.3,MEDIUM,3.1,0.00225,0.13371,,,,,False,Media,False,4 - Seguimiento normal,0.0097,0.0097
CVE-2026-45743,2026-06-05,8.1,HIGH,3.1,0.00282,0.20448,,,,,False,Alta,False,4 - Seguimiento normal,0.0228,0.0228
CVE-2026-11437,2026-06-06,5.5,MEDIUM,4.0,0.00409,0.33474,,,,,False,Media,False,4 - Seguimiento normal,0.0225,0.0225
CVE-2026-11451,2026-06-07,6.9,MEDIUM,4.0,0.02027,0.78998,,,,,False,Media,False,4 - Seguimiento normal,0.1399,0.1399
CVE-2026-11469,2026-06-08,2.0,LOW,4.0,0.00232,0.14156,,,,,False,Baja,False,4 - Seguimiento normal,0.0046,0.0046
CVE-2023-54352,2026-06-08,9.3,CRITICAL,4.0,0.00613,0.45736,,,,,False,Crítica,False,3 - Grave pero sin explotación conocida,0.057,0.057
CVE-2026-11475,2026-06-08,2.1,LOW,4.0,0.00133,0.03233,,,,,False,Baja,False,4 - Seguimiento normal,0.0028,0.0028
CVE-2026-11481,2026-06-08,1.1,LOW,4.0,0.00082,0.0028,,,,,False,Baja,False,4 - Seguimiento normal,0.0009,0.0009
CVE-2026-11483,2026-06-08,5.5,MEDIUM,4.0,0.00275,0.19643,,,,,False,Media,False,4 - Seguimiento normal,0.0151,0.0151
CVE-2026-7186,2026-06-08,8.5,HIGH,4.0,0.00136,0.03454,,,,,False,Alta,False,4 - Seguimiento normal,0.0116,0.0116
CVE-2026-11518,2026-06-08,2.1,LOW,4.0,0.00388,0.31456,,,,,False,Baja,False,4 - Seguimiento normal,0.0081,0.0081
CVE-2026-46442,2026-06-08,9.4,CRITICAL,4.0,0.03489,0.87909,,,,,False,Crítica,False,3 - Grave pero sin explotación conocida,0.328,0.328
CVE-2026-25555,2026-06-08,9.3,CRITICAL,4.0,0.01824,0.76549,,,,,False,Crítica,False,3 - Grave pero sin explotación conocida,0.1696,0.1696
CVE-2026-11552,2026-06-08,5.5,MEDIUM,4.0,0.00286,0.20826,,,,,False,Media,False,4 - Seguimiento normal,0.0157,0.0157
CVE-2026-11654,2026-06-09,9.6,CRITICAL,3.1,0.00252,0.16707,,,,,False,Crítica,False,3 - Grave pero sin explotación conocida,0.0242,0.0242
CVE-2026-11669,2026-06-09,5.3,MEDIUM,3.1,0.00213,0.11762,,,,,False,Media,False,4 - Seguimiento normal,0.0113,0.0113
CVE-2026-41007,2026-06-09,7.5,HIGH,3.1,0.00299,0.22127,,,,,False,Alta,False,4 - Seguimiento normal,0.0224,0.0224
CVE-2026-41715,2026-06-09,6.1,MEDIUM,3.1,0.00172,0.06809,,,,,False,Media,False,4 - Seguimiento normal,0.0105,0.0105
CVE-2026-41720,2026-06-09,7.4,HIGH,3.1,0.00257,0.17274,,,,,False,Alta,False,4 - Seguimiento normal,0.019,0.019
CVE-2026-41978,2026-06-09,4.4,MEDIUM,3.1,0.00075,0.0011,,,,,False,Media,False,4 - Seguimiento normal,0.0033,0.0033
CVE-2026-41976,2026-06-09,6.6,MEDIUM,3.1,0.00079,0.00188,,,,,False,Media,False,4 - Seguimiento normal,0.0052,0.0052
CVE-2026-41977,2026-06-09,5.0,MEDIUM,3.1,0.00075,0.00118,,,,,False,Media,False,4 - Seguimiento normal,0.0037,0.0037
CVE-2026-6899,2026-06-09,5.6,MEDIUM,3.1,0.00108,0.01395,,,,,False,Media,False,4 - Seguimiento normal,0.006,0.006
CVE-2026-49741,2026-06-09,8.7,HIGH,4.0,0.00244,0.1572,,,,,False,Alta,False,4 - Seguimiento normal,0.0212,0.0212
CVE-2026-46324,2026-06-09,7.8,HIGH,3.1,0.00119,0.02042,,,,,False,Alta,False,4 - Seguimiento normal,0.0093,0.0093
CVE-2026-34182,2026-06-09,9.1,CRITICAL,3.1,0.0035,0.27617,,,,,False,Crítica,False,3 - Grave pero sin explotación conocida,0.0318,0.0318
CVE-2026-42916,2026-06-09,7.8,HIGH,3.1,0.00326,0.24981,,,,,False,Alta,False,4 - Seguimiento normal,0.0254,0.0254
CVE-2026-45649,2026-06-09,7.1,HIGH,3.1,0.00419,0.3436,,,,,False,Alta,False,4 - Seguimiento normal,0.0297,0.0297
CVE-2026-47288,2026-06-09,7.1,HIGH,3.1,0.00499,0.39847,,,,,False,Alta,False,4 - Seguimiento normal,0.0354,0.0354
CVE-2026-47639,2026-06-09,5.4,MEDIUM,3.1,0.00415,0.34028,,,,,False,Media,False,4 - Seguimiento normal,0.0224,0.0224
CVE-2026-48300,2026-06-09,5.4,MEDIUM,3.1,0.00205,0.10783,,,,,False,Media,False,4 - Seguimiento normal,0.0111,0.0111
CVE-2026-34694,2026-06-09,4.8,MEDIUM,3.1,0.00175,0.07261,,,,,False,Media,False,4 - Seguimiento normal,0.0084,0.0084
CVE-2026-36726,2026-06-09,5.3,MEDIUM,3.1,0.00511,0.40595,,,,,False,Media,False,4 - Seguimiento normal,0.0271,0.0271
CVE-2026-36784,2026-06-09,7.5,HIGH,3.1,0.00329,0.25347,,,,,False,Alta,False,4 - Seguimiento normal,0.0247,0.0247
CVE-2026-41726,2026-06-10,6.5,MEDIUM,3.1,0.00296,0.21809,,,,,False,Media,False,4 - Seguimiento normal,0.0192,0.0192
CVE-2024-58350,2026-06-10,2.1,LOW,4.0,0.0011,0.01496,,,,,False,Baja,False,4 - Seguimiento normal,0.0023,0.0023
CVE-2026-52754,2026-06-10,8.7,HIGH,4.0,0.00252,0.16684,,,,,False,Alta,False,4 - Seguimiento normal,0.0219,0.0219
CVE-2026-45565,2026-06-10,8.1,HIGH,3.1,0.00304,0.2266,,,,,False,Alta,False,4 - Seguimiento normal,0.0246,0.0246
CVE-2026-45569,2026-06-10,8.1,HIGH,3.1,0.00316,0.23871,,,,,False,Alta,False,4 - Seguimiento normal,0.0256,0.0256
CVE-2026-48859,2026-06-10,6.3,MEDIUM,4.0,0.00354,0.28048,,,,,False,Media,False,4 - Seguimiento normal,0.0223,0.0223
CVE-2026-45384,2026-06-10,6.1,MEDIUM,3.1,0.00125,0.02592,,,,,False,Media,False,4 - Seguimiento normal,0.0076,0.0076
CVE-2026-46705,2026-06-10,5.3,MEDIUM,3.1,0.00218,0.1242,,,,,False,Media,False,4 - Seguimiento normal,0.0116,0.0116
CVE-2026-53736,2026-06-10,5.1,MEDIUM,4.0,0.00104,0.01194,,,,,False,Media,False,4 - Seguimiento normal,0.0053,0.0053
CVE-2026-48734,2026-06-10,5.5,MEDIUM,3.1,0.00107,0.01361,,,,,False,Media,False,4 - Seguimiento normal,0.0059,0.0059
CVE-2026-10087,2026-06-11,8.7,HIGH,3.1,0.00249,0.16356,,,,,False,Alta,False,4 - Seguimiento normal,0.0217,0.0217
CVE-2026-11945,2026-06-11,6.4,MEDIUM,3.1,0.00247,0.16093,,,,,False,Media,False,4 - Seguimiento normal,0.0158,0.0158
CVE-2026-12032,2026-06-11,3.1,LOW,3.1,0.00155,0.05109,,,,,False,Baja,False,4 - Seguimiento normal,0.0048,0.0048
CVE-2026-44893,2026-06-12,7.5,HIGH,3.1,0.00617,0.45939,,,,,False,Alta,False,4 - Seguimiento normal,0.0463,0.0463
CVE-2026-44975,2026-06-12,5.3,MEDIUM,4.0,0.00278,0.19965,,,,,False,Media,False,4 - Seguimiento normal,0.0147,0.0147
CVE-2026-8828,2026-06-12,8.8,HIGH,4.0,0.00279,0.20114,,,,,False,Alta,False,4 - Seguimiento normal,0.0246,0.0246
CVE-2026-42604,2026-06-12,6.9,MEDIUM,4.0,0.004,0.32652,,,,,False,Media,False,4 - Seguimiento normal,0.0276,0.0276
CVE-2026-42890,2026-06-12,4.8,MEDIUM,4.0,0.00126,0.02686,,,,,False,Media,False,4 - Seguimiento normal,0.006,0.006
CVE-2026-43872,2026-06-12,5.3,MEDIUM,4.0,0.00303,0.22617,,,,,False,Media,False,4 - Seguimiento normal,0.0161,0.0161
CVE-2026-54357,2026-06-12,5.1,MEDIUM,4.0,0.00254,0.16993,,,,,False,Media,False,4 - Seguimiento normal,0.013,0.013
CVE-2026-44780,2026-06-12,4.3,MEDIUM,3.1,0.00189,0.08789,,,,,False,Media,False,4 - Seguimiento normal,0.0081,0.0081
CVE-2026-41155,2026-06-12,5.5,MEDIUM,3.1,0.00106,0.01278,,,,,False,Media,False,4 - Seguimiento normal,0.0058,0.0058
CVE-2026-49396,2026-06-12,7.1,HIGH,3.1,0.00123,0.02463,,,,,False,Alta,False,4 - Seguimiento normal,0.0087,0.0087
CVE-2026-53835,2026-06-12,2.3,LOW,4.0,0.00166,0.06158,,,,,False,Baja,False,4 - Seguimiento normal,0.0038,0.0038
CVE-2026-12204,2026-06-15,5.5,MEDIUM,4.0,0.00292,0.21413,,,,,False,Media,False,4 - Seguimiento normal,0.0161,0.0161
CVE-2026-12218,2026-06-15,7.3,HIGH,4.0,0.00371,0.29701,,,,,False,Alta,False,4 - Seguimiento normal,0.0271,0.0271
CVE-2026-11860,2026-06-15,7.5,HIGH,4.0,0.00235,0.14663,,,,,False,Alta,False,4 - Seguimiento normal,0.0176,0.0176
CVE-2026-34025,2026-06-15,5.3,MEDIUM,4.0,0.00283,0.20551,,,,,False,Media,False,4 - Seguimiento normal,0.015,0.015
CVE-2025-55663,2026-06-15,5.5,MEDIUM,3.1,0.00243,0.15567,,,,,False,Media,False,4 - Seguimiento normal,0.0134,0.0134
CVE-2026-38061,2026-06-15,9.8,CRITICAL,3.1,0.01046,0.60623,,,,,False,Crítica,False,3 - Grave pero sin explotación conocida,0.1025,0.1025
CVE-2026-50892,2026-06-15,6.5,MEDIUM,3.1,0.00171,0.0679,,,,,False,Media,False,4 - Seguimiento normal,0.0111,0.0111
CVE-2026-39514,2026-06-15,7.1,HIGH,3.1,0.00175,0.07236,,,,,False,Alta,False,4 - Seguimiento normal,0.0124,0.0124
CVE-2026-42666,2026-06-15,7.5,HIGH,3.1,0.00278,0.20053,,,,,False,Alta,False,4 - Seguimiento normal,0.0209,0.0209
CVE-2026-42686,2026-06-15,7.1,HIGH,3.1,0.00354,0.28039,,,,,False,Alta,False,4 - Seguimiento normal,0.0251,0.0251
CVE-2026-48709,2026-06-15,3.7,LOW,3.1,0.00329,0.25317,,,,,False,Baja,False,4 - Seguimiento normal,0.0122,0.0122
CVE-2026-49082,2026-06-15,7.4,HIGH,3.1,0.00264,0.18103,,,,,False,Alta,False,4 - Seguimiento normal,0.0195,0.0195
CVE-2026-49776,2026-06-15,9.3,CRITICAL,3.1,0.00289,0.21108,,,,,False,Crítica,False,3 - Grave pero sin explotación conocida,0.0269,0.0269
CVE-2026-1764,2026-06-16,5.6,MEDIUM,3.1,0.00209,0.11216,,,,,False,Media,False,4 - Seguimiento normal,0.0117,0.0117
CVE-2026-12305,2026-06-16,7.5,HIGH,3.1,0.00374,0.30003,,,,,False,Alta,False,4 - Seguimiento normal,0.028,0.028
CVE-2026-0647,2026-06-16,8.8,HIGH,4.0,0.00435,0.35623,,,,,False,Alta,False,4 - Seguimiento normal,0.0383,0.0383
CVE-2024-30476,2026-06-16,5.4,MEDIUM,3.1,0.00199,0.09938,,,,,False,Media,False,4 - Seguimiento normal,0.0107,0.0107
CVE-2026-12003,2026-06-16,5.3,MEDIUM,4.0,0.00136,0.0348,,,,,False,Media,False,4 - Seguimiento normal,0.0072,0.0072
CVE-2026-0156,2026-06-16,7.5,HIGH,3.1,0.00211,0.11549,,,,,False,Alta,False,4 - Seguimiento normal,0.0158,0.0158
CVE-2026-48777,2026-06-16,9.3,CRITICAL,4.0,0.00446,0.36504,,,,,False,Crítica,False,3 - Grave pero sin explotación conocida,0.0415,0.0415
CVE-2026-35261,2026-06-17,6.5,MEDIUM,3.1,0.00272,0.19358,,,,,False,Media,False,4 - Seguimiento normal,0.0177,0.0177
CVE-2026-35314,2026-06-17,7.3,HIGH,3.1,0.00307,0.2301,,,,,False,Alta,False,4 - Seguimiento normal,0.0224,0.0224
CVE-2026-46796,2026-06-17,8.0,HIGH,3.1,0.00353,0.27957,,,,,False,Alta,False,4 - Seguimiento normal,0.0282,0.0282
CVE-2026-46911,2026-06-17,9.6,CRITICAL,3.1,0.00267,0.18647,,,,,False,Crítica,False,3 - Grave pero sin explotación conocida,0.0256,0.0256
CVE-2026-46953,2026-06-17,7.2,HIGH,3.1,0.00339,0.26411,,,,,False,Alta,False,4 - Seguimiento normal,0.0244,0.0244
CVE-2026-46957,2026-06-17,7.5,HIGH,3.1,0.00311,0.23441,,,,,False,Alta,False,4 - Seguimiento normal,0.0233,0.0233
CVE-2025-69103,2026-06-17,7.5,HIGH,3.1,0.00407,0.33369,,,,,False,Alta,False,4 - Seguimiento normal,0.0305,0.0305
CVE-2025-69121,2026-06-17,8.1,HIGH,3.1,0.00435,0.35655,,,,,False,Alta,False,4 - Seguimiento normal,0.0352,0.0352
CVE-2026-22325,2026-06-17,8.1,HIGH,3.1,0.00363,0.28894,,,,,False,Alta,False,4 - Seguimiento normal,0.0294,0.0294
CVE-2026-28576,2026-06-17,10.0,CRITICAL,4.0,0.00148,0.04455,,,,,False,Crítica,False,3 - Grave pero sin explotación conocida,0.0148,0.0148
CVE-2026-34893,2026-06-17,8.1,HIGH,3.1,0.00338,0.263,,,,,False,Alta,False,4 - Seguimiento normal,0.0274,0.0274
CVE-2026-39446,2026-06-17,8.1,HIGH,3.1,0.00308,0.23059,,,,,False,Alta,False,4 - Seguimiento normal,0.0249,0.0249
CVE-2026-45436,2026-06-17,6.5,MEDIUM,3.1,0.00304,0.2271,,,,,False,Media,False,4 - Seguimiento normal,0.0198,0.0198
CVE-2026-49107,2026-06-17,9.8,CRITICAL,3.1,0.00375,0.30136,,,,,False,Crítica,False,3 - Grave pero sin explotación conocida,0.0367,0.0367
CVE-2026-49767,2026-06-17,9.8,CRITICAL,3.1,0.00548,0.42634,,,,,False,Crítica,False,3 - Grave pero sin explotación conocida,0.0537,0.0537
CVE-2026-7850,2026-06-17,5.9,MEDIUM,3.1,0.0014,0.03746,,,,,False,Media,False,4 - Seguimiento normal,0.0083,0.0083
CVE-2026-40738,2026-06-17,8.1,HIGH,3.1,0.00308,0.2306,,,,,False,Alta,False,4 - Seguimiento normal,0.0249,0.0249
CVE-2026-54808,2026-06-17,9.3,CRITICAL,3.1,0.00308,0.23075,,,,,False,Crítica,False,3 - Grave pero sin explotación conocida,0.0286,0.0286
CVE-2026-40641,2026-06-17,4.8,MEDIUM,3.1,0.001,0.01048,,,,,False,Media,False,4 - Seguimiento normal,0.0048,0.0048
CVE-2026-11525,2026-06-17,3.7,LOW,3.1,0.00238,0.1503,,,,,False,Baja,False,4 - Seguimiento normal,0.0088,0.0088
CVE-2026-12111,2026-06-18,4.3,MEDIUM,3.1,0.00277,0.19871,,,,,False,Media,False,4 - Seguimiento normal,0.0119,0.0119
CVE-2026-12137,2026-06-18,6.1,MEDIUM,3.1,0.00211,0.11495,,,,,False,Media,False,4 - Seguimiento normal,0.0129,0.0129
CVE-2026-55745,2026-06-18,5.3,MEDIUM,4.0,0.00116,0.01865,,,,,False,Media,False,4 - Seguimiento normal,0.0061,0.0061
CVE-2026-11718,2026-06-18,9.3,CRITICAL,4.0,0.00204,0.1064,,,,,False,Crítica,False,3 - Grave pero sin explotación conocida,0.019,0.019
CVE-2026-54224,2026-06-18,7.1,HIGH,4.0,0.00272,0.19369,,,,,False,Alta,False,4 - Seguimiento normal,0.0193,0.0193
CVE-2026-48716,2026-06-18,8.7,HIGH,3.1,0.00422,0.34608,,,,,False,Alta,False,4 - Seguimiento normal,0.0367,0.0367
CVE-2026-43994,2026-06-18,8.1,HIGH,3.1,0.0045,0.36781,,,,,False,Alta,False,4 - Seguimiento normal,0.0364,0.0364
CVE-2026-51844,2026-06-19,9.8,CRITICAL,3.1,0.00438,0.35893,,,,,False,Crítica,False,3 - Grave pero sin explotación conocida,0.0429,0.0429
CVE-2026-49271,2026-06-19,6.5,MEDIUM,3.1,0.00199,0.10011,,,,,False,Media,False,4 - Seguimiento normal,0.0129,0.0129
CVE-2026-11911,2026-06-20,7.5,HIGH,3.1,0.01174,0.6427,,,,,False,Alta,False,4 - Seguimiento normal,0.0881,0.0881
CVE-2026-56332,2026-06-20,5.1,MEDIUM,4.0,0.00299,0.22141,,,,,False,Media,False,4 - Seguimiento normal,0.0152,0.0152
CVE-2026-56236,2026-06-21,6.8,MEDIUM,4.0,0.00183,0.082,,,,,False,Media,False,4 - Seguimiento normal,0.0124,0.0124
CVE-2026-10845,2026-06-22,7.3,HIGH,3.1,0.00466,0.37843,,,,,False,Alta,False,4 - Seguimiento normal,0.034,0.034
CVE-2026-12549,2026-06-22,4.8,MEDIUM,3.1,0.00411,0.33662,,,,,False,Media,False,4 - Seguimiento normal,0.0197,0.0197
CVE-2026-12628,2026-06-22,9.1,CRITICAL,3.1,0.00357,0.28344,,,,,False,Crítica,False,3 - Grave pero sin explotación conocida,0.0325,0.0325
CVE-2026-9006,2026-06-22,7.4,HIGH,3.1,0.00239,0.15166,,,,,False,Alta,False,4 - Seguimiento normal,0.0177,0.0177
CVE-2026-10852,2026-06-22,5.9,MEDIUM,3.1,0.00293,0.21495,,,,,False,Media,False,4 - Seguimiento normal,0.0173,0.0173
CVE-2026-45034,2026-06-22,9.2,CRITICAL,4.0,0.00351,0.27726,,,,,False,Crítica,False,3 - Grave pero sin explotación conocida,0.0323,0.0323
CVE-2026-48514,2026-06-22,6.3,MEDIUM,4.0,0.00231,0.14117,,,,,False,Media,False,4 - Seguimiento normal,0.0146,0.0146
CVE-2026-10651,2026-06-23,7.1,HIGH,3.1,0.0028,0.20239,,,,,False,Alta,False,4 - Seguimiento normal,0.0199,0.0199
CVE-2026-55654,2026-06-23,3.7,LOW,3.1,0.00392,0.31793,,,,,False,Baja,False,4 - Seguimiento normal,0.0145,0.0145
CVE-2026-8172,2026-06-23,7.1,HIGH,3.1,0.00159,0.05496,,,,,False,Alta,False,4 - Seguimiento normal,0.0113,0.0113
CVE-2026-11772,2026-06-23,5.1,MEDIUM,4.0,0.00378,0.30411,,,,,False,Media,False,4 - Seguimiento normal,0.0193,0.0193
CVE-2026-28496,2026-06-23,9.4,CRITICAL,4.0,0.17612,0.96829,,,,,False,Crítica,True,2 - Explotación probable,1.6555,1.6555
CVE-2026-34912,2026-06-23,4.3,MEDIUM,3.0,0.00235,0.14664,,,,,False,Media,False,4 - Seguimiento normal,0.0101,0.0101
CVE-2026-34916,2026-06-23,8.8,HIGH,3.0,0.00754,0.51288,,,,,False,Alta,False,4 - Seguimiento normal,0.0664,0.0664
CVE-2026-47378,2026-06-23,6.9,MEDIUM,4.0,0.00239,0.15177,,,,,False,Media,False,4 - Seguimiento normal,0.0165,0.0165
CVE-2026-54639,2026-06-24,8.8,HIGH,3.1,0.00132,0.03114,,,,,False,Alta,False,4 - Seguimiento normal,0.0116,0.0116
CVE-2026-52914,2026-06-24,9.8,CRITICAL,3.1,0.00513,0.40696,,,,,False,Crítica,False,3 - Grave pero sin explotación conocida,0.0503,0.0503
CVE-2026-13163,2026-06-24,5.3,MEDIUM,4.0,0.00329,0.25344,,,,,False,Media,False,4 - Seguimiento normal,0.0174,0.0174
CVE-2026-12537,2026-06-24,10.0,CRITICAL,4.0,0.00153,0.04959,,,,,False,Crítica,False,3 - Grave pero sin explotación conocida,0.0153,0.0153
CVE-2026-52968,2026-06-24,8.8,HIGH,3.1,0.00139,0.03659,,,,,False,Alta,False,4 - Seguimiento normal,0.0122,0.0122
CVE-2026-52970,2026-06-24,5.5,MEDIUM,3.1,0.00128,0.02834,,,,,False,Media,False,4 - Seguimiento normal,0.007,0.007
CVE-2026-53042,2026-06-24,5.5,MEDIUM,3.1,0.00121,0.02225,,,,,False,Media,False,4 - Seguimiento normal,0.0067,0.0067
CVE-2026-53081,2026-06-24,7.8,HIGH,3.1,0.00122,0.02367,,,,,False,Alta,False,4 - Seguimiento normal,0.0095,0.0095
CVE-2026-53104,2026-06-24,5.5,MEDIUM,3.1,0.00121,0.02277,,,,,False,Media,False,4 - Seguimiento normal,0.0067,0.0067
CVE-2026-45688,2026-06-24,9.1,CRITICAL,3.1,0.00289,0.2112,,,,,False,Crítica,False,3 - Grave pero sin explotación conocida,0.0263,0.0263
CVE-2026-50551,2026-06-24,9.9,CRITICAL,3.1,0.0044,0.3607,,,,,False,Crítica,False,3 - Grave pero sin explotación conocida,0.0436,0.0436
CVE-2026-54158,2026-06-24,9.9,CRITICAL,3.1,0.00289,0.21129,,,,,False,Crítica,False,3 - Grave pero sin explotación conocida,0.0286,0.0286
CVE-2026-8663,2026-06-25,6.0,MEDIUM,3.1,0.00833,0.53885,,,,,False,Media,False,4 - Seguimiento normal,0.05,0.05
CVE-2026-9780,2026-06-25,8.8,HIGH,3.0,0.0067,0.48239,,,,,False,Alta,False,4 - Seguimiento normal,0.059,0.059
CVE-2026-9702,2026-06-25,7.5,HIGH,3.1,0.00208,0.11144,,,,,False,Alta,False,4 - Seguimiento normal,0.0156,0.0156
CVE-2026-53186,2026-06-25,9.1,CRITICAL,3.1,0.00514,0.40771,,,,,False,Crítica,False,3 - Grave pero sin explotación conocida,0.0468,0.0468
CVE-2026-53268,2026-06-25,8.2,HIGH,3.1,0.00344,0.26921,,,,,False,Alta,False,4 - Seguimiento normal,0.0282,0.0282
CVE-2026-55413,2026-06-25,9.4,CRITICAL,4.0,0.00256,0.17128,,,,,False,Crítica,False,3 - Grave pero sin explotación conocida,0.0241,0.0241
CVE-2026-6094,2026-06-25,6.3,MEDIUM,4.0,0.00295,0.21684,,,,,False,Media,False,4 - Seguimiento normal,0.0186,0.0186
CVE-2026-50549,2026-06-25,9.3,CRITICAL,4.0,0.01267,0.66736,,,,,False,Crítica,False,3 - Grave pero sin explotación conocida,0.1178,0.1178
CVE-2026-57700,2026-06-25,10.0,CRITICAL,3.1,0.00362,0.28815,,,,,False,Crítica,False,3 - Grave pero sin explotación conocida,0.0362,0.0362
CVE-2026-38640,2026-06-25,7.5,HIGH,3.1,0.00446,0.365,,,,,False,Alta,False,4 - Seguimiento normal,0.0335,0.0335
CVE-2026-10098,2026-06-25,6.3,MEDIUM,4.0,0.00121,0.0221,,,,,False,Media,False,4 - Seguimiento normal,0.0076,0.0076
CVE-2026-9219,2026-06-26,8.3,HIGH,4.0,0.00203,0.10517,,,,,False,Alta,False,4 - Seguimiento normal,0.0168,0.0168
CVE-2026-48615,2026-06-26,7.5,HIGH,3.1,0.00421,0.34537,,,,,False,Alta,False,4 - Seguimiento normal,0.0316,0.0316
CVE-2025-64636,2026-06-26,5.3,MEDIUM,3.1,0.00208,0.11083,,,,,False,Media,False,4 - Seguimiento normal,0.011,0.011
CVE-2026-56010,2026-06-26,8.8,HIGH,3.1,0.00378,0.30378,,,,,False,Alta,False,4 - Seguimiento normal,0.0333,0.0333
CVE-2026-57658,2026-06-26,9.1,CRITICAL,3.1,0.0027,0.18929,,,,,False,Crítica,False,3 - Grave pero sin explotación conocida,0.0246,0.0246
CVE-2026-0685,2026-06-26,9.8,CRITICAL,3.1,0.00726,0.5035,,,,,False,Crítica,False,3 - Grave pero sin explotación conocida,0.0711,0.0711
CVE-2026-47207,2026-06-26,6.5,MEDIUM,3.1,0.00293,0.21466,,,,,False,Media,False,4 - Seguimiento normal,0.019,0.019
CVE-2026-47220,2026-06-26,7.5,HIGH,3.1,0.00424,0.34787,,,,,False,Alta,False,4 - Seguimiento normal,0.0318,0.0318
CVE-2026-47193,2026-06-26,7.5,HIGH,3.1,0.00252,0.16747,,,,,False,Alta,False,4 - Seguimiento normal,0.0189,0.0189
CVE-2026-53287,2026-06-26,5.5,MEDIUM,3.1,0.00123,0.02409,,,,,False,Media,False,4 - Seguimiento normal,0.0068,0.0068
CVE-2026-53297,2026-06-26,5.5,MEDIUM,3.1,0.00121,0.0225,,,,,False,Media,False,4 - Seguimiento normal,0.0067,0.0067
CVE-2026-11364,2026-06-27,4.3,MEDIUM,3.1,0.00212,0.11593,,,,,False,Media,False,4 - Seguimiento normal,0.0091,0.0091
CVE-2026-10763,2026-06-30,7.0,HIGH,4.0,0.00253,0.16777,,,,,False,Alta,False,4 - Seguimiento normal,0.0177,0.0177
CVE-2026-12610,2026-06-30,6.4,MEDIUM,3.1,0.00121,0.02294,,,,,False,Media,False,4 - Seguimiento normal,0.0077,0.0077
CVE-2026-10564,2026-06-30,8.2,HIGH,3.1,0.00199,0.10011,,,,,False,Alta,False,4 - Seguimiento normal,0.0163,0.0163
CVE-2025-36359,2026-06-30,8.1,HIGH,3.1,0.00193,0.09233,,,,,False,Alta,False,4 - Seguimiento normal,0.0156,0.0156
CVE-2026-13792,2026-06-30,9.6,CRITICAL,3.1,0.00325,0.24934,,,,,False,Crítica,False,3 - Grave pero sin explotación conocida,0.0312,0.0312
CVE-2026-13823,2026-06-30,8.3,HIGH,3.1,0.00295,0.21682,,,,,False,Alta,False,4 - Seguimiento normal,0.0245,0.0245
CVE-2026-13835,2026-06-30,8.8,HIGH,3.1,0.00325,0.24935,,,,,False,Alta,False,4 - Seguimiento normal,0.0286,0.0286
CVE-2026-13847,2026-06-30,6.5,MEDIUM,3.1,0.00308,0.23037,,,,,False,Media,False,4 - Seguimiento normal,0.02,0.02
CVE-2026-13885,2026-06-30,8.8,HIGH,3.1,0.00374,0.30035,,,,,False,Alta,False,4 - Seguimiento normal,0.0329,0.0329
CVE-2026-13895,2026-06-30,4.2,MEDIUM,3.1,0.00218,0.12443,,,,,False,Media,False,4 - Seguimiento normal,0.0092,0.0092
CVE-2026-13924,2026-06-30,6.5,MEDIUM,3.1,0.00315,0.23813,,,,,False,Media,False,4 - Seguimiento normal,0.0205,0.0205
CVE-2026-13950,2026-06-30,5.3,MEDIUM,3.1,0.00307,0.22999,,,,,False,Media,False,4 - Seguimiento normal,0.0163,0.0163
CVE-2026-13995,2026-06-30,4.3,MEDIUM,3.1,0.00222,0.12846,,,,,False,Media,False,4 - Seguimiento normal,0.0095,0.0095
CVE-2026-14010,2026-06-30,6.5,MEDIUM,3.1,0.00311,0.23399,,,,,False,Media,False,4 - Seguimiento normal,0.0202,0.0202
CVE-2026-14015,2026-06-30,6.5,MEDIUM,3.1,0.00205,0.10696,,,,,False,Media,False,4 - Seguimiento normal,0.0133,0.0133
CVE-2026-14036,2026-06-30,8.8,HIGH,3.1,0.00263,0.17935,,,,,False,Alta,False,4 - Seguimiento normal,0.0231,0.0231
CVE-2026-14046,2026-06-30,4.3,MEDIUM,3.1,0.00181,0.07928,,,,,False,Media,False,4 - Seguimiento normal,0.0078,0.0078
CVE-2026-14109,2026-06-30,9.6,CRITICAL,3.1,0.00263,0.17937,,,,,False,Crítica,False,3 - Grave pero sin explotación conocida,0.0252,0.0252
CVE-2026-14125,2026-06-30,6.5,MEDIUM,3.1,0.00265,0.18298,,,,,False,Media,False,4 - Seguimiento normal,0.0172,0.0172
CVE-2026-56318,2026-06-30,6.9,MEDIUM,4.0,0.00261,0.17732,,,,,False,Media,False,4 - Seguimiento normal,0.018,0.018
CVE-2026-56415,2026-06-30,10.0,CRITICAL,4.0,0.03148,0.86581,,,,,False,Crítica,False,3 - Grave pero sin explotación conocida,0.3148,0.3148
CVE-2026-14193,2026-07-01,7.5,HIGH,3.1,0.00263,0.17956,,,,,False,Alta,False,4 - Seguimiento normal,0.0197,0.0197
CVE-2026-53343,2026-07-01,5.5,MEDIUM,3.1,0.00114,0.01733,,,,,False,Media,False,4 - Seguimiento normal,0.0063,0.0063
CVE-2026-13707,2026-07-01,0.0,NONE,4.0,0.0024,0.15191,,,,,False,Baja,False,4 - Seguimiento normal,0.0,0.0
CVE-2026-58038,2026-07-01,0.0,NONE,4.0,0.00169,0.06541,,,,,False,Baja,False,4 - Seguimiento normal,0.0,0.0
CVE-2026-49087,2026-07-01,6.5,MEDIUM,3.1,0.00251,0.16577,,,,,False,Media,False,4 - Seguimiento normal,0.0163,0.0163
CVE-2026-56148,2026-07-01,6.5,MEDIUM,3.1,0.00347,0.27284,,,,,False,Media,False,4 - Seguimiento normal,0.0226,0.0226
CVE-2026-58452,2026-07-01,8.7,HIGH,4.0,0.02422,0.82467,,,,,False,Alta,False,4 - Seguimiento normal,0.2107,0.2107
CVE-2026-55628,2026-07-01,5.5,MEDIUM,3.1,0.00098,0.00918,,,,,False,Media,False,4 - Seguimiento normal,0.0054,0.0054
CVE-2026-36910,2026-07-01,5.5,MEDIUM,3.1,0.00113,0.01666,,,,,False,Media,False,4 - Seguimiento normal,0.0062,0.0062
CVE-2026-14418,2026-07-01,4.3,MEDIUM,3.1,0.00186,0.08421,,,,,False,Media,False,4 - Seguimiento normal,0.008,0.008
CVE-2026-12472,2026-07-02,5.3,MEDIUM,3.1,0.00283,0.20552,,,,,False,Media,False,4 - Seguimiento normal,0.015,0.015
CVE-2025-69133,2026-07-02,7.5,HIGH,3.1,0.00388,0.31449,,,,,False,Alta,False,4 - Seguimiento normal,0.0291,0.0291
CVE-2026-27426,2026-07-02,7.1,HIGH,3.1,0.00186,0.08441,,,,,False,Alta,False,4 - Seguimiento normal,0.0132,0.0132
CVE-2026-57352,2026-07-02,4.8,MEDIUM,3.1,0.00204,0.10591,,,,,False,Media,False,4 - Seguimiento normal,0.0098,0.0098
CVE-2026-5524,2026-07-02,9.8,CRITICAL,3.1,0.00723,0.50234,,,,,False,Crítica,False,3 - Grave pero sin explotación conocida,0.0709,0.0709
CVE-2022-50973,2026-07-02,9.3,CRITICAL,4.0,0.0086,0.54765,,,,,False,Crítica,False,3 - Grave pero sin explotación conocida,0.08,0.08
CVE-2026-53422,2026-07-02,2.3,LOW,4.0,0.00262,0.17877,,,,,False,Baja,False,4 - Seguimiento normal,0.006,0.006
CVE-2026-38969,2026-07-02,,,,0.0,0.0,,,,,False,Sin puntaje,False,4 - Seguimiento normal,0.0,0.0
CVE-2026-12557,2026-07-03,5.3,MEDIUM,3.1,0.00223,0.13061,,,,,False,Media,False,4 - Seguimiento normal,0.0118,0.0118
CVE-2026-9148,2026-07-03,7.2,HIGH,3.1,0.00292,0.21445,,,,,False,Alta,False,4 - Seguimiento normal,0.021,0.021
CVE-2026-11900,2026-07-03,4.3,MEDIUM,3.1,0.00267,0.18656,,,,,False,Media,False,4 - Seguimiento normal,0.0115,0.0115
CVE-2026-59234,2026-07-03,6.9,MEDIUM,4.0,0.00403,0.32947,,,,,False,Media,False,4 - Seguimiento normal,0.0278,0.0278
CVE-2026-14634,2026-07-04,2.1,LOW,4.0,0.00288,0.20965,,,,,False,Baja,False,4 - Seguimiento normal,0.006,0.006
CVE-2026-14700,2026-07-05,5.5,MEDIUM,4.0,0.00269,0.18827,,,,,False,Media,False,4 - Seguimiento normal,0.0148,0.0148
CVE-2026-10656,2026-07-05,4.6,MEDIUM,3.1,0.00255,0.17024,,,,,False,Media,False,4 - Seguimiento normal,0.0117,0.0117
CVE-2026-14773,2026-07-05,2.1,LOW,4.0,0.00204,0.10632,,,,,False,Baja,False,4 - Seguimiento normal,0.0043,0.0043
CVE-2026-14803,2026-07-06,6.5,MEDIUM,3.1,0.00331,0.25538,,,,,False,Media,False,4 - Seguimiento normal,0.0215,0.0215
CVE-2026-14807,2026-07-06,9.3,CRITICAL,4.0,0.00432,0.35366,,,,,False,Crítica,False,3 - Grave pero sin explotación conocida,0.0402,0.0402
CVE-2026-24012,2026-07-06,7.5,HIGH,3.1,0.00678,0.48561,,,,,False,Alta,False,4 - Seguimiento normal,0.0508,0.0508
CVE-2026-46455,2026-07-06,9.8,CRITICAL,3.1,0.00426,0.3491,,,,,False,Crítica,False,3 - Grave pero sin explotación conocida,0.0417,0.0417
CVE-2026-56140,2026-07-06,9.8,CRITICAL,3.1,0.00427,0.34985,,,,,False,Crítica,False,3 - Grave pero sin explotación conocida,0.0418,0.0418
CVE-2026-58380,2026-07-06,7.3,HIGH,3.1,0.00257,0.17348,,,,,False,Alta,False,4 - Seguimiento normal,0.0188,0.0188
CVE-2025-59617,2026-07-06,6.6,MEDIUM,3.1,0.00065,0.00022,,,,,False,Media,False,4 - Seguimiento normal,0.0043,0.0043
CVE-2026-42172,2026-07-07,3.1,LOW,3.1,0.00188,0.08706,,,,,False,Baja,False,4 - Seguimiento normal,0.0058,0.0058
CVE-2026-26053,2026-07-07,5.3,MEDIUM,3.1,0.00153,0.04881,,,,,False,Media,False,4 - Seguimiento normal,0.0081,0.0081
CVE-2026-48891,2026-07-07,4.3,MEDIUM,3.1,0.00393,0.31894,,,,,False,Media,False,4 - Seguimiento normal,0.0169,0.0169
CVE-2026-14740,2026-07-07,9.1,CRITICAL,3.1,0.00387,0.31312,,,,,False,Crítica,False,3 - Grave pero sin explotación conocida,0.0352,0.0352
CVE-2026-9700,2026-07-08,7.5,HIGH,3.1,0.00273,0.1942,,,,,False,Alta,False,4 - Seguimiento normal,0.0205,0.0205
CVE-2026-55999,2026-07-08,8.5,HIGH,3.1,0.00269,0.18889,,,,,False,Alta,False,4 - Seguimiento normal,0.0229,0.0229
CVE-2026-8310,2026-07-08,6.1,MEDIUM,3.1,0.00149,0.0454,,,,,False,Media,False,4 - Seguimiento normal,0.0091,0.0091
CVE-2026-49146,2026-07-08,7.5,HIGH,3.1,0.00375,0.30101,,,,,False,Alta,False,4 - Seguimiento normal,0.0281,0.0281
CVE-2026-14967,2026-07-08,3.1,LOW,3.1,0.00198,0.09907,,,,,False,Baja,False,4 - Seguimiento normal,0.0061,0.0061
CVE-2026-59869,2026-07-08,7.5,HIGH,3.1,0.00423,0.34737,,,,,False,Alta,False,4 - Seguimiento normal,0.0317,0.0317
CVE-2026-59946,2026-07-08,6.1,MEDIUM,3.1,0.00142,0.03926,,,,,False,Media,False,4 - Seguimiento normal,0.0087,0.0087
CVE-2026-54527,2026-07-08,9.3,CRITICAL,4.0,0.00361,0.28707,,,,,False,Crítica,False,3 - Grave pero sin explotación conocida,0.0336,0.0336
CVE-2026-15109,2026-07-08,6.5,MEDIUM,3.1,0.00216,0.12124,,,,,False,Media,False,4 - Seguimiento normal,0.014,0.014
CVE-2026-6910,2026-07-09,6.4,MEDIUM,3.1,0.00206,0.10891,,,,,False,Media,False,4 - Seguimiento normal,0.0132,0.0132
CVE-2026-4275,2026-07-09,8.8,HIGH,3.1,0.00187,0.08541,,,,,False,Alta,False,4 - Seguimiento normal,0.0165,0.0165
CVE-2026-54799,2026-07-09,8.4,HIGH,4.0,0.00127,0.02748,,,,,False,Alta,False,4 - Seguimiento normal,0.0107,0.0107
CVE-2026-0286,2026-07-09,6.0,MEDIUM,4.0,0.01019,0.5979,,,,,False,Media,False,4 - Seguimiento normal,0.0611,0.0611
CVE-2026-59149,2026-07-09,6.5,MEDIUM,3.1,0.0033,0.25428,,,,,False,Media,False,4 - Seguimiento normal,0.0215,0.0215
CVE-2026-0276,2026-07-09,1.1,LOW,4.0,0.00098,0.00929,,,,,False,Baja,False,4 - Seguimiento normal,0.0011,0.0011
CVE-2026-15270,2026-07-09,6.8,MEDIUM,4.0,0.00443,0.36243,,,,,False,Media,False,4 - Seguimiento normal,0.0301,0.0301
CVE-2026-33802,2026-07-09,6.8,MEDIUM,4.0,0.00092,0.00628,,,,,False,Media,False,4 - Seguimiento normal,0.0063,0.0063
CVE-2026-46413,2026-07-09,6.5,MEDIUM,3.1,0.00366,0.29233,,,,,False,Media,False,4 - Seguimiento normal,0.0238,0.0238
CVE-2026-55689,2026-07-09,6.8,MEDIUM,3.1,0.00301,0.22354,,,,,False,Media,False,4 - Seguimiento normal,0.0205,0.0205
CVE-2026-57024,2026-07-09,6.9,MEDIUM,4.0,0.00246,0.16002,,,,,False,Media,False,4 - Seguimiento normal,0.017,0.017
CVE-2026-54769,2026-07-10,10.0,CRITICAL,3.1,0.00638,0.46894,,,,,False,Crítica,False,3 - Grave pero sin explotación conocida,0.0638,0.0638
CVE-2026-15146,2026-07-10,5.9,MEDIUM,3.1,0.00164,0.06036,,,,,False,Media,False,4 - Seguimiento normal,0.0097,0.0097
CVE-2026-55469,2026-07-10,6.5,MEDIUM,3.1,0.00378,0.30412,,,,,False,Media,False,4 - Seguimiento normal,0.0246,0.0246
CVE-2026-55479,2026-07-10,5.3,MEDIUM,4.0,0.0019,0.08881,,,,,False,Media,False,4 - Seguimiento normal,0.0101,0.0101
CVE-2026-55213,2026-07-10,7.5,HIGH,3.1,0.00344,0.26923,,,,,False,Alta,False,4 - Seguimiento normal,0.0258,0.0258
CVE-2026-57212,2026-07-10,7.1,HIGH,4.0,0.00433,0.3547,,,,,False,Alta,False,4 - Seguimiento normal,0.0307,0.0307
CVE-2026-57220,2026-07-10,7.5,HIGH,3.1,0.00547,0.42589,,,,,False,Alta,False,4 - Seguimiento normal,0.041,0.041
CVE-2026-13231,2026-07-10,6.1,MEDIUM,3.1,0.00181,0.07943,,,,,False,Media,False,4 - Seguimiento normal,0.011,0.011
CVE-2026-15082,2026-07-10,5.4,MEDIUM,3.1,0.00161,0.05727,,,,,False,Media,False,4 - Seguimiento normal,0.0087,0.0087
CVE-2026-15084,2026-07-10,5.4,MEDIUM,3.1,0.00161,0.05727,,,,,False,Media,False,4 - Seguimiento normal,0.0087,0.0087
CVE-2026-8678,2026-07-11,4.3,MEDIUM,3.1,0.00232,0.14245,,,,,False,Media,False,4 - Seguimiento normal,0.01,0.01
CVE-2026-15552,2026-07-13,5.3,MEDIUM,4.0,0.00205,0.10697,,,,,False,Media,False,4 - Seguimiento normal,0.0109,0.0109
CVE-2026-15553,2026-07-13,6.9,MEDIUM,4.0,0.00251,0.16535,,,,,False,Media,False,4 - Seguimiento normal,0.0173,0.0173
CVE-2026-15542,2026-07-13,6.9,MEDIUM,4.0,0.00403,0.32962,,,,,False,Media,False,4 - Seguimiento normal,0.0278,0.0278
CVE-2026-10103,2026-07-13,4.3,MEDIUM,3.1,0.00145,0.04148,,,,,False,Media,False,4 - Seguimiento normal,0.0062,0.0062
CVE-2026-57380,2026-07-13,7.1,HIGH,3.1,0.00175,0.07216,,,,,False,Alta,False,4 - Seguimiento normal,0.0124,0.0124
CVE-2026-57416,2026-07-13,7.1,HIGH,3.1,0.00175,0.07213,,,,,False,Alta,False,4 - Seguimiento normal,0.0124,0.0124
CVE-2026-57719,2026-07-13,10.0,CRITICAL,3.1,0.00347,0.27303,,,,,False,Crítica,False,3 - Grave pero sin explotación conocida,0.0347,0.0347
CVE-2026-57768,2026-07-13,8.2,HIGH,3.1,0.00221,0.12796,,,,,False,Alta,False,4 - Seguimiento normal,0.0181,0.0181
CVE-2026-57781,2026-07-13,5.3,MEDIUM,3.1,0.00208,0.11083,,,,,False,Media,False,4 - Seguimiento normal,0.011,0.011
CVE-2026-57783,2026-07-13,6.5,MEDIUM,3.1,0.00156,0.05219,,,,,False,Media,False,4 - Seguimiento normal,0.0101,0.0101
CVE-2026-57805,2026-07-13,7.5,HIGH,3.1,0.003,0.22246,,,,,False,Alta,False,4 - Seguimiento normal,0.0225,0.0225
CVE-2026-57812,2026-07-13,6.5,MEDIUM,3.1,0.00191,0.09008,,,,,False,Media,False,4 - Seguimiento normal,0.0124,0.0124
CVE-2026-61968,2026-07-13,5.4,MEDIUM,3.1,0.0017,0.06618,,,,,False,Media,False,4 - Seguimiento normal,0.0092,0.0092
CVE-2026-61500,2026-07-13,9.3,CRITICAL,4.0,0.00747,0.51093,,,,,False,Crítica,False,3 - Grave pero sin explotación conocida,0.0695,0.0695
CVE-2026-55772,2026-07-13,8.8,HIGH,3.1,0.00272,0.19368,,,,,False,Alta,False,4 - Seguimiento normal,0.0239,0.0239
CVE-2026-48363,2026-07-13,8.2,HIGH,3.1,0.00158,0.05421,,,,,False,Alta,False,4 - Seguimiento normal,0.013,0.013
CVE-2026-62188,2026-07-13,8.6,HIGH,4.0,0.00213,0.11743,,,,,False,Alta,False,4 - Seguimiento normal,0.0183,0.0183
CVE-2026-62192,2026-07-13,7.2,HIGH,4.0,0.00233,0.14309,,,,,False,Alta,False,4 - Seguimiento normal,0.0168,0.0168
CVE-2026-44753,2026-07-14,3.7,LOW,3.1,0.0022,0.12608,,,,,False,Baja,False,4 - Seguimiento normal,0.0081,0.0081
CVE-2026-55954,2026-07-14,9.1,CRITICAL,4.0,0.00411,0.33633,,,,,False,Crítica,False,3 - Grave pero sin explotación conocida,0.0374,0.0374
CVE-2026-9127,2026-07-14,7.3,HIGH,4.0,0.0011,0.015,,,,,False,Alta,False,4 - Seguimiento normal,0.008,0.008
CVE-2026-14646,2026-07-14,4.9,MEDIUM,4.0,0.00265,0.18271,,,,,False,Media,False,4 - Seguimiento normal,0.013,0.013
CVE-2026-15427,2026-07-14,8.6,HIGH,4.0,0.005,0.39902,,,,,False,Alta,False,4 - Seguimiento normal,0.043,0.043
CVE-2026-50308,2026-07-14,7.8,HIGH,3.1,0.0036,0.28591,,,,,False,Alta,False,4 - Seguimiento normal,0.0281,0.0281
CVE-2026-50653,2026-07-14,7.5,HIGH,3.1,0.0078,0.52156,,,,,False,Alta,False,4 - Seguimiento normal,0.0585,0.0585
CVE-2026-54112,2026-07-14,7.8,HIGH,3.1,0.00153,0.04892,,,,,False,Alta,False,4 - Seguimiento normal,0.0119,0.0119
CVE-2026-56155,2026-07-14,7.8,HIGH,3.1,0.02333,0.81772,Microsoft,Active Directory Federation Services,2026-07-14,Unknown,True,Alta,False,1 - Explotada activamente,0.182,10.0
CVE-2026-45066,2026-07-14,2.3,LOW,4.0,0.00298,0.22007,,,,,False,Baja,False,4 - Seguimiento normal,0.0069,0.0069
CVE-2026-50335,2026-07-14,7.8,HIGH,3.1,0.00278,0.19981,,,,,False,Alta,False,4 - Seguimiento normal,0.0217,0.0217
CVE-2026-50392,2026-07-14,7.0,HIGH,3.1,0.0022,0.12585,,,,,False,Alta,False,4 - Seguimiento normal,0.0154,0.0154
CVE-2026-50460,2026-07-14,8.1,HIGH,3.1,0.00506,0.40262,,,,,False,Alta,False,4 - Seguimiento normal,0.041,0.041
CVE-2026-50487,2026-07-14,8.1,HIGH,3.1,0.00738,0.50773,,,,,False,Alta,False,4 - Seguimiento normal,0.0598,0.0598
CVE-2026-50502,2026-07-14,8.0,HIGH,3.1,0.006,0.45131,,,,,False,Alta,False,4 - Seguimiento normal,0.048,0.048
CVE-2026-50688,2026-07-14,7.8,HIGH,3.1,0.01719,0.75086,,,,,False,Alta,False,4 - Seguimiento normal,0.1341,0.1341
CVE-2026-54131,2026-07-14,7.8,HIGH,3.1,0.00303,0.22571,,,,,False,Alta,False,4 - Seguimiento normal,0.0236,0.0236
CVE-2026-55041,2026-07-14,7.8,HIGH,3.1,0.00303,0.22572,,,,,False,Alta,False,4 - Seguimiento normal,0.0236,0.0236
CVE-2026-55128,2026-07-14,7.8,HIGH,3.1,0.00303,0.22566,,,,,False,Alta,False,4 - Seguimiento normal,0.0236,0.0236
CVE-2026-56643,2026-07-14,7.8,HIGH,3.1,0.00311,0.2338,,,,,False,Alta,False,4 - Seguimiento normal,0.0243,0.0243
CVE-2026-47995,2026-07-14,8.1,HIGH,3.1,0.00269,0.18919,,,,,False,Alta,False,4 - Seguimiento normal,0.0218,0.0218
CVE-2026-50648,2026-07-14,7.5,HIGH,3.1,0.0084,0.54098,,,,,False,Alta,False,4 - Seguimiento normal,0.063,0.063
CVE-2026-15738,2026-07-14,5.8,MEDIUM,4.0,0.00373,0.2991,,,,,False,Media,False,4 - Seguimiento normal,0.0216,0.0216
CVE-2026-15772,2026-07-14,8.3,HIGH,3.1,0.00218,0.12451,,,,,False,Alta,False,4 - Seguimiento normal,0.0181,0.0181
CVE-2026-24229,2026-07-14,7.3,HIGH,3.1,0.00121,0.02282,,,,,False,Alta,False,4 - Seguimiento normal,0.0088,0.0088
CVE-2026-48319,2026-07-14,9.1,CRITICAL,3.1,0.26956,0.97833,,,,,False,Crítica,True,2 - Explotación probable,2.453,2.453
CVE-2026-46639,2026-07-14,7.1,HIGH,4.0,0.00351,0.27685,,,,,False,Alta,False,4 - Seguimiento normal,0.0249,0.0249
CVE-2026-48805,2026-07-14,5.3,MEDIUM,4.0,0.0027,0.19017,,,,,False,Media,False,4 - Seguimiento normal,0.0143,0.0143
CVE-2025-56365,2026-07-14,7.5,HIGH,3.1,0.00362,0.28813,,,,,False,Alta,False,4 - Seguimiento normal,0.0272,0.0272
CVE-2026-14251,2026-07-15,7.7,HIGH,3.1,0.00223,0.13012,,,,,False,Alta,False,4 - Seguimiento normal,0.0172,0.0172
CVE-2026-54562,2026-07-15,6.5,MEDIUM,3.1,0.00244,0.15696,,,,,False,Media,False,4 - Seguimiento normal,0.0159,0.0159
CVE-2026-60065,2026-07-15,6.3,MEDIUM,4.0,0.00265,0.18228,,,,,False,Media,False,4 - Seguimiento normal,0.0167,0.0167
CVE-2026-20187,2026-07-15,7.5,HIGH,3.1,0.00252,0.16688,,,,,False,Alta,False,4 - Seguimiento normal,0.0189,0.0189
CVE-2026-62178,2026-07-15,,,,0.0,0.0,,,,,False,Sin puntaje,False,4 - Seguimiento normal,0.0,0.0
CVE-2026-10673,2026-07-15,8.3,HIGH,3.1,0.00233,0.14264,,,,,False,Alta,False,4 - Seguimiento normal,0.0193,0.0193
CVE-2026-40956,2026-07-15,2.1,LOW,4.0,0.00171,0.06755,,,,,False,Baja,False,4 - Seguimiento normal,0.0036,0.0036
CVE-2026-59950,2026-07-15,7.6,HIGH,4.0,0.00149,0.04565,,,,,False,Alta,False,4 - Seguimiento normal,0.0113,0.0113
CVE-2026-54458,2026-07-15,9.6,CRITICAL,3.1,0.00303,0.2263,,,,,False,Crítica,False,3 - Grave pero sin explotación conocida,0.0291,0.0291
CVE-2026-7543,2026-07-16,7.2,HIGH,3.1,0.0019,0.08947,,,,,False,Alta,False,4 - Seguimiento normal,0.0137,0.0137
CVE-2026-35149,2026-07-16,8.2,HIGH,3.1,0.00247,0.16103,,,,,False,Alta,False,4 - Seguimiento normal,0.0203,0.0203
CVE-2026-55440,2026-07-16,6.5,MEDIUM,3.1,0.0066,0.47858,,,,,False,Media,False,4 - Seguimiento normal,0.0429,0.0429
CVE-2026-47083,2026-07-16,4.3,MEDIUM,3.1,0.00194,0.09358,,,,,False,Media,False,4 - Seguimiento normal,0.0083,0.0083
CVE-2026-47089,2026-07-16,4.3,MEDIUM,3.1,0.00178,0.07554,,,,,False,Media,False,4 - Seguimiento normal,0.0077,0.0077
CVE-2026-62223,2026-07-17,7.7,HIGH,4.0,0.00248,0.16179,,,,,False,Alta,False,4 - Seguimiento normal,0.0191,0.0191
CVE-2026-62226,2026-07-17,5.1,MEDIUM,4.0,0.00241,0.15408,,,,,False,Media,False,4 - Seguimiento normal,0.0123,0.0123
CVE-2026-13765,2026-07-17,7.5,HIGH,3.1,0.00388,0.31444,,,,,False,Alta,False,4 - Seguimiento normal,0.0291,0.0291
CVE-2026-15380,2026-07-17,5.1,MEDIUM,4.0,0.00117,0.01937,,,,,False,Media,False,4 - Seguimiento normal,0.006,0.006
CVE-2026-58148,2026-07-17,8.7,HIGH,4.0,0.00318,0.24117,,,,,False,Alta,False,4 - Seguimiento normal,0.0277,0.0277
CVE-2026-47183,2026-07-17,6.5,MEDIUM,3.1,0.00241,0.15427,,,,,False,Media,False,4 - Seguimiento normal,0.0157,0.0157
CVE-2026-47184,2026-07-17,6.5,MEDIUM,3.1,0.00241,0.15427,,,,,False,Media,False,4 - Seguimiento normal,0.0157,0.0157
CVE-2026-49835,2026-07-17,5.9,MEDIUM,3.1,0.00427,0.35039,,,,,False,Media,False,4 - Seguimiento normal,0.0252,0.0252
CVE-2026-15995,2026-07-17,5.4,MEDIUM,3.1,0.00127,0.02762,,,,,False,Media,False,4 - Seguimiento normal,0.0069,0.0069
CVE-2026-54464,2026-07-17,6.3,MEDIUM,4.0,0.00324,0.24815,,,,,False,Media,False,4 - Seguimiento normal,0.0204,0.0204
CVE-2026-54244,2026-07-17,3.5,LOW,3.1,0.00174,0.07074,,,,,False,Baja,False,4 - Seguimiento normal,0.0061,0.0061
CVE-2026-56740,2026-07-17,7.5,HIGH,3.1,0.00504,0.40204,,,,,False,Alta,False,4 - Seguimiento normal,0.0378,0.0378
CVE-2026-63813,2026-07-19,7.8,HIGH,3.1,0.00119,0.02084,,,,,False,Alta,False,4 - Seguimiento normal,0.0093,0.0093
CVE-2026-63828,2026-07-19,8.4,HIGH,3.1,0.00124,0.02537,,,,,False,Alta,False,4 - Seguimiento normal,0.0104,0.0104
CVE-2026-63911,2026-07-19,7.8,HIGH,3.1,0.00157,0.05301,,,,,False,Alta,False,4 - Seguimiento normal,0.0122,0.0122
CVE-2026-63958,2026-07-19,,,,0.00206,0.10819,,,,,False,Sin puntaje,False,4 - Seguimiento normal,0.0,0.0
CVE-2026-64001,2026-07-19,,,,0.00168,0.06429,,,,,False,Sin puntaje,False,4 - Seguimiento normal,0.0,0.0
CVE-2026-64059,2026-07-19,,,,0.00168,0.06425,,,,,False,Sin puntaje,False,4 - Seguimiento normal,0.0,0.0
CVE-2026-64075,2026-07-19,,,,0.00166,0.06203,,,,,False,Sin puntaje,False,4 - Seguimiento normal,0.0,0.0
CVE-2026-64087,2026-07-19,,,,0.00184,0.08314,,,,,False,Sin puntaje,False,4 - Seguimiento normal,0.0,0.0
CVE-2026-64092,2026-07-19,,,,0.0018,0.0788,,,,,False,Sin puntaje,False,4 - Seguimiento normal,0.0,0.0
CVE-2026-64131,2026-07-19,,,,0.00172,0.06891,,,,,False,Sin puntaje,False,4 - Seguimiento normal,0.0,0.0
CVE-2026-64165,2026-07-19,,,,0.00172,0.06873,,,,,False,Sin puntaje,False,4 - Seguimiento normal,0.0,0.0
CVE-2026-64166,2026-07-19,,,,0.00168,0.06519,,,,,False,Sin puntaje,False,4 - Seguimiento normal,0.0,0.0
CVE-2026-64186,2026-07-19,,,,0.00155,0.0512,,,,,False,Sin puntaje,False,4 - Seguimiento normal,0.0,0.0
CVE-2026-16235,2026-07-20,9.8,CRITICAL,3.1,0.00357,0.28309,,,,,False,Crítica,False,3 - Grave pero sin explotación conocida,0.035,0.035
CVE-2026-63742,2026-07-20,5.3,MEDIUM,4.0,0.00211,0.11496,,,,,False,Media,False,4 - Seguimiento normal,0.0112,0.0112
CVE-2026-63748,2026-07-20,5.3,MEDIUM,4.0,0.00193,0.09294,,,,,False,Media,False,4 - Seguimiento normal,0.0102,0.0102
CVE-2026-63754,2026-07-20,7.1,HIGH,4.0,0.00254,0.16978,,,,,False,Alta,False,4 - Seguimiento normal,0.018,0.018
CVE-2026-63763,2026-07-20,7.5,HIGH,4.0,0.00273,0.1945,,,,,False,Alta,False,4 - Seguimiento normal,0.0205,0.0205
CVE-2026-46516,2026-07-20,4.8,MEDIUM,4.0,0.00261,0.17708,,,,,False,Media,False,4 - Seguimiento normal,0.0125,0.0125
CVE-2026-52349,2026-07-20,7.8,HIGH,3.1,0.00253,0.16789,,,,,False,Alta,False,4 - Seguimiento normal,0.0197,0.0197
CVE-2026-35217,2026-07-20,6.5,MEDIUM,3.1,0.00194,0.0938,,,,,False,Media,False,4 - Seguimiento normal,0.0126,0.0126
CVE-2026-35590,2026-07-20,6.8,MEDIUM,4.0,0.0012,0.02125,,,,,False,Media,False,4 - Seguimiento normal,0.0082,0.0082
CVE-2026-44509,2026-07-20,,,,0.0,0.0,,,,,False,Sin puntaje,False,4 - Seguimiento normal,0.0,0.0
CVE-2026-59776,2026-07-21,7.0,HIGH,4.0,0.00143,0.04001,,,,,False,Alta,False,4 - Seguimiento normal,0.01,0.01
CVE-2023-37508,2026-07-21,2.3,LOW,4.0,0.00204,0.106,,,,,False,Baja,False,4 - Seguimiento normal,0.0047,0.0047
CVE-2026-16355,2026-07-21,9.8,CRITICAL,3.1,0.00405,0.3317,,,,,False,Crítica,False,3 - Grave pero sin explotación conocida,0.0397,0.0397
CVE-2024-5300,2026-07-21,5.6,MEDIUM,3.1,0.00099,0.00969,,,,,False,Media,False,4 - Seguimiento normal,0.0055,0.0055
CVE-2026-28316,2026-07-21,9.1,CRITICAL,3.1,0.0128,0.67022,,,,,False,Crítica,False,3 - Grave pero sin explotación conocida,0.1165,0.1165
CVE-2026-47417,2026-07-21,8.1,HIGH,3.1,0.00209,0.11207,,,,,False,Alta,False,4 - Seguimiento normal,0.0169,0.0169
CVE-2026-65065,2026-07-21,5.5,MEDIUM,3.1,0.00123,0.02491,,,,,False,Media,False,4 - Seguimiento normal,0.0068,0.0068
CVE-2026-30633,2026-07-21,7.5,HIGH,3.1,0.00659,0.47789,,,,,False,Alta,False,4 - Seguimiento normal,0.0494,0.0494
CVE-2026-64822,2026-07-21,6.9,MEDIUM,4.0,0.00247,0.16071,,,,,False,Media,False,4 - Seguimiento normal,0.017,0.017
CVE-2026-65055,2026-07-21,6.9,MEDIUM,4.0,0.00251,0.16581,,,,,False,Media,False,4 - Seguimiento normal,0.0173,0.0173
CVE-2026-65057,2026-07-21,9.2,CRITICAL,4.0,0.00246,0.15905,,,,,False,Crítica,False,3 - Grave pero sin explotación conocida,0.0226,0.0226
CVE-2026-35290,2026-07-21,9.8,CRITICAL,3.1,0.00473,0.38277,,,,,False,Crítica,False,3 - Grave pero sin explotación conocida,0.0464,0.0464
CVE-2026-60143,2026-07-21,7.3,HIGH,3.1,0.00288,0.21067,,,,,False,Alta,False,4 - Seguimiento normal,0.021,0.021
CVE-2026-60147,2026-07-21,6.5,MEDIUM,3.1,0.00262,0.17904,,,,,False,Media,False,4 - Seguimiento normal,0.017,0.017
CVE-2026-60154,2026-07-21,5.4,MEDIUM,3.1,0.00221,0.12746,,,,,False,Media,False,4 - Seguimiento normal,0.0119,0.0119
CVE-2026-60221,2026-07-21,9.8,CRITICAL,3.1,0.00354,0.28057,,,,,False,Crítica,False,3 - Grave pero sin explotación conocida,0.0347,0.0347
CVE-2026-60222,2026-07-21,8.1,HIGH,3.1,0.00366,0.29181,,,,,False,Alta,False,4 - Seguimiento normal,0.0296,0.0296
CVE-2026-60260,2026-07-21,5.3,MEDIUM,3.1,0.00316,0.23902,,,,,False,Media,False,4 - Seguimiento normal,0.0167,0.0167
CVE-2026-60286,2026-07-21,9.8,CRITICAL,3.1,0.00473,0.38284,,,,,False,Crítica,False,3 - Grave pero sin explotación conocida,0.0464,0.0464
CVE-2026-60301,2026-07-21,7.5,HIGH,3.1,0.0045,0.36795,,,,,False,Alta,False,4 - Seguimiento normal,0.0337,0.0337
CVE-2026-60400,2026-07-21,8.8,HIGH,3.1,0.00286,0.20848,,,,,False,Alta,False,4 - Seguimiento normal,0.0252,0.0252
CVE-2026-60420,2026-07-21,8.5,HIGH,3.1,0.00278,0.19962,,,,,False,Alta,False,4 - Seguimiento normal,0.0236,0.0236
CVE-2026-60422,2026-07-21,9.9,CRITICAL,3.1,0.00265,0.18239,,,,,False,Crítica,False,3 - Grave pero sin explotación conocida,0.0262,0.0262
CVE-2026-60497,2026-07-21,7.5,HIGH,3.1,0.00301,0.2231,,,,,False,Alta,False,4 - Seguimiento normal,0.0226,0.0226
CVE-2026-60567,2026-07-21,9.1,CRITICAL,3.1,0.00303,0.22516,,,,,False,Crítica,False,3 - Grave pero sin explotación conocida,0.0276,0.0276
CVE-2026-60605,2026-07-21,7.5,HIGH,3.1,0.00398,0.32436,,,,,False,Alta,False,4 - Seguimiento normal,0.0299,0.0299
CVE-2026-60645,2026-07-21,7.2,HIGH,3.1,0.00465,0.37794,,,,,False,Alta,False,4 - Seguimiento normal,0.0335,0.0335
CVE-2026-60816,2026-07-21,5.3,MEDIUM,3.1,0.00211,0.11441,,,,,False,Media,False,4 - Seguimiento normal,0.0112,0.0112
CVE-2026-60827,2026-07-21,7.4,HIGH,3.1,0.00286,0.20784,,,,,False,Alta,False,4 - Seguimiento normal,0.0212,0.0212
CVE-2026-60862,2026-07-21,6.8,MEDIUM,3.1,0.00361,0.28683,,,,,False,Media,False,4 - Seguimiento normal,0.0245,0.0245
CVE-2026-60875,2026-07-21,8.1,HIGH,3.1,0.00326,0.25059,,,,,False,Alta,False,4 - Seguimiento normal,0.0264,0.0264
CVE-2026-60910,2026-07-21,7.2,HIGH,3.1,0.0034,0.2648,,,,,False,Alta,False,4 - Seguimiento normal,0.0245,0.0245
CVE-2026-60932,2026-07-21,8.8,HIGH,3.1,0.00417,0.34209,,,,,False,Alta,False,4 - Seguimiento normal,0.0367,0.0367
CVE-2026-61027,2026-07-21,7.2,HIGH,3.1,0.00316,0.23974,,,,,False,Alta,False,4 - Seguimiento normal,0.0228,0.0228
CVE-2026-61060,2026-07-21,5.4,MEDIUM,3.1,0.00221,0.12747,,,,,False,Media,False,4 - Seguimiento normal,0.0119,0.0119
CVE-2026-61167,2026-07-21,9.8,CRITICAL,3.1,0.0045,0.36766,,,,,False,Crítica,False,3 - Grave pero sin explotación conocida,0.0441,0.0441
CVE-2026-61182,2026-07-21,6.7,MEDIUM,3.1,0.00117,0.0192,,,,,False,Media,False,4 - Seguimiento normal,0.0078,0.0078
CVE-2026-61297,2026-07-21,8.1,HIGH,3.1,0.00326,0.25058,,,,,False,Alta,False,4 - Seguimiento normal,0.0264,0.0264
CVE-2026-62445,2026-07-21,8.1,HIGH,3.1,0.00326,0.25062,,,,,False,Alta,False,4 - Seguimiento normal,0.0264,0.0264
CVE-2026-62521,2026-07-21,7.5,HIGH,3.1,0.00377,0.3036,,,,,False,Alta,False,4 - Seguimiento normal,0.0283,0.0283
CVE-2026-62525,2026-07-21,6.3,MEDIUM,3.1,0.00189,0.08862,,,,,False,Media,False,4 - Seguimiento normal,0.0119,0.0119
CVE-2026-63262,2026-07-22,4.3,MEDIUM,3.1,0.00162,0.05793,,,,,False,Media,False,4 - Seguimiento normal,0.007,0.007
CVE-2026-12968,2026-07-22,8.8,HIGH,3.1,0.00292,0.21355,,,,,False,Alta,False,4 - Seguimiento normal,0.0257,0.0257
CVE-2026-65599,2026-07-22,5.1,MEDIUM,4.0,0.00167,0.06291,,,,,False,Media,False,4 - Seguimiento normal,0.0085,0.0085
CVE-2026-64831,2026-07-22,8.7,HIGH,4.0,0.0048,0.3871,,,,,False,Alta,False,4 - Seguimiento normal,0.0418,0.0418
CVE-2026-60372,2026-07-22,9.8,CRITICAL,3.1,0.0031,0.23356,,,,,False,Crítica,False,3 - Grave pero sin explotación conocida,0.0304,0.0304
CVE-2026-14282,2026-07-23,9.8,CRITICAL,3.1,0.00671,0.48266,,,,,False,Crítica,False,3 - Grave pero sin explotación conocida,0.0658,0.0658
CVE-2025-68081,2026-07-23,5.9,MEDIUM,3.1,0.00172,0.06865,,,,,False,Media,False,4 - Seguimiento normal,0.0101,0.0101
CVE-2026-57716,2026-07-23,5.3,MEDIUM,3.1,0.00278,0.20049,,,,,False,Media,False,4 - Seguimiento normal,0.0147,0.0147
CVE-2026-59555,2026-07-23,10.0,CRITICAL,3.1,0.0038,0.30665,,,,,False,Crítica,False,3 - Grave pero sin explotación conocida,0.038,0.038
CVE-2026-65490,2026-07-23,5.3,MEDIUM,3.1,0.00251,0.1658,,,,,False,Media,False,4 - Seguimiento normal,0.0133,0.0133
CVE-2026-65496,2026-07-23,4.4,MEDIUM,3.1,0.00161,0.05654,,,,,False,Media,False,4 - Seguimiento normal,0.0071,0.0071
CVE-2026-65514,2026-07-23,6.5,MEDIUM,3.1,0.00161,0.05666,,,,,False,Media,False,4 - Seguimiento normal,0.0105,0.0105
CVE-2026-50044,2026-07-23,7.6,HIGH,4.0,0.00084,0.00358,,,,,False,Alta,False,4 - Seguimiento normal,0.0064,0.0064
CVE-2026-12877,2026-07-24,9.1,CRITICAL,3.1,0.00238,0.14982,,,,,False,Crítica,False,3 - Grave pero sin explotación conocida,0.0217,0.0217
CVE-2026-64251,2026-07-24,7.8,HIGH,3.1,0.00157,0.05266,,,,,False,Alta,False,4 - Seguimiento normal,0.0122,0.0122
CVE-2026-54342,2026-07-24,8.1,HIGH,3.1,0.00125,0.02625,,,,,False,Alta,False,4 - Seguimiento normal,0.0101,0.0101
CVE-2026-61884,2026-07-24,9.3,CRITICAL,4.0,0.00664,0.47977,,,,,False,Crítica,False,3 - Grave pero sin explotación conocida,0.0618,0.0618
CVE-2026-64343,2026-07-25,,,,0.00177,0.07456,,,,,False,Sin puntaje,False,4 - Seguimiento normal,0.0,0.0
CVE-2026-64351,2026-07-25,,,,0.00185,0.0841,,,,,False,Sin puntaje,False,4 - Seguimiento normal,0.0,0.0
CVE-2026-64396,2026-07-25,8.8,HIGH,3.1,0.00173,0.06927,,,,,False,Alta,False,4 - Seguimiento normal,0.0152,0.0152
CVE-2026-64450,2026-07-25,9.1,CRITICAL,3.1,0.00184,0.08315,,,,,False,Crítica,False,3 - Grave pero sin explotación conocida,0.0167,0.0167
CVE-2026-64462,2026-07-25,,,,0.00184,0.08312,,,,,False,Sin puntaje,False,4 - Seguimiento normal,0.0,0.0
CVE-2026-64502,2026-07-25,7.8,HIGH,3.1,0.00155,0.05118,,,,,False,Alta,False,4 - Seguimiento normal,0.0121,0.0121
CVE-2026-64526,2026-07-25,,,,0.00154,0.05057,,,,,False,Sin puntaje,False,4 - Seguimiento normal,0.0,0.0
